OrderDate,OrderID,DeliveryDate,CustomerID,Location,Zone,DeliveryType,ProductCategory,SubCategory,Product,UnitPrice,ShippingFee,OrderQuantity,SalePrice,Status,Rating,Reason,Customer_age,Delivery_days
2019-03-20,1,2019-03-29,487,Upper East,South,Standard Delivery,Health and beauty,Makeup,Maybelline Foundation,1452.35,6.0,3,4363.05,Delivered,3,,36,9
2018-02-11,2,2018-02-15,729,Volta,Central,Shipped from Abroad,Phones and Tablet,Tablets,Amazon Fire HD 8 Kids Tablet,78.36,18.14,3,253.22,Returned,1,Not as expected,61,4
2018-02-16,3,2018-02-21,539,Upper East,South,Standard Delivery,Fashion,Clothing,100% Cotton 4 Piece T-Shirts,266.56,11.75,4,1077.99,Delivered,1,,60,5
2016-03-13,4,2016-03-18,553,Greater Accra,North,Express,Home and Office,Furniture,Ergonomic Office Chair,1181.16,38.49,2,2400.81,Delivered,4,,59,5
2018-10-07,5,2018-10-14,808,Weija,North,Shipped from Abroad,Home and Office,Stationery,Moleskine Notebook,718.89,18.57,5,3613.02,Delivered,1,,51,7
2019-10-19,6,2019-11-05,355,Oti,Central,Express,Phones and Tablet,Mobile phones,iPhone 12,1118.12,33.01,1,1151.13,Returned,2,Not as expected,63,17
2019-02-06,7,2019-02-11,159,Western,East,Express,Home and Office,Furniture,8 Cubes Plastic Wardrobe,1308.97,18.08,1,1327.05,Delivered,4,,49,5
2015-04-12,8,2015-04-27,180,Ashanti,East,Express,Health and beauty,Makeup,Maybelline Foundation,886.89,30.26,3,2690.93,Delivered,1,,67,15
2015-09-12,9,2015-09-24,334,Oti,South,Express,Health and beauty,Makeup,MAC Lipstick,1216.1,47.39,3,3695.69,Delivered,2,,23,12
2020-10-01,10,2020-10-20,960,Upper East,North,Shipped from Abroad,Fashion,Shoes,Adidas Ultraboost,950.68,39.54,4,3842.26,Delivered,2,,49,19
2017-06-13,11,2017-07-01,980,Weija,East,Shipped from Abroad,Fashion,Accessories,Polarized Sunglasses,663.24,35.92,5,3352.12,Delivered,3,,45,18
2017-08-29,12,2017-09-07,827,Weija,South,Standard Delivery,Home and Office,Furniture,8 Cubes Plastic Wardrobe,779.67,41.8,4,3160.48,Delivered,2,,41,9
2016-05-01,13,2016-05-05,72,Volta,Central,Standard Delivery,Electronics,Digital Cameras,Sony Alpha a6000,1440.66,31.53,3,4353.51,Delivered,4,,49,4
2019-11-03,14,2019-11-13,614,Weija,South,Standard Delivery,Fashion,Shoes,Adidas Ultraboost,1439.5,5.0,3,4323.5,Delivered,3,,21,10
2015-02-14,15,2015-02-19,978,Ashanti,West,Shipped from Abroad,Fashion,Clothing,100% Cotton 4 Piece T-Shirts,949.29,44.42,2,1943.0,Delivered,3,,29,5
2016-06-17,16,2016-06-25,637,Greater Accra,South,Express,Home and Office,Stationery,Moleskine Notebook,416.3,30.38,1,446.68,Returned,2,Not as expected,52,8
2018-11-04,17,2018-11-16,749,Greater Accra,North,Standard Delivery,Electronics,Home Theatre,LG Soundbar,561.5,38.38,2,1161.38,Delivered,3,,39,12
2015-12-18,18,2016-01-05,137,Ashanti,Central,Standard Delivery,Fashion,Clothing,Men's Denim Jacket,1448.01,38.89,2,2934.91,Returned,1,Arrived Late,42,18
2020-08-19,19,2020-09-04,408,Greater Accra,South,Shipped from Abroad,Electronics,Smartwatches,Samsung Galaxy Watch 3,957.66,29.46,5,4817.76,Delivered,1,,49,16
2019-11-01,20,2019-11-06,852,Oti,Central,Standard Delivery,Health and beauty,Personal Care,Aichun Beauty Essential Oil,353.27,28.06,2,734.6,Delivered,2,,52,5
2018-03-04,21,2018-03-17,534,Greater Accra,West,Shipped from Abroad,Phones and Tablet,Tablets,iPad Air 4th Gen,407.92,11.28,4,1642.96,Delivered,4,,52,13
2015-05-10,22,2015-05-27,753,Greater Accra,East,Express,Phones and Tablet,Mobile phones,Samsung Galaxy A02,181.11,29.49,4,753.93,Returned,2,Defective,33,17
2016-10-26,23,2016-11-12,463,Weija,Central,Express,Fashion,Clothing,Men's Denim Jacket,1301.17,20.33,4,5225.01,Returned,1,Arrived Late,55,17
2018-06-14,24,2018-07-01,843,Ashanti,Central,Standard Delivery,Home and Office,Furniture,8 Cubes Plastic Wardrobe,792.24,25.01,1,817.25,Delivered,5,,18,17
2017-09-20,25,2017-10-01,920,Upper East,North,Shipped from Abroad,Phones and Tablet,Mobile phones,Samsung Galaxy A02,1024.43,31.19,2,2080.05,Delivered,2,,50,11
2015-05-27,26,2015-06-14,708,Western,West,Express,Home and Office,Furniture,Ergonomic Office Chair,33.16,37.86,5,203.66,Delivered,3,,49,18
2015-04-04,27,2015-04-17,449,Weija,East,Standard Delivery,Health and beauty,Personal Care,Aichun Beauty Essential Oil,915.1,32.27,1,947.37,Delivered,4,,39,13
2015-09-29,28,2015-10-13,166,Oti,South,Standard Delivery,Electronics,Home Theatre,Sony 5.1 Home Theatre,1424.11,34.15,4,5730.59,Delivered,4,,36,14
2017-09-19,29,2017-10-01,866,Volta,North,Express,Fashion,Accessories,Leather Wallet,594.28,24.76,1,619.04,Delivered,4,,50,12
2018-07-25,30,2018-07-29,523,Western,North,Shipped from Abroad,Home and Office,Stationery,Parker Pen,66.92,16.9,3,217.66,Delivered,2,,29,4
2018-05-14,31,2018-05-28,393,Weija,North,Standard Delivery,Phones and Tablet,Tablets,iPad Air 4th Gen,891.41,31.63,4,3597.27,Delivered,4,,30,14
2016-12-17,32,2017-01-01,256,Western,South,Standard Delivery,Phones and Tablet,Mobile phones,iPhone 12,1409.76,34.94,4,5673.98,Returned,1,Arrived Late,67,15
2019-01-24,33,2019-02-01,302,Oti,North,Standard Delivery,Electronics,Smartwatches,Apple Watch Series 6,862.07,45.24,4,3493.52,Delivered,3,,27,8
2015-04-13,34,2015-04-21,498,Western,Central,Standard Delivery,Fashion,Shoes,Adidas Ultraboost,1179.18,33.77,1,1212.95,Delivered,3,,70,8
2018-04-17,35,2018-04-29,452,Volta,West,Shipped from Abroad,Health and beauty,Makeup,Maybelline Foundation,857.42,26.93,3,2599.19,Delivered,2,,60,12
2017-03-19,36,2017-04-05,729,Greater Accra,East,Standard Delivery,Electronics,Digital Cameras,Canon EOS 600D 18MP CMOS DSLR,52.36,37.38,4,246.82,Delivered,2,,61,17
2016-07-14,37,2016-07-16,596,Oti,Central,Shipped from Abroad,Electronics,Smartwatches,Samsung Galaxy Watch 3,1136.44,32.7,1,1169.14,Delivered,2,,62,2
2016-06-27,38,2016-07-05,877,Western,South,Express,Fashion,Clothing,Men's Denim Jacket,1375.27,42.73,2,2793.27,Returned,1,Changed Mind,51,8
2019-01-26,39,2019-02-10,705,Volta,West,Express,Electronics,Digital Cameras,Canon EOS 600D 18MP CMOS DSLR,387.07,40.61,4,1588.89,Cancelled,1,Arrived Late,39,15
2016-03-09,40,2016-03-15,426,Upper East,West,Express,Fashion,Accessories,Leather Wallet,363.06,16.12,3,1105.3,Delivered,1,,54,6
2015-12-14,41,2015-12-23,687,Ashanti,East,Standard Delivery,Electronics,Smartwatches,Samsung Galaxy Watch 3,641.71,8.93,1,650.64,Delivered,2,,36,9
2019-01-13,42,2019-01-15,619,Upper East,North,Shipped from Abroad,Fashion,Shoes,Nike Air Max,961.64,27.5,3,2912.42,Delivered,4,,22,2
2019-09-13,43,2019-09-17,912,Oti,West,Express,Fashion,Accessories,Polarized Sunglasses,1327.0,16.87,2,2670.87,Returned,1,Defective,37,4
2016-04-11,44,2016-04-20,726,Weija,West,Shipped from Abroad,Health and beauty,Makeup,Maybelline Foundation,220.17,35.18,5,1136.03,Delivered,2,,27,9
2017-12-05,45,2017-12-19,380,Volta,South,Standard Delivery,Home and Office,Furniture,Ergonomic Office Chair,1217.69,17.42,4,4888.18,Returned,1,Arrived Late,38,14
2017-08-12,46,2017-08-20,435,Western,West,Shipped from Abroad,Electronics,Digital Cameras,Canon EOS 600D 18MP CMOS DSLR,285.8,7.15,4,1150.35,Delivered,3,,59,8
2015-03-12,47,2015-03-25,151,Ashanti,South,Shipped from Abroad,Health and beauty,Makeup,MAC Lipstick,397.04,24.63,5,2009.83,Cancelled,2,Changed Mind,30,13
2015-01-05,48,2015-01-25,196,Upper East,North,Shipped from Abroad,Phones and Tablet,Mobile phones,Samsung Galaxy A02,121.2,44.01,2,286.41,Delivered,5,,35,20
2016-11-03,49,2016-11-19,325,Volta,East,Standard Delivery,Health and beauty,Makeup,MAC Lipstick,752.46,37.07,4,3046.91,Returned,2,Changed Mind,22,16
2019-10-22,50,2019-11-04,238,Oti,South,Express,Phones and Tablet,Mobile phones,Infinix Smart HD X612,602.94,46.39,5,3061.09,Returned,2,Arrived Late,44,13
2019-05-18,51,2019-05-25,949,Oti,North,Shipped from Abroad,Home and Office,Furniture,8 Cubes Plastic Wardrobe,983.59,11.38,4,3945.74,Delivered,3,,33,7
2018-12-09,52,2018-12-25,319,Weija,Central,Express,Fashion,Accessories,Leather Wallet,1490.55,18.71,5,7471.46,Delivered,1,,22,16
2016-11-05,53,2016-11-20,203,Volta,Central,Standard Delivery,Phones and Tablet,Tablets,Amazon Fire HD 8 Kids Tablet,1176.55,37.75,3,3567.4,Delivered,2,,64,15
2016-12-05,54,2016-12-25,549,Ashanti,West,Express,Fashion,Accessories,Polarized Sunglasses,331.62,32.3,1,363.92,Delivered,3,,34,20
2017-09-08,55,2017-09-16,493,Oti,Central,Standard Delivery,Health and beauty,Makeup,MAC Lipstick,700.0,28.85,5,3528.85,Delivered,4,,28,8
2015-04-16,56,2015-04-19,707,Weija,Central,Express,Fashion,Accessories,Polarized Sunglasses,1325.98,11.97,2,2663.93,Delivered,4,,32,3
2017-03-27,57,2017-03-29,992,Upper East,West,Standard Delivery,Health and beauty,Makeup,Maybelline Foundation,605.89,42.98,2,1254.76,Returned,1,Arrived Late,53,2
2016-12-08,58,2016-12-10,507,Western,East,Standard Delivery,Phones and Tablet,Tablets,Amazon Fire HD 8 Kids Tablet,1050.91,30.35,2,2132.17,Returned,2,Arrived Late,70,2
2016-07-10,59,2016-07-18,335,Western,South,Standard Delivery,Electronics,Home Theatre,LG Soundbar,304.95,36.2,2,646.1,Delivered,4,,32,8
2016-06-22,60,2016-07-12,871,Upper East,South,Shipped from Abroad,Electronics,Smartwatches,Samsung Galaxy Watch 3,184.67,49.8,4,788.48,Delivered,2,,47,20
2018-02-28,61,2018-03-14,235,Volta,North,Shipped from Abroad,Phones and Tablet,Tablets,iPad Air 4th Gen,867.95,48.34,5,4388.09,Delivered,1,,40,14
2017-12-21,62,2017-12-27,209,Western,West,Express,Health and beauty,Personal Care,Avon Soft Musk Spray,217.31,14.99,1,232.3,Delivered,3,,68,6
2019-08-30,63,2019-09-15,617,Weija,South,Standard Delivery,Electronics,Smartwatches,Samsung Galaxy Watch 3,48.27,47.77,4,240.85,Delivered,1,,53,16
2019-09-20,64,2019-10-09,483,Upper East,East,Express,Home and Office,Stationery,Moleskine Notebook,1434.76,36.19,1,1470.95,Delivered,1,,29,19
2019-03-12,65,2019-03-23,506,Greater Accra,North,Shipped from Abroad,Phones and Tablet,Tablets,iPad Air 4th Gen,1156.4,9.09,4,4634.69,Returned,1,Arrived Late,60,11
2020-11-13,66,2020-11-25,721,Volta,West,Shipped from Abroad,Phones and Tablet,Mobile phones,iPhone 12,1298.53,22.03,2,2619.09,Delivered,3,,57,12
2016-02-28,67,2016-03-08,793,Weija,Central,Standard Delivery,Home and Office,Stationery,Moleskine Notebook,785.66,36.27,5,3964.57,Returned,1,Arrived Late,24,9
2015-08-01,68,2015-08-17,439,Greater Accra,East,Standard Delivery,Fashion,Accessories,Leather Wallet,1163.27,16.3,4,4669.38,Delivered,5,,67,16
2015-12-09,69,2015-12-19,332,Weija,West,Standard Delivery,Health and beauty,Makeup,Maybelline Foundation,1000.51,44.5,3,3046.03,Returned,1,Not as expected,36,10
2018-08-28,70,2018-09-12,553,Weija,South,Standard Delivery,Phones and Tablet,Tablets,iPad Air 4th Gen,1238.62,29.52,2,2506.76,Delivered,4,,59,15
2018-09-25,71,2018-10-04,838,Western,East,Express,Health and beauty,Makeup,Maybelline Foundation,153.63,29.06,2,336.32,Delivered,4,,29,9
2018-05-13,72,2018-05-16,276,Weija,North,Express,Health and beauty,Personal Care,Aichun Beauty Essential Oil,1387.0,38.9,5,6973.9,Delivered,1,,35,3
2017-02-10,73,2017-02-19,184,Weija,North,Standard Delivery,Home and Office,Stationery,Parker Pen,702.47,29.72,2,1434.66,Delivered,2,,37,9
2018-12-03,74,2018-12-10,159,Western,North,Standard Delivery,Fashion,Accessories,Leather Wallet,740.15,12.28,3,2232.73,Returned,1,Changed Mind,49,7
2019-12-29,75,2020-01-10,880,Ashanti,South,Standard Delivery,Electronics,Home Theatre,LG Soundbar,688.96,7.63,1,696.59,Delivered,3,,70,12
2017-12-29,76,2018-01-06,730,Greater Accra,East,Shipped from Abroad,Home and Office,Furniture,Ergonomic Office Chair,577.4,38.9,5,2925.9,Delivered,3,,56,8
2016-05-08,77,2016-05-17,118,Volta,West,Express,Health and beauty,Personal Care,Aichun Beauty Essential Oil,540.07,48.14,5,2748.49,Delivered,1,,62,9
2017-05-10,78,2017-05-25,238,Western,Central,Standard Delivery,Electronics,Home Theatre,LG Soundbar,88.6,26.95,2,204.15,Returned,1,Arrived Late,44,15
2015-10-16,79,2015-10-24,366,Weija,North,Standard Delivery,Home and Office,Furniture,8 Cubes Plastic Wardrobe,410.65,47.43,1,458.08,Delivered,2,,20,8
2019-12-13,80,2019-12-29,391,Greater Accra,East,Standard Delivery,Home and Office,Stationery,Parker Pen,634.84,43.94,4,2583.3,Delivered,1,,27,16
2018-01-12,81,2018-01-22,805,Oti,North,Shipped from Abroad,Electronics,Digital Cameras,Sony Alpha a6000,1021.91,26.07,4,4113.71,Returned,2,Changed Mind,47,10
2018-12-11,82,2018-12-20,396,Western,Central,Standard Delivery,Phones and Tablet,Tablets,Amazon Fire HD 8 Kids Tablet,191.72,32.85,4,799.73,Returned,1,Not as expected,49,9
2020-03-31,83,2020-04-04,588,Western,North,Express,Phones and Tablet,Tablets,Amazon Fire HD 8 Kids Tablet,720.2,5.39,1,725.59,Delivered,4,,19,4
2020-05-28,84,2020-06-17,848,Upper East,East,Express,Home and Office,Furniture,8 Cubes Plastic Wardrobe,1047.68,23.79,1,1071.47,Delivered,3,,22,20
2019-02-18,85,2019-02-23,927,Western,West,Standard Delivery,Health and beauty,Makeup,MAC Lipstick,249.35,8.71,4,1006.11,Delivered,3,,23,5
2017-11-06,86,2017-11-17,438,Western,Central,Express,Home and Office,Stationery,Moleskine Notebook,285.22,48.89,5,1474.99,Returned,1,Arrived Late,22,11
2016-05-25,87,2016-05-30,681,Western,Central,Standard Delivery,Fashion,Shoes,Nike Air Max,443.63,22.74,4,1797.26,Delivered,1,,42,5
2015-08-09,88,2015-08-23,422,Weija,West,Standard Delivery,Electronics,Digital Cameras,Nikon D3500,394.57,49.24,4,1627.52,Returned,2,Changed Mind,68,14
2018-09-09,89,2018-09-15,2,Oti,South,Express,Electronics,Digital Cameras,Sony Alpha a6000,882.84,19.11,5,4433.31,Delivered,5,,27,6
2018-06-16,90,2018-06-22,143,Western,South,Shipped from Abroad,Fashion,Accessories,Leather Wallet,56.18,13.96,2,126.32,Delivered,4,,34,6
2018-10-31,91,2018-11-12,827,Weija,North,Express,Fashion,Shoes,Adidas Ultraboost,296.87,6.42,2,600.16,Returned,1,Not as expected,41,12
2016-04-17,92,2016-05-03,192,Western,East,Express,Electronics,Digital Cameras,Canon EOS 600D 18MP CMOS DSLR,745.3,36.28,2,1526.88,Delivered,3,,33,16
2019-07-24,93,2019-07-29,374,Ashanti,East,Shipped from Abroad,Phones and Tablet,Tablets,iPad Air 4th Gen,949.53,42.28,2,1941.34,Returned,2,Changed Mind,62,5
2019-10-29,94,2019-11-03,191,Western,West,Standard Delivery,Phones and Tablet,Mobile phones,iPhone 12,473.84,47.48,3,1469.0,Cancelled,2,Changed Mind,69,5
2016-11-26,95,2016-12-01,506,Oti,South,Shipped from Abroad,Health and beauty,Makeup,MAC Lipstick,848.01,34.69,5,4274.74,Returned,1,Changed Mind,60,5
2018-05-21,96,2018-06-07,106,Greater Accra,West,Express,Health and beauty,Makeup,MAC Lipstick,53.4,23.0,4,236.6,Delivered,3,,27,17
2019-07-25,97,2019-07-30,692,Greater Accra,Central,Shipped from Abroad,Health and beauty,Personal Care,Avon Soft Musk Spray,1415.43,29.27,5,7106.42,Returned,2,Not as expected,20,5
2015-01-20,98,2015-01-28,774,Weija,North,Shipped from Abroad,Home and Office,Stationery,Parker Pen,858.17,46.88,1,905.05,Returned,2,Not as expected,66,8
2015-07-23,99,2015-07-26,267,Upper East,West,Express,Home and Office,Stationery,Moleskine Notebook,475.5,7.08,2,958.08,Delivered,3,,36,3
2019-07-11,100,2019-07-25,212,Western,Central,Standard Delivery,Home and Office,Furniture,Ergonomic Office Chair,1386.32,48.25,2,2820.89,Delivered,2,,49,14
2016-08-09,101,2016-08-28,518,Upper East,South,Shipped from Abroad,Home and Office,Furniture,Ergonomic Office Chair,218.08,11.98,3,666.22,Delivered,1,,57,19
2016-07-10,102,2016-07-28,767,Weija,South,Shipped from Abroad,Home and Office,Furniture,8 Cubes Plastic Wardrobe,36.02,16.22,1,52.24,Returned,1,Defective,67,18
2019-07-25,103,2019-08-07,916,Greater Accra,North,Express,Electronics,Home Theatre,LG Soundbar,541.62,31.15,4,2197.63,Delivered,1,,46,13
2018-02-08,104,2018-02-14,389,Ashanti,North,Express,Phones and Tablet,Mobile phones,Samsung Galaxy A02,1364.86,34.23,2,2763.95,Delivered,4,,26,6
2019-11-04,105,2019-11-13,24,Upper East,West,Shipped from Abroad,Home and Office,Furniture,8 Cubes Plastic Wardrobe,203.97,24.41,5,1044.26,Delivered,5,,51,9
2017-07-27,106,2017-08-16,635,Upper East,Central,Standard Delivery,Health and beauty,Makeup,MAC Lipstick,1179.56,28.19,2,2387.31,Returned,2,Arrived Late,63,20
2017-08-19,107,2017-08-27,601,Oti,East,Express,Electronics,Home Theatre,Sony 5.1 Home Theatre,504.59,11.61,1,516.2,Returned,1,Not as expected,44,8
2017-09-26,108,2017-10-13,164,Volta,West,Shipped from Abroad,Health and beauty,Makeup,Maybelline Foundation,145.56,15.78,1,161.34,Delivered,2,,55,17
2017-07-20,109,2017-08-04,59,Volta,South,Express,Phones and Tablet,Tablets,Amazon Fire HD 8 Kids Tablet,722.52,28.7,3,2196.26,Delivered,2,,32,15
2017-01-22,110,2017-01-29,265,Oti,East,Express,Fashion,Clothing,100% Cotton 4 Piece T-Shirts,1458.31,44.03,2,2960.65,Returned,2,Not as expected,54,7
2019-02-26,111,2019-03-18,560,Upper East,North,Express,Fashion,Clothing,100% Cotton 4 Piece T-Shirts,1166.66,25.64,5,5858.94,Delivered,3,,21,20
2015-03-31,112,2015-04-08,56,Volta,East,Express,Phones and Tablet,Tablets,Amazon Fire HD 8 Kids Tablet,605.12,38.5,5,3064.1,Cancelled,2,Changed Mind,40,8
2016-08-06,113,2016-08-26,566,Oti,South,Shipped from Abroad,Fashion,Accessories,Leather Wallet,572.23,5.03,4,2293.95,Delivered,1,,29,20
2015-01-08,114,2015-01-24,276,Western,North,Express,Electronics,Digital Cameras,Canon EOS 600D 18MP CMOS DSLR,441.33,44.73,4,1810.05,Delivered,2,,35,16
2020-08-09,115,2020-08-15,341,Upper East,North,Standard Delivery,Home and Office,Furniture,Ergonomic Office Chair,1092.23,20.77,4,4389.69,Returned,2,Defective,48,6
2019-08-21,116,2019-08-31,83,Ashanti,South,Express,Fashion,Accessories,Leather Wallet,914.86,38.76,1,953.62,Delivered,1,,27,10
2016-11-16,117,2016-12-02,261,Weija,West,Express,Electronics,Smartwatches,Samsung Galaxy Watch 3,873.08,49.9,3,2669.14,Delivered,5,,51,16
2015-02-17,118,2015-02-22,322,Volta,South,Standard Delivery,Home and Office,Furniture,8 Cubes Plastic Wardrobe,1094.55,29.39,4,4407.59,Cancelled,2,Arrived Late,69,5
2015-10-07,119,2015-10-15,874,Ashanti,West,Standard Delivery,Phones and Tablet,Mobile phones,Samsung Galaxy A02,680.57,49.0,4,2771.28,Returned,2,Arrived Late,30,8
2018-03-04,120,2018-03-24,954,Volta,North,Standard Delivery,Health and beauty,Personal Care,Avon Soft Musk Spray,1229.2,25.12,5,6171.12,Returned,2,Defective,66,20
2015-03-16,121,2015-03-22,456,Weija,East,Express,Home and Office,Stationery,Moleskine Notebook,1373.4,7.99,5,6874.99,Delivered,3,,55,6
2018-05-27,122,2018-06-05,776,Greater Accra,North,Express,Health and beauty,Personal Care,Avon Soft Musk Spray,845.09,43.22,5,4268.67,Delivered,2,,46,9
2017-01-20,123,2017-01-24,932,Greater Accra,East,Standard Delivery,Fashion,Shoes,Adidas Ultraboost,1004.13,23.18,3,3035.57,Delivered,3,,34,4
2016-09-05,124,2016-09-21,94,Ashanti,South,Standard Delivery,Fashion,Accessories,Polarized Sunglasses,1145.0,19.45,5,5744.45,Delivered,5,,50,16
2018-10-27,125,2018-11-01,330,Oti,South,Standard Delivery,Home and Office,Stationery,Moleskine Notebook,1402.76,9.84,2,2815.36,Delivered,1,,48,5
2019-10-20,126,2019-10-28,88,Western,North,Shipped from Abroad,Health and beauty,Makeup,MAC Lipstick,646.83,34.16,3,1974.65,Returned,2,Not as expected,33,8
2020-06-11,127,2020-06-17,593,Greater Accra,South,Shipped from Abroad,Fashion,Accessories,Polarized Sunglasses,84.02,43.46,4,379.54,Returned,2,Not as expected,28,6
2018-09-13,128,2018-09-17,242,Oti,Central,Standard Delivery,Electronics,Digital Cameras,Sony Alpha a6000,1062.32,35.19,1,1097.51,Delivered,3,,56,4
2015-07-28,129,2015-08-06,235,Oti,Central,Standard Delivery,Health and beauty,Personal Care,Aichun Beauty Essential Oil,1047.11,42.63,5,5278.18,Delivered,4,,40,9
2018-08-20,130,2018-08-29,251,Weija,South,Express,Phones and Tablet,Mobile phones,iPhone 12,553.85,10.46,5,2779.71,Cancelled,2,Arrived Late,50,9
2020-01-23,131,2020-02-06,210,Oti,West,Express,Home and Office,Stationery,Parker Pen,892.25,34.58,1,926.83,Delivered,5,,53,14
2017-07-28,132,2017-08-10,175,Upper East,South,Shipped from Abroad,Phones and Tablet,Tablets,Amazon Fire HD 8 Kids Tablet,1178.92,16.7,3,3553.46,Delivered,5,,28,13
2018-10-02,133,2018-10-20,884,Weija,Central,Standard Delivery,Home and Office,Stationery,Parker Pen,1423.97,26.14,3,4298.05,Delivered,2,,66,18
2020-08-10,134,2020-08-25,947,Oti,East,Express,Phones and Tablet,Tablets,Amazon Fire HD 8 Kids Tablet,1470.65,5.89,4,5888.49,Returned,1,Not as expected,40,15
2017-07-20,135,2017-07-29,732,Volta,East,Standard Delivery,Phones and Tablet,Mobile phones,Samsung Galaxy A02,866.88,41.43,3,2642.07,Delivered,1,,69,9
2015-07-24,136,2015-08-13,542,Upper East,West,Express,Electronics,Digital Cameras,Nikon D3500,441.44,26.9,3,1351.22,Delivered,3,,39,20
2019-12-13,137,2020-01-01,89,Western,North,Shipped from Abroad,Fashion,Clothing,Men's Denim Jacket,568.67,19.81,4,2294.49,Delivered,2,,68,19
2020-12-19,138,2021-01-01,495,Ashanti,East,Shipped from Abroad,Electronics,Smartwatches,Samsung Galaxy Watch 3,308.8,19.29,1,328.09,Delivered,1,,65,13
2016-11-24,139,2016-12-03,66,Western,South,Shipped from Abroad,Health and beauty,Makeup,Maybelline Foundation,864.16,24.12,2,1752.44,Cancelled,1,Arrived Late,36,9
2020-10-13,140,2020-10-20,382,Upper East,West,Shipped from Abroad,Home and Office,Stationery,Moleskine Notebook,193.87,16.14,1,210.01,Delivered,5,,37,7
2016-11-06,141,2016-11-09,22,Western,West,Shipped from Abroad,Phones and Tablet,Mobile phones,iPhone 12,202.29,24.57,1,226.86,Delivered,2,,25,3
2016-09-22,142,2016-10-11,29,Greater Accra,East,Standard Delivery,Fashion,Clothing,100% Cotton 4 Piece T-Shirts,24.69,23.86,2,73.24,Delivered,4,,67,19
2018-03-25,143,2018-04-12,713,Greater Accra,North,Express,Phones and Tablet,Tablets,Amazon Fire HD 8 Kids Tablet,1441.02,35.58,1,1476.6,Returned,2,Defective,66,18
2019-01-17,144,2019-01-23,731,Ashanti,West,Express,Phones and Tablet,Mobile phones,Samsung Galaxy A02,230.2,5.24,4,926.04,Delivered,1,,50,6
2015-05-25,145,2015-06-14,779,Volta,Central,Shipped from Abroad,Home and Office,Stationery,Moleskine Notebook,991.67,47.38,3,3022.39,Delivered,1,,33,20
2018-07-28,146,2018-08-03,885,Ashanti,South,Standard Delivery,Health and beauty,Personal Care,Aichun Beauty Essential Oil,848.88,16.3,5,4260.7,Delivered,3,,40,6
2016-01-15,147,2016-02-04,937,Greater Accra,North,Express,Phones and Tablet,Mobile phones,Samsung Galaxy A02,1455.35,48.41,3,4414.46,Delivered,1,,60,20
2020-06-06,148,2020-06-24,746,Upper East,Central,Shipped from Abroad,Electronics,Smartwatches,Samsung Galaxy Watch 3,46.5,34.32,3,173.82,Delivered,4,,64,18
2018-07-06,149,2018-07-22,645,Ashanti,South,Shipped from Abroad,Phones and Tablet,Tablets,Amazon Fire HD 8 Kids Tablet,998.64,49.38,5,5042.58,Cancelled,2,Arrived Late,51,16
2018-12-09,150,2018-12-18,344,Volta,East,Shipped from Abroad,Health and beauty,Makeup,Maybelline Foundation,84.67,7.76,2,177.1,Delivered,4,,21,9
2018-05-22,151,2018-06-05,894,Greater Accra,North,Shipped from Abroad,Home and Office,Furniture,8 Cubes Plastic Wardrobe,718.83,14.67,2,1452.33,Delivered,3,,21,14
2019-09-16,152,2019-09-20,287,Volta,South,Shipped from Abroad,Home and Office,Stationery,Moleskine Notebook,1430.55,15.08,2,2876.18,Delivered,3,,28,4
2018-03-31,153,2018-04-05,420,Oti,South,Shipped from Abroad,Fashion,Shoes,Adidas Ultraboost,1137.49,11.48,2,2286.46,Returned,1,Changed Mind,37,5
2019-08-04,154,2019-08-14,653,Ashanti,North,Standard Delivery,Home and Office,Furniture,Ergonomic Office Chair,1407.11,17.1,3,4238.43,Delivered,5,,28,10
2019-09-05,155,2019-09-17,398,Ashanti,West,Standard Delivery,Phones and Tablet,Mobile phones,Samsung Galaxy A02,890.64,22.31,1,912.95,Delivered,2,,50,12
2018-05-26,156,2018-06-11,479,Oti,Central,Express,Health and beauty,Personal Care,Aichun Beauty Essential Oil,929.06,16.05,1,945.11,Cancelled,1,Changed Mind,48,16
2017-03-15,157,2017-03-21,356,Weija,South,Shipped from Abroad,Phones and Tablet,Mobile phones,Infinix Smart HD X612,455.05,29.22,4,1849.42,Returned,2,Arrived Late,53,6
2015-04-08,158,2015-04-21,333,Ashanti,East,Express,Fashion,Clothing,100% Cotton 4 Piece T-Shirts,788.59,40.71,5,3983.66,Delivered,1,,18,13
2020-12-08,159,2020-12-17,669,Volta,West,Shipped from Abroad,Electronics,Smartwatches,Apple Watch Series 6,51.11,16.01,1,67.12,Delivered,2,,34,9
2018-12-20,160,2018-12-22,106,Volta,South,Standard Delivery,Health and beauty,Personal Care,Avon Soft Musk Spray,889.21,24.31,4,3581.15,Cancelled,2,Defective,27,2
2020-04-10,161,2020-04-14,990,Weija,North,Express,Phones and Tablet,Mobile phones,Samsung Galaxy A02,139.36,34.87,4,592.31,Delivered,4,,22,4
2019-01-22,162,2019-01-26,600,Oti,West,Standard Delivery,Electronics,Smartwatches,Samsung Galaxy Watch 3,1111.95,39.06,2,2262.96,Delivered,4,,31,4
2015-06-26,163,2015-07-10,891,Western,East,Express,Home and Office,Furniture,Ergonomic Office Chair,767.85,49.91,1,817.76,Delivered,4,,20,14
2020-02-16,164,2020-03-01,242,Volta,West,Shipped from Abroad,Health and beauty,Personal Care,Avon Soft Musk Spray,1288.65,15.05,1,1303.7,Delivered,2,,56,14
2017-06-15,165,2017-06-27,3,Volta,North,Standard Delivery,Health and beauty,Personal Care,Avon Soft Musk Spray,406.27,14.02,4,1639.1,Delivered,1,,24,12
2019-12-25,166,2020-01-02,816,Volta,East,Standard Delivery,Fashion,Accessories,Leather Wallet,1344.37,15.9,2,2704.64,Delivered,4,,21,8
2017-08-04,167,2017-08-09,248,Weija,Central,Standard Delivery,Health and beauty,Makeup,MAC Lipstick,584.16,25.14,4,2361.78,Delivered,1,,65,5
2016-10-27,168,2016-11-04,629,Oti,West,Express,Phones and Tablet,Tablets,Amazon Fire HD 8 Kids Tablet,250.09,23.02,5,1273.47,Delivered,1,,69,8
2017-07-20,169,2017-07-31,278,Upper East,South,Express,Health and beauty,Personal Care,Aichun Beauty Essential Oil,538.87,32.37,5,2726.72,Delivered,1,,64,11
2019-05-05,170,2019-05-08,104,Weija,West,Shipped from Abroad,Electronics,Smartwatches,Apple Watch Series 6,836.95,46.96,4,3394.76,Delivered,2,,43,3
2016-07-07,171,2016-07-10,893,Volta,West,Shipped from Abroad,Home and Office,Stationery,Parker Pen,678.77,20.28,1,699.05,Delivered,2,,50,3
2015-07-30,172,2015-08-14,866,Weija,South,Shipped from Abroad,Electronics,Smartwatches,Samsung Galaxy Watch 3,667.95,12.88,1,680.83,Returned,2,Arrived Late,50,15
2015-12-04,173,2015-12-16,656,Weija,West,Shipped from Abroad,Electronics,Digital Cameras,Sony Alpha a6000,481.76,35.62,3,1480.9,Delivered,3,,50,12
2019-09-24,174,2019-10-07,493,Oti,Central,Shipped from Abroad,Home and Office,Stationery,Moleskine Notebook,194.24,19.0,1,213.24,Delivered,3,,28,13
2017-05-25,175,2017-06-10,722,Volta,South,Express,Home and Office,Furniture,8 Cubes Plastic Wardrobe,945.92,23.51,1,969.43,Delivered,1,,38,16
2018-09-18,176,2018-10-03,405,Volta,South,Standard Delivery,Electronics,Digital Cameras,Nikon D3500,231.86,33.61,2,497.33,Cancelled,2,Not as expected,42,15
2015-10-14,177,2015-10-27,598,Ashanti,South,Standard Delivery,Electronics,Smartwatches,Samsung Galaxy Watch 3,1153.1,33.94,5,5799.44,Delivered,2,,66,13
2017-11-07,178,2017-11-26,455,Greater Accra,South,Standard Delivery,Fashion,Clothing,Men's Denim Jacket,957.83,49.24,2,1964.9,Returned,2,Not as expected,37,19
2017-05-26,179,2017-06-14,72,Ashanti,North,Express,Health and beauty,Makeup,MAC Lipstick,1293.47,26.83,1,1320.3,Returned,2,Arrived Late,49,19
2020-12-22,180,2021-01-10,282,Western,East,Express,Health and beauty,Makeup,Maybelline Foundation,1092.21,23.3,2,2207.72,Delivered,1,,21,19
2016-04-01,181,2016-04-14,959,Volta,Central,Shipped from Abroad,Electronics,Digital Cameras,Sony Alpha a6000,250.04,35.91,2,535.99,Delivered,3,,37,13
2016-07-22,182,2016-07-28,604,Western,North,Standard Delivery,Health and beauty,Personal Care,Avon Soft Musk Spray,541.06,25.93,1,566.99,Delivered,3,,45,6
2017-06-19,183,2017-07-01,107,Volta,South,Shipped from Abroad,Phones and Tablet,Mobile phones,Samsung Galaxy A02,28.68,7.36,1,36.04,Returned,1,Arrived Late,55,12
2017-09-24,184,2017-10-10,295,Oti,West,Standard Delivery,Electronics,Smartwatches,Samsung Galaxy Watch 3,1204.79,33.66,2,2443.24,Delivered,5,,21,16
2017-08-12,185,2017-08-27,705,Upper East,Central,Standard Delivery,Phones and Tablet,Tablets,iPad Air 4th Gen,1447.6,38.67,4,5829.07,Delivered,2,,39,15
2017-02-09,186,2017-02-26,976,Volta,North,Standard Delivery,Health and beauty,Makeup,MAC Lipstick,1158.51,25.67,5,5818.22,Delivered,4,,66,17
2020-11-23,187,2020-11-25,338,Volta,North,Standard Delivery,Electronics,Digital Cameras,Sony Alpha a6000,987.57,32.42,5,4970.27,Delivered,2,,36,2
2016-11-22,188,2016-12-08,511,Weija,West,Express,Health and beauty,Personal Care,Aichun Beauty Essential Oil,234.07,8.72,3,710.93,Delivered,5,,46,16
2015-07-03,189,2015-07-15,3,Western,North,Standard Delivery,Fashion,Accessories,Polarized Sunglasses,500.7,45.33,4,2048.13,Delivered,3,,24,12
2015-06-24,190,2015-07-03,834,Ashanti,East,Express,Home and Office,Furniture,8 Cubes Plastic Wardrobe,838.34,22.52,3,2537.54,Returned,1,Arrived Late,30,9
2020-03-01,191,2020-03-10,486,Oti,North,Shipped from Abroad,Home and Office,Stationery,Parker Pen,60.12,42.21,5,342.81,Cancelled,1,Defective,39,9
2016-08-24,192,2016-09-03,933,Volta,North,Standard Delivery,Home and Office,Furniture,8 Cubes Plastic Wardrobe,1302.03,37.96,2,2642.02,Delivered,1,,37,10
2020-02-22,193,2020-03-09,456,Oti,Central,Standard Delivery,Fashion,Shoes,Nike Air Max,1133.01,44.55,1,1177.56,Delivered,2,,55,16
2018-11-03,194,2018-11-13,29,Ashanti,North,Express,Phones and Tablet,Mobile phones,Infinix Smart HD X612,569.03,44.61,4,2320.73,Returned,1,Defective,67,10
2016-10-10,195,2016-10-22,15,Greater Accra,North,Shipped from Abroad,Health and beauty,Makeup,Maybelline Foundation,1394.89,23.94,1,1418.83,Delivered,1,,38,12
2019-09-19,196,2019-09-28,300,Upper East,North,Standard Delivery,Health and beauty,Makeup,Maybelline Foundation,812.94,26.68,5,4091.38,Delivered,3,,18,9
2020-03-04,197,2020-03-12,533,Oti,East,Express,Home and Office,Furniture,8 Cubes Plastic Wardrobe,1050.13,31.36,5,5282.01,Cancelled,2,Changed Mind,70,8
2015-12-18,198,2015-12-23,390,Greater Accra,West,Express,Phones and Tablet,Mobile phones,Infinix Smart HD X612,699.89,25.91,3,2125.58,Cancelled,1,Changed Mind,42,5
2019-08-19,199,2019-08-28,532,Oti,East,Standard Delivery,Health and beauty,Makeup,MAC Lipstick,1118.58,41.12,4,4515.44,Delivered,3,,60,9
2015-12-01,200,2015-12-18,59,Oti,East,Standard Delivery,Health and beauty,Personal Care,Avon Soft Musk Spray,912.05,18.5,5,4578.75,Delivered,2,,32,17
2018-06-07,201,2018-06-10,107,Weija,Central,Standard Delivery,Fashion,Accessories,Leather Wallet,1360.35,7.24,5,6808.99,Delivered,3,,55,3
2018-07-27,202,2018-08-11,693,Ashanti,South,Standard Delivery,Home and Office,Furniture,Ergonomic Office Chair,488.41,27.91,1,516.32,Returned,2,Changed Mind,29,15
2018-11-17,203,2018-11-28,162,Western,North,Shipped from Abroad,Home and Office,Stationery,Moleskine Notebook,967.49,6.42,4,3876.38,Delivered,4,,64,11
2017-06-01,204,2017-06-08,610,Volta,South,Standard Delivery,Phones and Tablet,Tablets,iPad Air 4th Gen,855.35,22.7,2,1733.4,Delivered,2,,32,7
2017-03-06,205,2017-03-25,826,Ashanti,West,Express,Home and Office,Stationery,Parker Pen,1477.92,36.42,3,4470.18,Delivered,5,,31,19
2020-06-18,206,2020-06-25,201,Ashanti,North,Shipped from Abroad,Phones and Tablet,Mobile phones,Infinix Smart HD X612,662.2,32.44,2,1356.84,Delivered,4,,50,7
2018-04-21,207,2018-04-26,845,Western,South,Express,Home and Office,Furniture,Ergonomic Office Chair,169.73,45.02,2,384.48,Delivered,5,,23,5
2018-12-11,208,2018-12-27,541,Volta,Central,Shipped from Abroad,Fashion,Shoes,Nike Air Max,1280.48,14.64,4,5136.56,Delivered,5,,29,16
2018-05-15,209,2018-05-19,152,Weija,South,Shipped from Abroad,Home and Office,Furniture,Ergonomic Office Chair,44.47,23.03,5,245.38,Delivered,4,,46,4
2016-08-11,210,2016-08-27,598,Upper East,South,Shipped from Abroad,Electronics,Digital Cameras,Sony Alpha a6000,16.62,40.22,5,123.32,Returned,2,Arrived Late,66,16
2017-06-22,211,2017-07-06,627,Western,West,Express,Health and beauty,Makeup,MAC Lipstick,1107.05,18.65,1,1125.7,Delivered,4,,54,14
2020-12-29,212,2021-01-01,612,Weija,South,Shipped from Abroad,Electronics,Home Theatre,Sony 5.1 Home Theatre,99.66,31.25,1,130.91,Delivered,5,,35,3
2019-01-19,213,2019-02-04,209,Oti,South,Shipped from Abroad,Phones and Tablet,Tablets,Amazon Fire HD 8 Kids Tablet,1370.06,13.57,4,5493.81,Delivered,3,,68,16
2017-06-10,214,2017-06-20,547,Upper East,South,Standard Delivery,Electronics,Smartwatches,Apple Watch Series 6,666.18,42.26,1,708.44,Cancelled,2,Changed Mind,57,10
2017-09-05,215,2017-09-23,990,Western,Central,Standard Delivery,Fashion,Shoes,Nike Air Max,268.22,21.38,3,826.04,Returned,1,Changed Mind,22,18
2017-10-07,216,2017-10-09,640,Oti,South,Shipped from Abroad,Electronics,Home Theatre,Sony 5.1 Home Theatre,46.99,18.22,3,159.19,Delivered,3,,54,2
2020-10-22,217,2020-10-24,952,Volta,North,Express,Fashion,Clothing,100% Cotton 4 Piece T-Shirts,1455.18,36.41,5,7312.31,Cancelled,2,Not as expected,22,2
2015-03-30,218,2015-04-15,554,Volta,West,Standard Delivery,Fashion,Clothing,100% Cotton 4 Piece T-Shirts,601.04,11.44,1,612.48,Delivered,5,,62,16
2016-08-27,219,2016-08-31,718,Weija,East,Shipped from Abroad,Health and beauty,Makeup,MAC Lipstick,798.6,17.57,1,816.17,Delivered,4,,20,4
2018-07-30,220,2018-08-17,10,Greater Accra,North,Standard Delivery,Health and beauty,Personal Care,Avon Soft Musk Spray,284.73,40.05,5,1463.7,Delivered,3,,66,18
2019-05-02,221,2019-05-19,850,Ashanti,Central,Shipped from Abroad,Fashion,Clothing,Men's Denim Jacket,992.34,5.13,3,2982.15,Returned,2,Changed Mind,34,17
2019-01-22,222,2019-02-10,408,Volta,Central,Standard Delivery,Health and beauty,Makeup,MAC Lipstick,158.59,10.4,1,168.99,Delivered,4,,49,19
2015-11-16,223,2015-12-03,110,Upper East,Central,Shipped from Abroad,Fashion,Accessories,Polarized Sunglasses,166.91,35.1,3,535.83,Cancelled,1,Not as expected,45,17
2018-12-27,224,2019-01-06,888,Oti,South,Express,Phones and Tablet,Tablets,Amazon Fire HD 8 Kids Tablet,210.16,34.84,2,455.16,Delivered,1,,36,10
2015-10-12,225,2015-10-16,508,Upper East,South,Express,Fashion,Clothing,100% Cotton 4 Piece T-Shirts,1369.3,12.33,5,6858.83,Delivered,2,,41,4
2020-02-08,226,2020-02-28,298,Ashanti,West,Shipped from Abroad,Home and Office,Furniture,Ergonomic Office Chair,68.82,6.34,3,212.8,Delivered,2,,69,20
2019-09-24,227,2019-10-03,151,Weija,East,Express,Phones and Tablet,Tablets,iPad Air 4th Gen,1450.91,32.42,5,7286.97,Delivered,1,,30,9
2018-04-06,228,2018-04-14,515,Weija,South,Standard Delivery,Electronics,Digital Cameras,Sony Alpha a6000,1433.3,33.46,4,5766.66,Returned,1,Changed Mind,66,8
2019-12-30,229,2020-01-14,86,Ashanti,Central,Express,Phones and Tablet,Mobile phones,Samsung Galaxy A02,1043.44,38.93,2,2125.81,Delivered,5,,18,15
2019-11-23,230,2019-11-29,332,Oti,Central,Shipped from Abroad,Electronics,Smartwatches,Samsung Galaxy Watch 3,442.05,12.17,2,896.27,Delivered,3,,36,6
2017-05-31,231,2017-06-19,406,Weija,South,Standard Delivery,Electronics,Digital Cameras,Sony Alpha a6000,1009.85,44.09,4,4083.49,Delivered,1,,69,19
2015-04-04,232,2015-04-22,944,Weija,South,Standard Delivery,Fashion,Accessories,Polarized Sunglasses,531.36,14.85,2,1077.57,Delivered,4,,53,18
2017-05-15,233,2017-06-03,224,Greater Accra,North,Express,Phones and Tablet,Tablets,iPad Air 4th Gen,940.37,42.61,1,982.98,Delivered,4,,32,19
2020-09-24,234,2020-09-30,954,Western,North,Shipped from Abroad,Home and Office,Stationery,Moleskine Notebook,319.62,43.39,4,1321.87,Delivered,4,,66,6
2018-08-03,235,2018-08-18,718,Ashanti,Central,Standard Delivery,Home and Office,Stationery,Parker Pen,166.1,49.92,4,714.32,Delivered,3,,20,15
2015-12-23,236,2015-12-31,516,Volta,South,Standard Delivery,Fashion,Accessories,Leather Wallet,571.54,25.39,4,2311.55,Delivered,4,,20,8
2016-07-12,237,2016-07-27,752,Greater Accra,North,Shipped from Abroad,Fashion,Accessories,Polarized Sunglasses,1012.19,45.92,4,4094.68,Returned,1,Changed Mind,50,15
2016-02-23,238,2016-03-10,186,Weija,West,Shipped from Abroad,Health and beauty,Makeup,MAC Lipstick,1493.05,12.73,4,5984.93,Delivered,2,,29,16
2017-01-25,239,2017-02-06,605,Western,South,Standard Delivery,Fashion,Shoes,Adidas Ultraboost,515.68,8.01,4,2070.73,Returned,2,Defective,43,12
2016-02-14,240,2016-02-21,965,Western,Central,Shipped from Abroad,Home and Office,Stationery,Parker Pen,692.7,21.65,4,2792.45,Cancelled,2,Defective,50,7
2017-01-22,241,2017-01-27,228,Greater Accra,East,Shipped from Abroad,Health and beauty,Makeup,MAC Lipstick,1244.24,10.91,3,3743.63,Delivered,4,,50,5
2018-03-09,242,2018-03-12,1000,Ashanti,Central,Shipped from Abroad,Fashion,Clothing,100% Cotton 4 Piece T-Shirts,512.0,37.7,5,2597.7,Delivered,3,,65,3
2016-01-20,243,2016-01-31,548,Greater Accra,West,Standard Delivery,Electronics,Home Theatre,Sony 5.1 Home Theatre,19.44,49.82,2,88.7,Delivered,1,,19,11
2018-11-20,244,2018-12-03,991,Weija,West,Express,Health and beauty,Personal Care,Aichun Beauty Essential Oil,1308.85,38.66,1,1347.51,Delivered,1,,61,13
2020-03-27,245,2020-03-31,137,Ashanti,West,Express,Phones and Tablet,Tablets,iPad Air 4th Gen,1290.21,10.91,4,5171.75,Returned,2,Changed Mind,42,4
2016-06-20,246,2016-06-30,490,Ashanti,South,Shipped from Abroad,Phones and Tablet,Tablets,iPad Air 4th Gen,385.5,20.07,5,1947.57,Returned,1,Changed Mind,51,10
2017-01-21,247,2017-02-01,135,Oti,North,Standard Delivery,Electronics,Home Theatre,Sony 5.1 Home Theatre,517.67,15.42,2,1050.76,Delivered,5,,41,11
2017-08-28,248,2017-09-12,913,Volta,East,Shipped from Abroad,Fashion,Shoes,Adidas Ultraboost,742.43,25.99,1,768.42,Delivered,3,,37,15
2015-06-28,249,2015-07-16,295,Greater Accra,South,Shipped from Abroad,Fashion,Accessories,Polarized Sunglasses,206.41,22.1,1,228.51,Delivered,2,,21,18
2015-07-03,250,2015-07-12,719,Western,North,Shipped from Abroad,Electronics,Digital Cameras,Sony Alpha a6000,581.36,40.96,3,1785.04,Delivered,1,,46,9
2016-12-15,251,2017-01-04,725,Oti,Central,Express,Health and beauty,Personal Care,Aichun Beauty Essential Oil,1406.44,38.72,4,5664.48,Delivered,3,,32,20
2020-06-26,252,2020-07-01,139,Oti,South,Standard Delivery,Home and Office,Furniture,Ergonomic Office Chair,289.14,23.35,1,312.49,Delivered,3,,50,5
2018-03-20,253,2018-04-02,244,Volta,East,Express,Home and Office,Furniture,8 Cubes Plastic Wardrobe,535.95,17.66,1,553.61,Delivered,4,,30,13
2017-04-11,254,2017-04-14,521,Volta,East,Express,Home and Office,Stationery,Parker Pen,904.84,40.4,5,4564.6,Delivered,3,,19,3
2018-02-18,255,2018-03-10,42,Weija,East,Express,Health and beauty,Personal Care,Avon Soft Musk Spray,466.94,21.77,2,955.65,Returned,1,Defective,55,20
2018-08-23,256,2018-08-30,716,Weija,Central,Standard Delivery,Home and Office,Stationery,Moleskine Notebook,378.21,25.93,4,1538.77,Returned,2,Changed Mind,63,7
2019-06-26,257,2019-07-05,926,Ashanti,North,Standard Delivery,Home and Office,Furniture,Ergonomic Office Chair,317.19,6.96,5,1592.91,Delivered,3,,32,9
2016-08-31,258,2016-09-04,221,Western,Central,Shipped from Abroad,Fashion,Clothing,Men's Denim Jacket,874.5,45.89,4,3543.89,Delivered,4,,63,4
2018-05-01,259,2018-05-04,111,Ashanti,North,Shipped from Abroad,Fashion,Clothing,100% Cotton 4 Piece T-Shirts,1470.81,43.2,4,5926.44,Delivered,1,,52,3
2018-08-26,260,2018-09-14,617,Upper East,West,Shipped from Abroad,Fashion,Accessories,Leather Wallet,396.63,6.97,4,1593.49,Delivered,3,,53,19
2016-04-14,261,2016-04-24,389,Greater Accra,North,Shipped from Abroad,Electronics,Digital Cameras,Canon EOS 600D 18MP CMOS DSLR,333.93,21.81,2,689.67,Returned,1,Arrived Late,26,10
2019-11-20,262,2019-11-27,797,Weija,South,Standard Delivery,Electronics,Smartwatches,Samsung Galaxy Watch 3,1128.02,11.08,4,4523.16,Delivered,1,,22,7
2018-11-01,263,2018-11-08,686,Upper East,East,Express,Fashion,Clothing,100% Cotton 4 Piece T-Shirts,1489.88,7.61,2,2987.37,Delivered,1,,30,7
2020-01-12,264,2020-01-24,757,Weija,West,Shipped from Abroad,Phones and Tablet,Tablets,iPad Air 4th Gen,946.18,7.48,5,4738.38,Delivered,4,,57,12
2018-04-06,265,2018-04-23,503,Oti,South,Standard Delivery,Home and Office,Stationery,Moleskine Notebook,71.15,30.73,5,386.48,Delivered,1,,23,17
2020-07-05,266,2020-07-22,466,Ashanti,West,Standard Delivery,Fashion,Clothing,Men's Denim Jacket,1444.03,5.81,5,7225.96,Delivered,3,,25,17
2020-12-20,267,2021-01-02,298,Upper East,North,Standard Delivery,Phones and Tablet,Mobile phones,Samsung Galaxy A02,1308.54,22.98,4,5257.14,Delivered,1,,69,13
2016-09-03,268,2016-09-19,275,Western,South,Express,Electronics,Smartwatches,Samsung Galaxy Watch 3,365.39,23.28,3,1119.45,Delivered,4,,19,16
2020-12-23,269,2020-12-29,143,Oti,West,Standard Delivery,Fashion,Accessories,Leather Wallet,1057.32,31.68,1,1089.0,Delivered,5,,34,6
2018-12-26,270,2019-01-03,998,Oti,West,Express,Home and Office,Stationery,Parker Pen,1297.59,42.85,1,1340.44,Delivered,2,,46,8
2015-10-28,271,2015-11-07,805,Greater Accra,Central,Standard Delivery,Electronics,Home Theatre,LG Soundbar,188.35,28.69,1,217.04,Delivered,1,,47,10
2018-04-21,272,2018-05-04,552,Volta,North,Express,Electronics,Smartwatches,Samsung Galaxy Watch 3,652.88,18.72,5,3283.12,Delivered,4,,56,13
2015-07-12,273,2015-07-14,822,Ashanti,Central,Shipped from Abroad,Health and beauty,Personal Care,Avon Soft Musk Spray,1465.12,20.2,3,4415.56,Cancelled,2,Arrived Late,70,2
2016-04-06,274,2016-04-13,514,Upper East,South,Shipped from Abroad,Electronics,Smartwatches,Apple Watch Series 6,562.76,23.29,3,1711.57,Returned,1,Changed Mind,36,7
2020-11-27,275,2020-12-08,508,Weija,North,Shipped from Abroad,Home and Office,Furniture,8 Cubes Plastic Wardrobe,972.31,30.45,3,2947.38,Delivered,2,,41,11
2018-07-30,276,2018-08-16,867,Ashanti,East,Express,Electronics,Smartwatches,Apple Watch Series 6,320.05,32.56,4,1312.76,Delivered,1,,38,17
2015-01-31,277,2015-02-04,958,Upper East,West,Shipped from Abroad,Home and Office,Furniture,Ergonomic Office Chair,595.88,16.84,2,1208.6,Returned,2,Defective,45,4
2015-11-25,278,2015-12-02,258,Weija,West,Standard Delivery,Home and Office,Stationery,Parker Pen,677.29,33.05,2,1387.63,Delivered,4,,42,7
2016-05-02,279,2016-05-07,537,Volta,North,Standard Delivery,Phones and Tablet,Mobile phones,Infinix Smart HD X612,615.75,30.61,4,2493.61,Delivered,4,,40,5
2019-06-18,280,2019-07-03,183,Western,East,Express,Home and Office,Furniture,Ergonomic Office Chair,914.94,33.05,1,947.99,Delivered,2,,27,15
2019-01-25,281,2019-02-13,4,Greater Accra,East,Express,Home and Office,Stationery,Moleskine Notebook,147.72,40.03,1,187.75,Delivered,3,,43,19
2017-07-20,282,2017-08-09,681,Volta,Central,Shipped from Abroad,Home and Office,Furniture,Ergonomic Office Chair,224.5,49.05,2,498.05,Delivered,3,,42,20
2015-03-13,283,2015-03-20,69,Western,Central,Express,Home and Office,Furniture,8 Cubes Plastic Wardrobe,304.85,30.18,5,1554.43,Cancelled,2,Defective,70,7
2018-05-15,284,2018-05-18,537,Weija,East,Express,Fashion,Shoes,Adidas Ultraboost,1000.57,26.29,3,3028.0,Delivered,2,,40,3
2017-10-29,285,2017-11-03,769,Western,West,Standard Delivery,Phones and Tablet,Tablets,iPad Air 4th Gen,1122.72,9.13,5,5622.73,Cancelled,1,Changed Mind,41,5
2020-11-05,286,2020-11-14,841,Western,South,Standard Delivery,Health and beauty,Makeup,MAC Lipstick,1391.18,24.69,5,6980.59,Returned,1,Not as expected,61,9
2016-09-18,287,2016-09-26,827,Ashanti,South,Shipped from Abroad,Health and beauty,Personal Care,Aichun Beauty Essential Oil,293.0,39.63,5,1504.63,Delivered,5,,41,8
2016-10-08,288,2016-10-10,625,Oti,South,Shipped from Abroad,Health and beauty,Personal Care,Avon Soft Musk Spray,1085.8,32.81,1,1118.61,Delivered,1,,28,2
2015-05-13,289,2015-05-22,310,Volta,East,Shipped from Abroad,Home and Office,Stationery,Moleskine Notebook,1151.94,39.85,4,4647.61,Delivered,3,,45,9
2016-07-06,290,2016-07-16,731,Oti,East,Express,Phones and Tablet,Mobile phones,iPhone 12,965.78,5.4,4,3868.52,Returned,2,Arrived Late,50,10
2018-04-23,291,2018-05-05,186,Western,East,Standard Delivery,Home and Office,Furniture,Ergonomic Office Chair,913.35,5.95,2,1832.65,Delivered,1,,29,12
2015-08-23,292,2015-09-06,802,Oti,East,Standard Delivery,Health and beauty,Makeup,MAC Lipstick,909.37,42.84,1,952.21,Delivered,4,,60,14
2019-02-24,293,2019-03-08,596,Weija,Central,Shipped from Abroad,Electronics,Digital Cameras,Canon EOS 600D 18MP CMOS DSLR,1029.37,49.62,4,4167.1,Delivered,2,,62,12
2018-03-17,294,2018-03-24,312,Western,East,Standard Delivery,Electronics,Digital Cameras,Sony Alpha a6000,1016.48,44.24,3,3093.68,Delivered,2,,54,7
2016-07-22,295,2016-08-08,473,Ashanti,West,Shipped from Abroad,Phones and Tablet,Mobile phones,iPhone 12,938.05,40.36,1,978.41,Delivered,3,,42,17
2020-09-04,296,2020-09-20,944,Greater Accra,East,Express,Phones and Tablet,Mobile phones,iPhone 12,1287.02,8.27,5,6443.37,Delivered,1,,53,16
2017-02-27,297,2017-03-01,674,Upper East,South,Express,Health and beauty,Personal Care,Avon Soft Musk Spray,506.17,39.05,4,2063.73,Delivered,4,,58,2
2017-09-11,298,2017-09-25,677,Oti,West,Standard Delivery,Phones and Tablet,Tablets,iPad Air 4th Gen,1060.04,31.81,3,3211.93,Returned,1,Arrived Late,45,14
2018-05-26,299,2018-06-02,350,Volta,West,Shipped from Abroad,Electronics,Smartwatches,Samsung Galaxy Watch 3,261.96,14.02,3,799.9,Delivered,2,,59,7
2016-08-09,300,2016-08-11,749,Oti,East,Standard Delivery,Fashion,Clothing,100% Cotton 4 Piece T-Shirts,794.79,40.2,4,3219.36,Returned,2,Not as expected,39,2
2015-07-23,301,2015-08-07,421,Ashanti,West,Express,Fashion,Clothing,Men's Denim Jacket,747.46,6.62,3,2249.0,Returned,1,Arrived Late,19,15
2015-02-10,302,2015-02-27,869,Greater Accra,South,Standard Delivery,Health and beauty,Personal Care,Avon Soft Musk Spray,637.4,47.64,3,1959.84,Delivered,1,,57,17
2019-12-17,303,2019-12-19,23,Upper East,South,Standard Delivery,Home and Office,Furniture,8 Cubes Plastic Wardrobe,236.98,25.0,4,972.92,Delivered,4,,23,2
2019-12-05,304,2019-12-22,362,Greater Accra,South,Standard Delivery,Home and Office,Stationery,Moleskine Notebook,421.11,29.16,4,1713.6,Delivered,2,,41,17
2016-12-14,305,2016-12-28,487,Weija,Central,Standard Delivery,Electronics,Home Theatre,Sony 5.1 Home Theatre,663.32,42.87,4,2696.15,Delivered,3,,36,14
2018-04-11,306,2018-04-30,347,Greater Accra,South,Standard Delivery,Home and Office,Furniture,8 Cubes Plastic Wardrobe,1247.43,34.33,4,5024.05,Delivered,2,,62,19
2015-03-08,307,2015-03-26,123,Ashanti,South,Shipped from Abroad,Electronics,Home Theatre,LG Soundbar,150.14,38.46,1,188.6,Delivered,4,,68,18
2020-03-21,308,2020-04-01,158,Weija,West,Standard Delivery,Health and beauty,Personal Care,Aichun Beauty Essential Oil,35.36,32.19,5,208.99,Delivered,2,,56,11
2015-04-17,309,2015-04-28,670,Western,Central,Standard Delivery,Home and Office,Stationery,Parker Pen,621.3,49.98,3,1913.88,Delivered,3,,65,11
2017-04-22,310,2017-05-07,752,Upper East,Central,Standard Delivery,Health and beauty,Makeup,MAC Lipstick,774.21,28.15,5,3899.2,Delivered,2,,50,15
2017-01-25,311,2017-01-27,970,Ashanti,North,Shipped from Abroad,Fashion,Clothing,Men's Denim Jacket,447.34,6.82,4,1796.18,Delivered,2,,27,2
2020-01-16,312,2020-02-02,113,Upper East,Central,Shipped from Abroad,Home and Office,Furniture,Ergonomic Office Chair,1450.01,11.46,1,1461.47,Delivered,1,,23,17
2015-10-11,313,2015-10-23,386,Upper East,Central,Express,Electronics,Smartwatches,Samsung Galaxy Watch 3,629.12,32.39,5,3177.99,Cancelled,1,Not as expected,40,12
2017-08-10,314,2017-08-22,365,Weija,South,Standard Delivery,Home and Office,Stationery,Parker Pen,373.01,28.75,2,774.77,Delivered,2,,69,12
2020-08-11,315,2020-08-31,700,Upper East,Central,Shipped from Abroad,Electronics,Smartwatches,Samsung Galaxy Watch 3,259.6,26.86,4,1065.26,Delivered,1,,59,20
2017-12-10,316,2017-12-26,838,Upper East,Central,Express,Fashion,Clothing,Men's Denim Jacket,837.04,49.92,4,3398.08,Delivered,3,,29,16
2016-04-04,317,2016-04-07,82,Oti,Central,Express,Health and beauty,Makeup,MAC Lipstick,941.6,29.77,2,1912.97,Returned,1,Arrived Late,42,3
2019-03-13,318,2019-03-25,903,Western,East,Shipped from Abroad,Phones and Tablet,Mobile phones,iPhone 12,477.28,16.72,3,1448.56,Delivered,2,,64,12
2019-12-31,319,2020-01-10,666,Volta,South,Standard Delivery,Fashion,Accessories,Leather Wallet,1318.56,44.5,4,5318.74,Delivered,1,,19,10
2017-04-09,320,2017-04-25,587,Oti,North,Express,Home and Office,Stationery,Moleskine Notebook,416.69,46.92,5,2130.37,Delivered,3,,69,16
2019-04-17,321,2019-04-25,760,Oti,South,Shipped from Abroad,Electronics,Smartwatches,Apple Watch Series 6,1109.83,47.38,5,5596.53,Delivered,3,,58,8
2016-10-30,322,2016-11-14,501,Upper East,South,Standard Delivery,Phones and Tablet,Tablets,iPad Air 4th Gen,1239.94,34.7,4,4994.46,Returned,1,Arrived Late,55,15
2019-01-17,323,2019-01-28,353,Western,Central,Express,Home and Office,Furniture,Ergonomic Office Chair,411.44,36.32,5,2093.52,Returned,1,Arrived Late,70,11
2019-01-12,324,2019-01-31,379,Upper East,South,Shipped from Abroad,Fashion,Clothing,100% Cotton 4 Piece T-Shirts,863.74,44.06,3,2635.28,Delivered,4,,56,19
2017-01-05,325,2017-01-09,490,Western,East,Shipped from Abroad,Electronics,Home Theatre,LG Soundbar,352.22,16.27,2,720.71,Delivered,2,,51,4
2016-01-27,326,2016-02-06,660,Greater Accra,Central,Standard Delivery,Fashion,Accessories,Polarized Sunglasses,359.81,12.17,5,1811.22,Delivered,2,,21,10
2019-06-04,327,2019-06-15,875,Weija,South,Standard Delivery,Electronics,Digital Cameras,Sony Alpha a6000,47.3,32.45,1,79.75,Delivered,3,,52,11
2016-08-12,328,2016-08-17,680,Ashanti,Central,Shipped from Abroad,Fashion,Clothing,100% Cotton 4 Piece T-Shirts,392.97,28.75,2,814.69,Delivered,3,,69,5
2019-11-11,329,2019-11-29,348,Oti,East,Shipped from Abroad,Electronics,Home Theatre,Sony 5.1 Home Theatre,1068.49,47.17,5,5389.62,Delivered,2,,60,18
2016-09-20,330,2016-10-02,144,Weija,Central,Standard Delivery,Health and beauty,Personal Care,Avon Soft Musk Spray,365.7,26.07,4,1488.87,Delivered,1,,65,12
2015-04-28,331,2015-05-11,554,Western,North,Standard Delivery,Electronics,Digital Cameras,Sony Alpha a6000,312.59,15.46,2,640.64,Returned,2,Changed Mind,62,13
2015-03-27,332,2015-04-12,949,Volta,West,Shipped from Abroad,Health and beauty,Makeup,MAC Lipstick,381.77,41.85,1,423.62,Delivered,3,,33,16
2016-02-01,333,2016-02-16,856,Weija,Central,Standard Delivery,Electronics,Digital Cameras,Nikon D3500,453.69,35.8,2,943.18,Returned,1,Not as expected,19,15
2018-12-29,334,2019-01-10,283,Western,South,Standard Delivery,Home and Office,Stationery,Moleskine Notebook,1186.19,9.88,2,2382.26,Delivered,2,,61,12
2016-01-21,335,2016-02-04,802,Volta,North,Express,Health and beauty,Personal Care,Avon Soft Musk Spray,1411.49,13.99,5,7071.44,Delivered,2,,60,14
2018-03-01,336,2018-03-04,641,Ashanti,West,Express,Health and beauty,Personal Care,Avon Soft Musk Spray,736.53,18.48,4,2964.6,Delivered,3,,41,3
2017-06-07,337,2017-06-09,299,Weija,Central,Standard Delivery,Health and beauty,Makeup,Maybelline Foundation,1156.67,5.68,1,1162.35,Delivered,2,,36,2
2018-04-06,338,2018-04-19,178,Western,East,Standard Delivery,Phones and Tablet,Mobile phones,Infinix Smart HD X612,296.2,7.99,2,600.39,Delivered,3,,18,13
2018-11-28,339,2018-12-06,270,Volta,West,Standard Delivery,Health and beauty,Personal Care,Aichun Beauty Essential Oil,532.89,39.02,1,571.91,Returned,2,Not as expected,69,8
2020-07-10,340,2020-07-18,349,Oti,West,Standard Delivery,Fashion,Shoes,Adidas Ultraboost,1231.68,41.04,1,1272.72,Returned,2,Arrived Late,18,8
2016-03-04,341,2016-03-18,600,Volta,East,Shipped from Abroad,Health and beauty,Makeup,MAC Lipstick,627.13,44.73,4,2553.25,Delivered,4,,31,14
2019-07-27,342,2019-08-13,317,Ashanti,South,Standard Delivery,Phones and Tablet,Mobile phones,iPhone 12,80.47,21.87,1,102.34,Delivered,3,,26,17
2018-10-07,343,2018-10-14,225,Upper East,Central,Express,Fashion,Clothing,100% Cotton 4 Piece T-Shirts,1231.55,48.81,4,4975.01,Delivered,1,,39,7
2018-03-13,344,2018-03-20,394,Upper East,East,Express,Fashion,Shoes,Adidas Ultraboost,1217.49,11.49,5,6098.94,Returned,2,Changed Mind,52,7
2016-08-05,345,2016-08-11,21,Oti,North,Shipped from Abroad,Fashion,Accessories,Leather Wallet,1409.79,24.66,3,4254.03,Delivered,1,,62,6
2017-10-11,346,2017-10-14,399,Volta,North,Shipped from Abroad,Health and beauty,Personal Care,Avon Soft Musk Spray,296.65,44.03,2,637.33,Delivered,3,,40,3
2017-12-14,347,2017-12-23,649,Oti,Central,Standard Delivery,Health and beauty,Personal Care,Aichun Beauty Essential Oil,1075.84,13.55,5,5392.75,Delivered,4,,24,9
2020-09-09,348,2020-09-17,751,Weija,Central,Shipped from Abroad,Phones and Tablet,Tablets,iPad Air 4th Gen,135.96,16.29,2,288.21,Delivered,3,,31,8
2016-12-25,349,2016-12-28,925,Upper East,Central,Express,Fashion,Clothing,Men's Denim Jacket,490.46,23.48,5,2475.78,Delivered,4,,70,3
2015-05-23,350,2015-05-31,447,Volta,West,Express,Fashion,Shoes,Adidas Ultraboost,610.23,9.92,1,620.15,Delivered,2,,57,8
2020-11-14,351,2020-11-28,621,Ashanti,East,Express,Electronics,Home Theatre,LG Soundbar,656.67,35.89,4,2662.57,Delivered,3,,32,14
2016-11-21,352,2016-12-10,700,Ashanti,South,Express,Electronics,Home Theatre,Sony 5.1 Home Theatre,1337.9,5.63,5,6695.13,Returned,1,Defective,59,19
2018-05-30,353,2018-06-04,618,Oti,Central,Standard Delivery,Home and Office,Stationery,Parker Pen,585.21,25.39,3,1781.02,Delivered,1,,20,5
2016-06-01,354,2016-06-14,266,Western,South,Shipped from Abroad,Phones and Tablet,Mobile phones,iPhone 12,494.12,48.31,3,1530.67,Returned,1,Defective,57,13
2017-06-29,355,2017-07-09,673,Oti,Central,Shipped from Abroad,Phones and Tablet,Tablets,iPad Air 4th Gen,1023.93,27.75,2,2075.61,Delivered,1,,27,10
2017-12-02,356,2017-12-21,717,Greater Accra,Central,Standard Delivery,Home and Office,Furniture,Ergonomic Office Chair,38.89,26.61,4,182.17,Delivered,1,,56,19
2015-02-12,357,2015-03-01,353,Oti,Central,Shipped from Abroad,Home and Office,Furniture,Ergonomic Office Chair,587.23,35.76,1,622.99,Delivered,3,,70,17
2017-06-30,358,2017-07-18,687,Oti,South,Shipped from Abroad,Electronics,Smartwatches,Samsung Galaxy Watch 3,1058.22,24.76,3,3199.42,Returned,2,Defective,36,18
2016-11-11,359,2016-11-24,33,Oti,West,Standard Delivery,Fashion,Clothing,100% Cotton 4 Piece T-Shirts,216.6,44.2,1,260.8,Delivered,1,,21,13
2020-03-06,360,2020-03-16,904,Oti,North,Shipped from Abroad,Home and Office,Stationery,Parker Pen,84.4,36.01,5,458.01,Delivered,1,,41,10
2015-03-16,361,2015-03-19,550,Western,West,Express,Home and Office,Furniture,Ergonomic Office Chair,1182.33,41.28,5,5952.93,Delivered,4,,58,3
2018-10-19,362,2018-10-26,116,Weija,South,Express,Phones and Tablet,Tablets,iPad Air 4th Gen,1013.66,35.83,2,2063.15,Delivered,2,,56,7
2015-03-25,363,2015-03-28,734,Western,South,Shipped from Abroad,Electronics,Smartwatches,Samsung Galaxy Watch 3,769.75,9.87,5,3858.62,Delivered,5,,41,3
2020-12-09,364,2020-12-29,701,Weija,Central,Standard Delivery,Electronics,Smartwatches,Apple Watch Series 6,182.33,29.81,2,394.47,Returned,2,Changed Mind,65,20
2016-08-07,365,2016-08-12,370,Weija,Central,Shipped from Abroad,Health and beauty,Personal Care,Avon Soft Musk Spray,325.18,14.96,1,340.14,Delivered,5,,24,5
2017-09-13,366,2017-09-29,360,Greater Accra,Central,Shipped from Abroad,Electronics,Smartwatches,Apple Watch Series 6,1078.2,13.64,1,1091.84,Delivered,2,,31,16
2016-01-14,367,2016-01-27,419,Greater Accra,South,Express,Fashion,Clothing,100% Cotton 4 Piece T-Shirts,41.39,30.13,1,71.52,Returned,2,Not as expected,44,13
2018-04-13,368,2018-04-19,491,Ashanti,West,Express,Phones and Tablet,Mobile phones,Samsung Galaxy A02,812.41,22.16,5,4084.21,Delivered,3,,64,6
2020-10-01,369,2020-10-04,990,Greater Accra,West,Shipped from Abroad,Electronics,Home Theatre,LG Soundbar,584.23,29.02,5,2950.17,Delivered,3,,22,3
2015-01-19,370,2015-02-06,228,Ashanti,West,Standard Delivery,Home and Office,Furniture,8 Cubes Plastic Wardrobe,1365.28,40.97,1,1406.25,Delivered,4,,50,18
2016-03-30,371,2016-04-19,490,Western,West,Shipped from Abroad,Home and Office,Furniture,Ergonomic Office Chair,371.58,43.66,1,415.24,Delivered,3,,51,20
2018-08-07,372,2018-08-09,469,Upper East,North,Shipped from Abroad,Health and beauty,Personal Care,Aichun Beauty Essential Oil,1390.77,17.14,1,1407.91,Delivered,2,,50,2
2017-01-26,373,2017-02-12,259,Oti,North,Standard Delivery,Home and Office,Furniture,8 Cubes Plastic Wardrobe,83.8,39.63,5,458.63,Returned,2,Not as expected,45,17
2017-06-05,374,2017-06-19,723,Western,East,Shipped from Abroad,Fashion,Shoes,Adidas Ultraboost,1001.96,42.13,4,4049.97,Delivered,2,,28,14
2016-07-04,375,2016-07-17,984,Volta,North,Standard Delivery,Health and beauty,Personal Care,Avon Soft Musk Spray,611.18,18.09,3,1851.63,Delivered,1,,24,13
2015-05-31,376,2015-06-02,824,Western,East,Shipped from Abroad,Electronics,Home Theatre,Sony 5.1 Home Theatre,224.67,21.55,3,695.56,Returned,2,Arrived Late,41,2
2016-02-13,377,2016-02-29,322,Weija,Central,Standard Delivery,Health and beauty,Personal Care,Avon Soft Musk Spray,388.7,44.2,5,1987.7,Returned,2,Arrived Late,69,16
2020-11-01,378,2020-11-16,523,Greater Accra,East,Standard Delivery,Home and Office,Furniture,8 Cubes Plastic Wardrobe,975.81,12.47,3,2939.9,Delivered,1,,29,15
2020-05-19,379,2020-06-05,353,Western,South,Express,Phones and Tablet,Mobile phones,iPhone 12,441.92,29.55,2,913.39,Delivered,3,,70,17
2015-01-12,380,2015-01-19,488,Weija,Central,Standard Delivery,Phones and Tablet,Mobile phones,iPhone 12,27.16,32.96,3,114.44,Delivered,1,,43,7
2020-04-15,381,2020-04-27,805,Greater Accra,East,Standard Delivery,Phones and Tablet,Mobile phones,Infinix Smart HD X612,1025.69,35.98,1,1061.67,Delivered,5,,47,12
2016-06-27,382,2016-07-02,870,Greater Accra,South,Shipped from Abroad,Health and beauty,Makeup,MAC Lipstick,1495.54,10.0,1,1505.54,Delivered,2,,49,5
2018-07-05,383,2018-07-11,724,Weija,North,Express,Health and beauty,Personal Care,Avon Soft Musk Spray,351.07,33.93,4,1438.21,Delivered,1,,48,6
2018-07-03,384,2018-07-16,406,Upper East,West,Express,Health and beauty,Personal Care,Avon Soft Musk Spray,1049.53,33.79,1,1083.32,Delivered,1,,69,13
2017-08-13,385,2017-08-23,520,Upper East,West,Standard Delivery,Phones and Tablet,Mobile phones,Infinix Smart HD X612,851.85,22.61,4,3430.01,Delivered,3,,56,10
2015-04-03,386,2015-04-08,147,Upper East,East,Standard Delivery,Home and Office,Furniture,Ergonomic Office Chair,607.68,40.76,1,648.44,Delivered,5,,65,5
2015-08-14,387,2015-08-29,953,Volta,North,Standard Delivery,Electronics,Home Theatre,Sony 5.1 Home Theatre,91.8,11.99,4,379.19,Delivered,1,,49,15
2015-11-30,388,2015-12-12,951,Upper East,West,Standard Delivery,Home and Office,Stationery,Parker Pen,21.5,33.57,1,55.07,Returned,1,Defective,48,12
2018-08-29,389,2018-09-08,981,Greater Accra,East,Express,Electronics,Smartwatches,Samsung Galaxy Watch 3,1269.08,42.7,4,5119.02,Delivered,5,,38,10
2020-06-12,390,2020-06-14,707,Weija,North,Express,Electronics,Smartwatches,Samsung Galaxy Watch 3,256.45,29.66,2,542.56,Delivered,3,,32,2
2019-08-23,391,2019-08-28,631,Oti,North,Standard Delivery,Phones and Tablet,Mobile phones,iPhone 12,445.05,44.08,4,1824.28,Delivered,3,,23,5
2020-07-21,392,2020-07-26,686,Greater Accra,West,Standard Delivery,Home and Office,Furniture,Ergonomic Office Chair,1215.54,21.42,5,6099.12,Returned,2,Arrived Late,30,5
2016-05-20,393,2016-06-03,45,Oti,South,Express,Fashion,Shoes,Nike Air Max,1072.82,28.78,5,5392.88,Delivered,1,,46,14
2019-06-27,394,2019-06-30,763,Upper East,North,Express,Home and Office,Stationery,Parker Pen,260.34,37.6,1,297.94,Delivered,4,,49,3
2018-05-09,395,2018-05-16,613,Oti,West,Standard Delivery,Health and beauty,Personal Care,Aichun Beauty Essential Oil,348.38,32.57,1,380.95,Delivered,3,,18,7
2017-10-09,396,2017-10-23,819,Volta,South,Shipped from Abroad,Electronics,Digital Cameras,Canon EOS 600D 18MP CMOS DSLR,305.72,8.88,5,1537.48,Delivered,1,,63,14
2017-06-19,397,2017-07-08,303,Weija,South,Standard Delivery,Electronics,Digital Cameras,Sony Alpha a6000,1295.52,18.65,4,5200.73,Delivered,2,,35,19
2017-02-09,398,2017-02-14,807,Upper East,South,Shipped from Abroad,Electronics,Smartwatches,Samsung Galaxy Watch 3,381.51,10.09,5,1917.64,Delivered,2,,48,5
2016-01-15,399,2016-01-19,698,Weija,Central,Standard Delivery,Electronics,Smartwatches,Samsung Galaxy Watch 3,106.33,19.41,2,232.07,Delivered,1,,18,4
2015-08-29,400,2015-09-18,829,Volta,West,Shipped from Abroad,Health and beauty,Makeup,MAC Lipstick,1126.64,43.0,2,2296.28,Cancelled,1,Defective,40,20
2018-04-03,401,2018-04-15,97,Weija,West,Shipped from Abroad,Fashion,Accessories,Polarized Sunglasses,556.59,21.18,5,2804.13,Returned,1,Not as expected,61,12
2017-06-29,402,2017-07-01,308,Upper East,Central,Standard Delivery,Phones and Tablet,Tablets,iPad Air 4th Gen,402.66,38.02,1,440.68,Delivered,1,,49,2
2016-04-16,403,2016-04-28,156,Oti,East,Standard Delivery,Phones and Tablet,Mobile phones,Infinix Smart HD X612,909.17,10.39,5,4556.24,Delivered,4,,67,12
2020-03-08,404,2020-03-16,467,Volta,North,Shipped from Abroad,Health and beauty,Personal Care,Aichun Beauty Essential Oil,1235.59,46.38,3,3753.15,Delivered,5,,70,8
2017-07-12,405,2017-07-16,116,Oti,East,Standard Delivery,Phones and Tablet,Mobile phones,Infinix Smart HD X612,745.02,19.69,4,2999.77,Delivered,2,,56,4
2017-12-31,406,2018-01-14,802,Upper East,South,Express,Health and beauty,Makeup,Maybelline Foundation,961.38,48.21,2,1970.97,Delivered,1,,60,14
2017-08-24,407,2017-08-29,948,Greater Accra,West,Express,Electronics,Smartwatches,Apple Watch Series 6,1261.8,7.97,5,6316.97,Delivered,2,,33,5
2016-02-10,408,2016-02-27,974,Western,North,Express,Electronics,Smartwatches,Samsung Galaxy Watch 3,24.37,28.6,1,52.97,Delivered,3,,39,17
2018-12-01,409,2018-12-04,477,Oti,East,Standard Delivery,Health and beauty,Makeup,Maybelline Foundation,418.71,27.26,5,2120.81,Delivered,4,,70,3
2015-04-11,410,2015-04-17,355,Volta,Central,Shipped from Abroad,Electronics,Smartwatches,Samsung Galaxy Watch 3,1048.72,11.92,2,2109.36,Delivered,3,,63,6
2017-03-11,411,2017-03-19,615,Weija,North,Shipped from Abroad,Electronics,Smartwatches,Apple Watch Series 6,205.08,13.05,2,423.21,Returned,1,Defective,60,8
2017-04-19,412,2017-05-04,803,Greater Accra,South,Shipped from Abroad,Electronics,Smartwatches,Apple Watch Series 6,381.43,27.42,3,1171.71,Delivered,2,,29,15
2016-07-07,413,2016-07-12,339,Greater Accra,North,Express,Fashion,Shoes,Nike Air Max,667.15,16.53,2,1350.83,Delivered,4,,53,5
2019-09-20,414,2019-09-26,494,Oti,Central,Shipped from Abroad,Electronics,Home Theatre,Sony 5.1 Home Theatre,820.76,16.32,1,837.08,Delivered,3,,69,6
2016-05-05,415,2016-05-13,558,Ashanti,West,Shipped from Abroad,Health and beauty,Makeup,MAC Lipstick,1304.23,38.72,2,2647.18,Delivered,2,,18,8
2018-10-24,416,2018-11-02,727,Weija,South,Express,Phones and Tablet,Mobile phones,Infinix Smart HD X612,112.16,10.83,4,459.47,Delivered,1,,44,9
2016-02-13,417,2016-02-21,369,Western,East,Shipped from Abroad,Health and beauty,Personal Care,Avon Soft Musk Spray,83.16,38.27,5,454.07,Delivered,2,,48,8
2018-02-03,418,2018-02-22,831,Volta,East,Express,Phones and Tablet,Tablets,iPad Air 4th Gen,419.96,27.28,3,1287.16,Delivered,5,,70,19
2016-10-03,419,2016-10-14,432,Greater Accra,East,Shipped from Abroad,Electronics,Smartwatches,Samsung Galaxy Watch 3,380.23,42.89,2,803.35,Delivered,4,,53,11
2015-07-15,420,2015-07-20,814,Upper East,North,Express,Electronics,Smartwatches,Apple Watch Series 6,976.19,47.31,3,2975.88,Delivered,1,,27,5
2017-04-29,421,2017-05-05,963,Oti,West,Standard Delivery,Electronics,Smartwatches,Apple Watch Series 6,965.94,5.47,1,971.41,Delivered,3,,28,6
2016-01-30,422,2016-02-18,102,Upper East,East,Standard Delivery,Home and Office,Stationery,Parker Pen,1209.45,10.03,4,4847.83,Delivered,2,,49,19
2017-10-13,423,2017-11-02,31,Oti,East,Express,Home and Office,Furniture,8 Cubes Plastic Wardrobe,1044.75,19.85,5,5243.6,Delivered,4,,25,20
2020-02-09,424,2020-02-25,707,Western,Central,Shipped from Abroad,Health and beauty,Makeup,MAC Lipstick,1396.15,26.3,5,7007.05,Delivered,3,,32,16
2017-04-25,425,2017-04-27,274,Upper East,South,Standard Delivery,Fashion,Accessories,Polarized Sunglasses,840.86,16.85,2,1698.57,Delivered,2,,27,2
2016-04-05,426,2016-04-24,600,Upper East,South,Express,Electronics,Home Theatre,LG Soundbar,888.36,19.41,2,1796.13,Delivered,4,,31,19
2015-07-03,427,2015-07-08,443,Upper East,South,Standard Delivery,Electronics,Digital Cameras,Nikon D3500,548.83,37.49,1,586.32,Delivered,3,,19,5
2016-04-02,428,2016-04-11,470,Weija,East,Standard Delivery,Fashion,Shoes,Adidas Ultraboost,772.51,17.62,3,2335.15,Delivered,1,,24,9
2016-06-10,429,2016-06-18,956,Weija,South,Shipped from Abroad,Health and beauty,Personal Care,Aichun Beauty Essential Oil,1349.7,16.51,2,2715.91,Delivered,3,,28,8
2017-07-08,430,2017-07-13,258,Weija,East,Express,Health and beauty,Personal Care,Avon Soft Musk Spray,827.38,26.44,1,853.82,Delivered,4,,42,5
2016-12-08,431,2016-12-22,780,Oti,North,Shipped from Abroad,Electronics,Digital Cameras,Nikon D3500,1015.12,44.79,4,4105.27,Delivered,1,,24,14
2019-11-05,432,2019-11-07,308,Oti,North,Standard Delivery,Electronics,Smartwatches,Apple Watch Series 6,1035.65,43.32,2,2114.62,Returned,1,Defective,49,2
2018-05-01,433,2018-05-10,426,Oti,Central,Standard Delivery,Electronics,Smartwatches,Apple Watch Series 6,293.28,7.82,2,594.38,Returned,1,Not as expected,54,9
2017-09-29,434,2017-10-16,879,Volta,Central,Express,Electronics,Smartwatches,Apple Watch Series 6,516.49,5.92,3,1555.39,Returned,2,Arrived Late,41,17
2019-07-06,435,2019-07-10,27,Upper East,Central,Express,Phones and Tablet,Mobile phones,Infinix Smart HD X612,852.75,19.5,3,2577.75,Delivered,1,,46,4
2019-03-21,436,2019-04-07,629,Western,North,Standard Delivery,Electronics,Home Theatre,Sony 5.1 Home Theatre,699.88,30.15,4,2829.67,Returned,2,Defective,69,17
2018-06-23,437,2018-06-27,13,Oti,East,Shipped from Abroad,Home and Office,Stationery,Parker Pen,1398.49,35.22,5,7027.67,Delivered,2,,40,4
2016-04-13,438,2016-05-01,513,Ashanti,East,Shipped from Abroad,Health and beauty,Makeup,Maybelline Foundation,844.31,21.06,2,1709.68,Returned,1,Defective,52,18
2017-05-22,439,2017-05-30,676,Volta,Central,Standard Delivery,Health and beauty,Personal Care,Avon Soft Musk Spray,784.37,19.48,3,2372.59,Cancelled,2,Not as expected,45,8
2016-10-25,440,2016-11-03,64,Oti,East,Standard Delivery,Phones and Tablet,Mobile phones,Samsung Galaxy A02,1424.78,20.5,3,4294.84,Delivered,4,,65,9
2016-04-07,441,2016-04-25,181,Greater Accra,East,Shipped from Abroad,Fashion,Clothing,100% Cotton 4 Piece T-Shirts,994.74,15.71,2,2005.19,Returned,2,Changed Mind,63,18
2019-09-21,442,2019-09-30,200,Volta,West,Standard Delivery,Fashion,Shoes,Nike Air Max,1149.52,49.16,2,2348.2,Delivered,4,,54,9
2016-01-08,443,2016-01-20,58,Greater Accra,South,Standard Delivery,Home and Office,Stationery,Moleskine Notebook,683.46,29.51,1,712.97,Delivered,2,,33,12
2017-03-12,444,2017-03-25,312,Oti,West,Shipped from Abroad,Home and Office,Furniture,Ergonomic Office Chair,582.47,8.12,2,1173.06,Returned,2,Defective,54,13
2016-11-25,445,2016-12-01,439,Ashanti,West,Express,Home and Office,Furniture,8 Cubes Plastic Wardrobe,1208.14,43.97,2,2460.25,Delivered,1,,67,6
2019-04-01,446,2019-04-07,891,Upper East,Central,Express,Fashion,Clothing,100% Cotton 4 Piece T-Shirts,827.29,41.93,5,4178.38,Delivered,4,,20,6
2018-06-19,447,2018-07-03,510,Ashanti,West,Express,Home and Office,Furniture,8 Cubes Plastic Wardrobe,149.55,7.98,3,456.63,Cancelled,2,Not as expected,49,14
2018-02-26,448,2018-03-15,613,Greater Accra,North,Shipped from Abroad,Home and Office,Furniture,Ergonomic Office Chair,178.06,21.08,4,733.32,Delivered,5,,18,17
2015-05-14,449,2015-05-18,785,Western,East,Shipped from Abroad,Health and beauty,Makeup,MAC Lipstick,1038.19,34.52,3,3149.09,Delivered,5,,43,4
2019-01-20,450,2019-02-06,671,Ashanti,Central,Express,Health and beauty,Makeup,Maybelline Foundation,87.69,7.36,4,358.12,Delivered,2,,23,17
2017-07-09,451,2017-07-23,267,Volta,West,Standard Delivery,Health and beauty,Personal Care,Avon Soft Musk Spray,273.43,37.18,2,584.04,Delivered,3,,36,14
2018-12-10,452,2018-12-28,545,Ashanti,West,Shipped from Abroad,Fashion,Shoes,Nike Air Max,1405.54,12.48,5,7040.18,Returned,2,Arrived Late,53,18
2019-08-11,453,2019-08-24,58,Western,East,Express,Electronics,Smartwatches,Samsung Galaxy Watch 3,461.91,32.87,2,956.69,Delivered,4,,33,13
2020-03-09,454,2020-03-22,657,Weija,Central,Standard Delivery,Phones and Tablet,Mobile phones,Samsung Galaxy A02,1428.42,19.22,3,4304.48,Delivered,3,,21,13
2015-04-09,455,2015-04-25,876,Western,West,Express,Health and beauty,Personal Care,Avon Soft Musk Spray,646.18,44.64,1,690.82,Delivered,3,,34,16
2018-04-17,456,2018-04-21,655,Greater Accra,Central,Shipped from Abroad,Fashion,Accessories,Leather Wallet,1301.0,32.25,1,1333.25,Returned,2,Arrived Late,48,4
2020-12-16,457,2020-12-23,364,Volta,East,Express,Health and beauty,Makeup,MAC Lipstick,679.85,47.68,5,3446.93,Delivered,1,,54,7
2018-10-04,458,2018-10-23,209,Weija,South,Shipped from Abroad,Home and Office,Furniture,Ergonomic Office Chair,739.09,45.33,1,784.42,Delivered,3,,68,19
2018-12-10,459,2018-12-22,853,Greater Accra,East,Standard Delivery,Home and Office,Furniture,8 Cubes Plastic Wardrobe,310.96,49.3,5,1604.1,Delivered,3,,64,12
2015-10-25,460,2015-10-28,885,Upper East,Central,Express,Fashion,Accessories,Leather Wallet,490.53,15.19,3,1486.78,Delivered,2,,40,3
2016-11-27,461,2016-12-12,429,Oti,East,Shipped from Abroad,Home and Office,Stationery,Parker Pen,797.08,27.9,3,2419.14,Delivered,4,,55,15
2016-12-19,462,2016-12-27,811,Weija,Central,Shipped from Abroad,Home and Office,Stationery,Moleskine Notebook,434.04,10.02,4,1746.18,Cancelled,1,Defective,35,8
2020-03-26,463,2020-03-28,996,Greater Accra,Central,Shipped from Abroad,Phones and Tablet,Tablets,Amazon Fire HD 8 Kids Tablet,488.11,13.08,3,1477.41,Delivered,1,,30,2
2019-04-13,464,2019-04-23,790,Ashanti,Central,Standard Delivery,Phones and Tablet,Mobile phones,Infinix Smart HD X612,128.21,28.76,5,669.81,Delivered,3,,36,10
2020-03-25,465,2020-03-29,879,Oti,West,Shipped from Abroad,Phones and Tablet,Tablets,Amazon Fire HD 8 Kids Tablet,1098.74,40.81,4,4435.77,Delivered,3,,41,4
2020-09-09,466,2020-09-15,729,Greater Accra,West,Express,Electronics,Smartwatches,Samsung Galaxy Watch 3,714.43,11.81,4,2869.53,Delivered,2,,61,6
2015-07-15,467,2015-07-19,906,Oti,West,Express,Fashion,Shoes,Nike Air Max,949.68,5.77,5,4754.17,Delivered,2,,53,4
2020-05-25,468,2020-06-08,882,Volta,North,Shipped from Abroad,Home and Office,Furniture,8 Cubes Plastic Wardrobe,556.17,40.04,5,2820.89,Returned,1,Changed Mind,66,14
2015-09-05,469,2015-09-18,537,Weija,South,Express,Home and Office,Stationery,Parker Pen,227.66,47.83,4,958.47,Returned,2,Changed Mind,40,13
2019-06-21,470,2019-06-27,312,Ashanti,North,Standard Delivery,Electronics,Home Theatre,LG Soundbar,279.75,7.0,4,1126.0,Delivered,4,,54,6
2015-06-18,471,2015-06-20,614,Volta,South,Express,Fashion,Accessories,Leather Wallet,775.91,40.56,5,3920.11,Cancelled,1,Defective,21,2
2015-10-14,472,2015-10-16,536,Oti,South,Shipped from Abroad,Health and beauty,Makeup,Maybelline Foundation,592.85,35.36,5,2999.61,Delivered,2,,19,2
2018-11-12,473,2018-11-17,500,Upper East,North,Shipped from Abroad,Health and beauty,Makeup,Maybelline Foundation,26.2,29.76,5,160.76,Delivered,4,,49,5
2015-01-17,474,2015-01-23,262,Greater Accra,South,Express,Health and beauty,Personal Care,Avon Soft Musk Spray,852.48,46.02,5,4308.42,Returned,1,Arrived Late,53,6
2017-10-02,475,2017-10-06,169,Upper East,Central,Express,Electronics,Home Theatre,LG Soundbar,37.08,33.15,2,107.31,Returned,2,Defective,63,4
2020-11-04,476,2020-11-20,145,Upper East,South,Shipped from Abroad,Home and Office,Stationery,Parker Pen,76.98,49.08,3,280.02,Delivered,3,,49,16
2015-02-20,477,2015-03-04,543,Greater Accra,Central,Express,Home and Office,Furniture,8 Cubes Plastic Wardrobe,508.89,34.39,4,2069.95,Delivered,1,,30,12
2020-06-11,478,2020-06-18,124,Weija,South,Standard Delivery,Home and Office,Stationery,Parker Pen,310.03,37.48,3,967.57,Delivered,1,,68,7
2018-09-28,479,2018-10-10,773,Weija,Central,Shipped from Abroad,Home and Office,Stationery,Moleskine Notebook,1052.37,32.66,4,4242.14,Returned,2,Arrived Late,58,12
2020-05-22,480,2020-06-08,253,Oti,East,Shipped from Abroad,Phones and Tablet,Tablets,Amazon Fire HD 8 Kids Tablet,543.18,34.1,1,577.28,Delivered,3,,33,17
2020-05-25,481,2020-06-13,974,Ashanti,East,Shipped from Abroad,Health and beauty,Personal Care,Avon Soft Musk Spray,724.13,38.41,1,762.54,Delivered,5,,39,19
2015-06-26,482,2015-07-05,278,Ashanti,Central,Express,Phones and Tablet,Mobile phones,Samsung Galaxy A02,62.14,36.1,5,346.8,Delivered,4,,64,9
2016-11-09,483,2016-11-29,462,Western,West,Shipped from Abroad,Fashion,Shoes,Nike Air Max,943.26,40.18,1,983.44,Delivered,2,,58,20
2018-06-02,484,2018-06-05,587,Western,Central,Express,Electronics,Smartwatches,Apple Watch Series 6,17.68,30.62,1,48.3,Cancelled,1,Defective,69,3
2015-10-07,485,2015-10-18,549,Volta,South,Express,Fashion,Clothing,100% Cotton 4 Piece T-Shirts,867.77,20.69,5,4359.54,Returned,1,Changed Mind,34,11
2019-01-15,486,2019-02-03,568,Western,West,Standard Delivery,Phones and Tablet,Tablets,Amazon Fire HD 8 Kids Tablet,41.83,17.98,1,59.81,Returned,1,Not as expected,25,19
2019-08-11,487,2019-08-28,570,Ashanti,West,Shipped from Abroad,Fashion,Accessories,Polarized Sunglasses,784.23,30.71,5,3951.86,Delivered,5,,34,17
2019-06-23,488,2019-07-01,773,Oti,East,Standard Delivery,Phones and Tablet,Mobile phones,Infinix Smart HD X612,1301.85,37.44,5,6546.69,Delivered,1,,58,8
2017-04-24,489,2017-05-09,10,Ashanti,North,Express,Fashion,Clothing,Men's Denim Jacket,1416.93,29.35,5,7114.0,Delivered,3,,66,15
2018-01-29,490,2018-02-13,110,Upper East,East,Express,Fashion,Clothing,Men's Denim Jacket,1355.79,40.82,1,1396.61,Delivered,4,,45,15
2015-12-05,491,2015-12-16,152,Western,West,Shipped from Abroad,Home and Office,Furniture,8 Cubes Plastic Wardrobe,1145.04,32.1,1,1177.14,Returned,2,Arrived Late,46,11
2019-09-10,492,2019-09-22,188,Volta,East,Shipped from Abroad,Health and beauty,Makeup,Maybelline Foundation,1279.59,11.74,5,6409.69,Delivered,2,,50,12
2020-09-17,493,2020-09-24,206,Ashanti,North,Shipped from Abroad,Fashion,Shoes,Adidas Ultraboost,157.48,21.45,4,651.37,Delivered,4,,69,7
2020-09-05,494,2020-09-13,25,Weija,East,Standard Delivery,Fashion,Clothing,100% Cotton 4 Piece T-Shirts,131.28,21.69,5,678.09,Delivered,2,,30,8
2020-03-03,495,2020-03-14,501,Western,North,Standard Delivery,Electronics,Smartwatches,Samsung Galaxy Watch 3,723.65,43.71,5,3661.96,Delivered,3,,55,11
2017-10-10,496,2017-10-15,658,Volta,North,Express,Home and Office,Stationery,Parker Pen,1137.81,24.41,5,5713.46,Delivered,4,,27,5
2015-01-15,497,2015-01-20,534,Upper East,East,Shipped from Abroad,Home and Office,Furniture,8 Cubes Plastic Wardrobe,1393.76,46.68,3,4227.96,Delivered,2,,52,5
2015-01-15,498,2015-01-21,269,Oti,West,Express,Fashion,Accessories,Leather Wallet,82.79,7.71,4,338.87,Delivered,1,,18,6
2019-02-07,499,2019-02-11,937,Ashanti,West,Standard Delivery,Home and Office,Furniture,8 Cubes Plastic Wardrobe,551.24,32.81,4,2237.77,Delivered,1,,60,4
2017-12-01,500,2017-12-16,142,Volta,North,Express,Health and beauty,Personal Care,Aichun Beauty Essential Oil,400.91,43.76,1,444.67,Delivered,4,,35,15
2016-10-17,501,2016-10-22,200,Weija,South,Express,Fashion,Shoes,Adidas Ultraboost,208.87,27.02,2,444.76,Delivered,5,,54,5
2018-02-03,502,2018-02-13,668,Oti,South,Shipped from Abroad,Home and Office,Furniture,8 Cubes Plastic Wardrobe,101.9,39.61,4,447.21,Delivered,1,,21,10
2019-03-12,503,2019-03-19,71,Weija,East,Shipped from Abroad,Phones and Tablet,Mobile phones,iPhone 12,303.57,47.58,1,351.15,Delivered,5,,69,7
2018-07-04,504,2018-07-09,126,Weija,East,Express,Fashion,Shoes,Adidas Ultraboost,63.22,15.24,5,331.34,Delivered,5,,55,5
2019-03-17,505,2019-03-24,595,Ashanti,South,Standard Delivery,Electronics,Smartwatches,Samsung Galaxy Watch 3,1100.45,9.73,1,1110.18,Delivered,1,,28,7
2015-09-06,506,2015-09-09,606,Upper East,East,Standard Delivery,Fashion,Accessories,Polarized Sunglasses,29.85,14.27,5,163.52,Delivered,1,,39,3
2020-09-20,507,2020-10-05,513,Greater Accra,West,Standard Delivery,Home and Office,Furniture,8 Cubes Plastic Wardrobe,267.88,47.44,4,1118.96,Delivered,2,,52,15
2016-09-16,508,2016-09-22,747,Greater Accra,East,Shipped from Abroad,Electronics,Home Theatre,LG Soundbar,612.88,14.38,1,627.26,Delivered,1,,54,6
2020-02-23,509,2020-02-26,820,Oti,Central,Standard Delivery,Home and Office,Furniture,Ergonomic Office Chair,1139.32,8.13,4,4565.41,Delivered,2,,27,3
2018-01-21,510,2018-01-24,802,Oti,North,Standard Delivery,Electronics,Home Theatre,Sony 5.1 Home Theatre,916.17,14.96,1,931.13,Returned,1,Changed Mind,60,3
2019-04-30,511,2019-05-16,62,Ashanti,North,Shipped from Abroad,Phones and Tablet,Mobile phones,Infinix Smart HD X612,673.96,9.55,1,683.51,Delivered,3,,68,16
2018-01-22,512,2018-02-02,445,Weija,East,Shipped from Abroad,Fashion,Clothing,100% Cotton 4 Piece T-Shirts,340.78,25.44,1,366.22,Returned,2,Arrived Late,23,11
2016-04-12,513,2016-04-18,790,Western,West,Standard Delivery,Health and beauty,Makeup,Maybelline Foundation,345.15,45.3,5,1771.05,Delivered,2,,36,6
2016-11-04,514,2016-11-09,697,Oti,North,Standard Delivery,Health and beauty,Personal Care,Aichun Beauty Essential Oil,544.6,17.33,3,1651.13,Delivered,5,,63,5
2018-10-07,515,2018-10-12,887,Greater Accra,North,Standard Delivery,Fashion,Clothing,Men's Denim Jacket,258.82,15.58,2,533.22,Returned,1,Changed Mind,35,5
2017-09-13,516,2017-10-03,514,Western,East,Standard Delivery,Home and Office,Stationery,Moleskine Notebook,302.27,24.06,5,1535.41,Delivered,4,,36,20
2019-08-11,517,2019-08-31,986,Upper East,South,Shipped from Abroad,Fashion,Shoes,Nike Air Max,1036.65,44.37,1,1081.02,Delivered,2,,42,20
2016-10-08,518,2016-10-19,447,Weija,Central,Shipped from Abroad,Electronics,Smartwatches,Samsung Galaxy Watch 3,1378.42,5.63,3,4140.89,Returned,2,Changed Mind,57,11
2020-12-05,519,2020-12-11,193,Western,West,Express,Health and beauty,Makeup,Maybelline Foundation,1131.62,9.54,5,5667.64,Delivered,1,,54,6
2020-11-23,520,2020-12-05,258,Greater Accra,South,Standard Delivery,Health and beauty,Personal Care,Avon Soft Musk Spray,644.94,18.43,2,1308.31,Returned,1,Changed Mind,42,12
2018-01-29,521,2018-02-04,445,Greater Accra,South,Express,Electronics,Digital Cameras,Nikon D3500,503.18,12.77,3,1522.31,Delivered,4,,23,6
2019-02-08,522,2019-02-11,989,Ashanti,East,Shipped from Abroad,Fashion,Clothing,100% Cotton 4 Piece T-Shirts,718.4,9.41,2,1446.21,Delivered,2,,61,3
2019-01-03,523,2019-01-07,304,Volta,West,Express,Home and Office,Furniture,8 Cubes Plastic Wardrobe,867.55,15.52,5,4353.27,Delivered,2,,44,4
2020-03-09,524,2020-03-15,452,Greater Accra,North,Shipped from Abroad,Health and beauty,Makeup,MAC Lipstick,508.9,35.62,5,2580.12,Delivered,1,,60,6
2020-05-02,525,2020-05-20,185,Volta,South,Standard Delivery,Home and Office,Stationery,Parker Pen,203.79,31.16,4,846.32,Returned,2,Not as expected,29,18
2015-05-17,526,2015-05-21,828,Volta,South,Express,Electronics,Smartwatches,Samsung Galaxy Watch 3,600.91,18.19,2,1220.01,Returned,1,Not as expected,62,4
2017-12-07,527,2017-12-15,146,Greater Accra,North,Express,Fashion,Shoes,Nike Air Max,452.58,25.0,2,930.16,Returned,1,Changed Mind,46,8
2020-03-16,528,2020-03-21,565,Greater Accra,East,Shipped from Abroad,Health and beauty,Personal Care,Aichun Beauty Essential Oil,1044.97,28.03,1,1073.0,Delivered,3,,50,5
2019-03-14,529,2019-03-18,742,Western,West,Express,Home and Office,Furniture,Ergonomic Office Chair,1165.21,34.2,5,5860.25,Delivered,5,,55,4
2019-03-03,530,2019-03-07,697,Oti,North,Shipped from Abroad,Electronics,Smartwatches,Apple Watch Series 6,1110.53,23.35,5,5576.0,Returned,2,Not as expected,63,4
2018-05-27,531,2018-06-05,522,Weija,North,Standard Delivery,Home and Office,Furniture,8 Cubes Plastic Wardrobe,1234.77,40.85,5,6214.7,Delivered,1,,61,9
2016-01-12,532,2016-01-20,833,Weija,North,Standard Delivery,Health and beauty,Makeup,MAC Lipstick,649.7,20.96,4,2619.76,Delivered,1,,24,8
2018-09-23,533,2018-10-03,589,Volta,West,Express,Home and Office,Furniture,8 Cubes Plastic Wardrobe,604.59,48.93,5,3071.88,Returned,2,Changed Mind,69,10
2017-06-21,534,2017-07-03,399,Weija,Central,Shipped from Abroad,Phones and Tablet,Tablets,iPad Air 4th Gen,586.04,34.87,1,620.91,Delivered,2,,40,12
2015-10-10,535,2015-10-22,546,Volta,Central,Express,Phones and Tablet,Tablets,iPad Air 4th Gen,875.79,23.75,3,2651.12,Delivered,2,,62,12
2020-12-07,536,2020-12-18,75,Weija,East,Shipped from Abroad,Phones and Tablet,Tablets,Amazon Fire HD 8 Kids Tablet,1055.31,46.67,5,5323.22,Returned,2,Changed Mind,26,11
2016-04-21,537,2016-05-01,142,Oti,South,Shipped from Abroad,Health and beauty,Makeup,Maybelline Foundation,937.65,19.73,2,1895.03,Returned,2,Defective,35,10
2018-03-30,538,2018-04-05,617,Ashanti,East,Standard Delivery,Phones and Tablet,Tablets,Amazon Fire HD 8 Kids Tablet,1169.51,42.53,1,1212.04,Returned,2,Arrived Late,53,6
2015-02-28,539,2015-03-17,849,Western,North,Express,Fashion,Shoes,Adidas Ultraboost,776.27,8.57,2,1561.11,Cancelled,2,Defective,23,17
2020-10-31,540,2020-11-20,689,Weija,West,Express,Health and beauty,Personal Care,Avon Soft Musk Spray,924.82,39.54,1,964.36,Delivered,5,,20,20
2019-12-14,541,2019-12-27,502,Volta,West,Express,Health and beauty,Personal Care,Aichun Beauty Essential Oil,442.69,46.91,5,2260.36,Returned,2,Defective,60,13
2015-10-07,542,2015-10-21,114,Weija,Central,Standard Delivery,Health and beauty,Personal Care,Aichun Beauty Essential Oil,1260.35,41.02,3,3822.07,Delivered,4,,35,14
2015-05-11,543,2015-05-20,97,Volta,South,Shipped from Abroad,Health and beauty,Makeup,MAC Lipstick,360.85,48.49,5,1852.74,Delivered,3,,61,9
2019-10-14,544,2019-10-22,826,Oti,Central,Standard Delivery,Health and beauty,Personal Care,Avon Soft Musk Spray,1244.71,5.45,4,4984.29,Returned,2,Arrived Late,31,8
2018-03-31,545,2018-04-08,31,Upper East,North,Express,Home and Office,Furniture,8 Cubes Plastic Wardrobe,273.04,14.41,4,1106.57,Delivered,3,,25,8
2019-10-01,546,2019-10-04,293,Oti,West,Express,Health and beauty,Personal Care,Aichun Beauty Essential Oil,1329.81,24.44,4,5343.68,Delivered,3,,49,3
2018-07-11,547,2018-07-22,868,Ashanti,South,Standard Delivery,Fashion,Accessories,Leather Wallet,217.71,48.96,3,702.09,Delivered,2,,69,11
2017-10-25,548,2017-11-14,572,Upper East,North,Shipped from Abroad,Fashion,Accessories,Polarized Sunglasses,210.75,35.72,2,457.22,Delivered,5,,34,20
2016-01-24,549,2016-01-31,629,Oti,Central,Standard Delivery,Health and beauty,Makeup,MAC Lipstick,294.49,38.3,4,1216.26,Returned,2,Arrived Late,69,7
2015-12-17,550,2016-01-06,483,Volta,Central,Standard Delivery,Phones and Tablet,Tablets,Amazon Fire HD 8 Kids Tablet,731.14,19.39,4,2943.95,Returned,2,Defective,29,20
2018-12-27,551,2019-01-12,103,Volta,West,Standard Delivery,Health and beauty,Personal Care,Avon Soft Musk Spray,757.61,32.9,2,1548.12,Delivered,1,,63,16
2020-02-22,552,2020-03-07,203,Western,West,Shipped from Abroad,Health and beauty,Personal Care,Aichun Beauty Essential Oil,1382.6,7.13,3,4154.93,Delivered,4,,64,14
2016-10-03,553,2016-10-13,8,Weija,West,Express,Fashion,Clothing,Men's Denim Jacket,1324.91,19.34,3,3994.07,Delivered,1,,55,10
2018-09-04,554,2018-09-17,669,Oti,Central,Standard Delivery,Fashion,Accessories,Leather Wallet,280.2,41.42,5,1442.42,Returned,1,Not as expected,34,13
2019-07-24,555,2019-08-11,536,Oti,South,Shipped from Abroad,Electronics,Digital Cameras,Canon EOS 600D 18MP CMOS DSLR,865.89,36.81,2,1768.59,Returned,1,Changed Mind,19,18
2016-11-07,556,2016-11-12,18,Greater Accra,West,Express,Health and beauty,Personal Care,Aichun Beauty Essential Oil,528.7,32.6,2,1090.0,Returned,1,Changed Mind,43,5
2020-06-01,557,2020-06-12,374,Western,West,Shipped from Abroad,Home and Office,Stationery,Parker Pen,669.68,36.07,5,3384.47,Delivered,3,,62,11
2019-08-26,558,2019-09-04,291,Oti,North,Shipped from Abroad,Health and beauty,Personal Care,Aichun Beauty Essential Oil,35.17,37.32,5,213.17,Delivered,3,,28,9
2018-02-21,559,2018-02-24,769,Greater Accra,Central,Standard Delivery,Electronics,Digital Cameras,Nikon D3500,150.33,39.35,5,791.0,Delivered,2,,41,3
2016-12-10,560,2016-12-23,868,Western,North,Standard Delivery,Fashion,Accessories,Leather Wallet,797.15,25.61,1,822.76,Delivered,2,,69,13
2017-05-22,561,2017-06-08,891,Weija,West,Standard Delivery,Home and Office,Furniture,Ergonomic Office Chair,1156.35,33.71,1,1190.06,Delivered,4,,20,17
2015-06-21,562,2015-06-23,669,Oti,Central,Shipped from Abroad,Home and Office,Furniture,8 Cubes Plastic Wardrobe,640.8,15.98,1,656.78,Cancelled,2,Changed Mind,34,2
2019-01-07,563,2019-01-17,378,Western,East,Shipped from Abroad,Phones and Tablet,Mobile phones,Samsung Galaxy A02,617.26,12.25,2,1246.77,Delivered,3,,44,10
2016-08-28,564,2016-09-13,651,Western,East,Standard Delivery,Home and Office,Furniture,Ergonomic Office Chair,974.75,27.24,4,3926.24,Delivered,3,,35,16
2015-11-02,565,2015-11-17,184,Volta,North,Shipped from Abroad,Health and beauty,Makeup,Maybelline Foundation,99.74,20.55,1,120.29,Delivered,3,,37,15
2015-02-18,566,2015-02-22,364,Ashanti,East,Shipped from Abroad,Phones and Tablet,Tablets,Amazon Fire HD 8 Kids Tablet,1471.16,7.67,5,7363.47,Delivered,2,,54,4
2019-07-12,567,2019-07-31,881,Greater Accra,East,Standard Delivery,Home and Office,Stationery,Parker Pen,1420.99,8.99,3,4271.96,Delivered,3,,28,19
2016-08-19,568,2016-08-21,251,Upper East,East,Express,Phones and Tablet,Tablets,iPad Air 4th Gen,1262.43,46.63,3,3833.92,Delivered,4,,50,2
2019-02-17,569,2019-03-04,706,Greater Accra,North,Shipped from Abroad,Fashion,Accessories,Leather Wallet,1005.91,30.1,1,1036.01,Returned,2,Defective,57,15
2015-07-17,570,2015-07-30,506,Greater Accra,Central,Standard Delivery,Fashion,Clothing,100% Cotton 4 Piece T-Shirts,681.69,45.9,2,1409.28,Delivered,4,,60,13
2020-10-16,571,2020-10-26,294,Volta,West,Standard Delivery,Health and beauty,Personal Care,Aichun Beauty Essential Oil,138.24,28.15,4,581.11,Returned,2,Not as expected,46,10
2016-04-29,572,2016-05-04,360,Greater Accra,North,Express,Phones and Tablet,Tablets,Amazon Fire HD 8 Kids Tablet,419.81,7.74,5,2106.79,Returned,1,Defective,31,5
2015-08-02,573,2015-08-12,653,Greater Accra,South,Express,Electronics,Smartwatches,Apple Watch Series 6,321.13,44.16,2,686.42,Delivered,3,,28,10
2019-03-12,574,2019-03-20,44,Ashanti,South,Standard Delivery,Electronics,Smartwatches,Samsung Galaxy Watch 3,99.7,35.04,5,533.54,Delivered,2,,56,8
2019-03-19,575,2019-03-31,95,Upper East,West,Express,Health and beauty,Personal Care,Avon Soft Musk Spray,1475.81,23.59,1,1499.4,Delivered,4,,25,12
2015-03-30,576,2015-04-18,335,Upper East,South,Express,Home and Office,Furniture,Ergonomic Office Chair,781.78,12.88,3,2358.22,Returned,1,Arrived Late,32,19
2019-05-24,577,2019-06-03,450,Oti,South,Shipped from Abroad,Phones and Tablet,Tablets,iPad Air 4th Gen,1357.84,24.71,5,6813.91,Delivered,3,,49,10
2019-04-21,578,2019-04-29,654,Western,East,Standard Delivery,Phones and Tablet,Tablets,Amazon Fire HD 8 Kids Tablet,1182.49,49.35,2,2414.33,Delivered,4,,43,8
2018-10-18,579,2018-11-06,143,Volta,South,Shipped from Abroad,Fashion,Accessories,Polarized Sunglasses,237.2,20.63,2,495.03,Returned,1,Arrived Late,34,19
2020-12-24,580,2020-12-26,441,Upper East,Central,Shipped from Abroad,Home and Office,Furniture,Ergonomic Office Chair,669.87,5.41,2,1345.15,Delivered,3,,37,2
2015-09-28,581,2015-10-08,592,Upper East,East,Shipped from Abroad,Home and Office,Stationery,Parker Pen,167.96,38.84,1,206.8,Delivered,4,,65,10
2017-01-21,582,2017-02-09,684,Western,Central,Shipped from Abroad,Health and beauty,Personal Care,Aichun Beauty Essential Oil,149.64,29.04,3,477.96,Delivered,3,,40,19
2016-01-31,583,2016-02-02,895,Ashanti,North,Shipped from Abroad,Home and Office,Stationery,Moleskine Notebook,330.46,21.26,1,351.72,Delivered,4,,42,2
2018-05-31,584,2018-06-17,752,Western,West,Shipped from Abroad,Phones and Tablet,Tablets,iPad Air 4th Gen,1492.79,10.02,2,2995.6,Delivered,3,,50,17
2018-12-19,585,2018-12-28,489,Weija,North,Express,Home and Office,Stationery,Parker Pen,1184.54,40.85,4,4779.01,Delivered,1,,48,9
2019-09-12,586,2019-09-26,460,Greater Accra,Central,Shipped from Abroad,Electronics,Digital Cameras,Sony Alpha a6000,147.29,13.39,1,160.68,Delivered,4,,59,14
2020-09-03,587,2020-09-12,682,Upper East,Central,Express,Fashion,Shoes,Nike Air Max,1379.95,22.83,1,1402.78,Returned,2,Defective,49,9
2016-07-27,588,2016-08-09,21,Volta,Central,Shipped from Abroad,Electronics,Smartwatches,Apple Watch Series 6,989.08,12.78,1,1001.86,Delivered,4,,62,13
2020-11-04,589,2020-11-12,690,Ashanti,East,Shipped from Abroad,Home and Office,Furniture,8 Cubes Plastic Wardrobe,1148.53,42.67,1,1191.2,Returned,2,Defective,22,8
2018-04-22,590,2018-04-29,543,Western,West,Shipped from Abroad,Electronics,Smartwatches,Samsung Galaxy Watch 3,137.51,7.36,3,419.89,Delivered,5,,30,7
2017-05-04,591,2017-05-16,363,Ashanti,North,Express,Electronics,Home Theatre,Sony 5.1 Home Theatre,1345.54,44.33,5,6772.03,Delivered,1,,53,12
2018-08-10,592,2018-08-26,790,Weija,North,Express,Fashion,Shoes,Adidas Ultraboost,612.59,15.25,3,1853.02,Delivered,2,,36,16
2017-05-11,593,2017-05-19,20,Oti,South,Express,Health and beauty,Personal Care,Aichun Beauty Essential Oil,1108.62,45.49,3,3371.35,Delivered,3,,38,8
2017-12-14,594,2017-12-17,389,Oti,North,Shipped from Abroad,Phones and Tablet,Mobile phones,Samsung Galaxy A02,1367.14,29.78,5,6865.48,Delivered,5,,26,3
2019-06-11,595,2019-06-20,775,Volta,South,Standard Delivery,Electronics,Home Theatre,Sony 5.1 Home Theatre,935.16,39.89,3,2845.37,Returned,2,Not as expected,36,9
2018-07-21,596,2018-07-26,990,Oti,West,Shipped from Abroad,Home and Office,Stationery,Moleskine Notebook,1471.14,35.38,4,5919.94,Delivered,1,,22,5
2017-06-13,597,2017-07-03,718,Greater Accra,South,Standard Delivery,Electronics,Home Theatre,Sony 5.1 Home Theatre,902.45,47.11,2,1852.01,Delivered,3,,20,20
2019-10-10,598,2019-10-27,18,Oti,North,Express,Home and Office,Stationery,Parker Pen,755.25,44.85,2,1555.35,Delivered,1,,43,17
2019-10-25,599,2019-11-09,610,Oti,North,Express,Health and beauty,Makeup,MAC Lipstick,1317.43,47.76,5,6634.91,Delivered,1,,32,15
2020-08-28,600,2020-09-07,321,Weija,South,Express,Health and beauty,Makeup,MAC Lipstick,1438.23,19.16,2,2895.62,Returned,2,Changed Mind,22,10
2016-01-14,601,2016-01-25,917,Oti,North,Standard Delivery,Phones and Tablet,Mobile phones,Infinix Smart HD X612,492.52,15.2,2,1000.24,Delivered,2,,25,11
2019-05-08,602,2019-05-19,509,Western,North,Express,Home and Office,Stationery,Moleskine Notebook,44.76,34.26,1,79.02,Delivered,3,,38,11
2019-09-05,603,2019-09-07,873,Volta,South,Express,Home and Office,Stationery,Moleskine Notebook,1349.06,7.99,2,2706.11,Cancelled,2,Changed Mind,33,2
2019-03-04,604,2019-03-06,750,Volta,East,Express,Home and Office,Stationery,Moleskine Notebook,217.29,42.83,5,1129.28,Returned,2,Not as expected,65,2
2017-10-29,605,2017-11-13,146,Ashanti,South,Standard Delivery,Electronics,Digital Cameras,Sony Alpha a6000,1485.27,20.5,2,2991.04,Delivered,1,,46,15
2019-07-22,606,2019-08-11,661,Upper East,Central,Standard Delivery,Home and Office,Furniture,Ergonomic Office Chair,326.25,7.52,5,1638.77,Returned,1,Arrived Late,47,20
2016-08-26,607,2016-09-10,130,Weija,West,Shipped from Abroad,Home and Office,Stationery,Moleskine Notebook,1122.62,35.09,1,1157.71,Delivered,1,,53,15
2019-07-28,608,2019-08-15,491,Western,East,Express,Fashion,Clothing,Men's Denim Jacket,116.37,8.74,4,474.22,Delivered,1,,64,18
2017-06-17,609,2017-06-20,194,Volta,Central,Express,Health and beauty,Makeup,Maybelline Foundation,191.67,10.82,3,585.83,Returned,2,Arrived Late,21,3
2020-12-03,610,2020-12-10,52,Volta,Central,Standard Delivery,Phones and Tablet,Tablets,Amazon Fire HD 8 Kids Tablet,1370.01,27.23,1,1397.24,Returned,2,Defective,22,7
2020-07-29,611,2020-08-05,826,Greater Accra,South,Shipped from Abroad,Home and Office,Furniture,8 Cubes Plastic Wardrobe,457.42,8.72,4,1838.4,Cancelled,1,Defective,31,7
2016-10-02,612,2016-10-05,454,Western,Central,Shipped from Abroad,Phones and Tablet,Tablets,iPad Air 4th Gen,51.25,44.75,2,147.25,Delivered,4,,20,3
2017-01-05,613,2017-01-20,775,Ashanti,Central,Express,Fashion,Shoes,Adidas Ultraboost,710.7,38.33,4,2881.13,Delivered,5,,36,15
2016-12-29,614,2017-01-12,13,Ashanti,West,Express,Phones and Tablet,Tablets,iPad Air 4th Gen,1425.15,17.36,3,4292.81,Delivered,2,,40,14
2015-08-17,615,2015-08-24,514,Greater Accra,East,Standard Delivery,Home and Office,Stationery,Parker Pen,392.38,9.96,1,402.34,Delivered,4,,36,7
2015-09-25,616,2015-10-14,400,Oti,Central,Express,Phones and Tablet,Mobile phones,iPhone 12,1425.18,20.55,4,5721.27,Returned,2,Arrived Late,65,19
2015-05-25,617,2015-06-07,909,Greater Accra,East,Standard Delivery,Fashion,Shoes,Nike Air Max,408.74,18.84,4,1653.8,Delivered,3,,60,13
2016-12-11,618,2016-12-13,448,Weija,Central,Shipped from Abroad,Phones and Tablet,Tablets,Amazon Fire HD 8 Kids Tablet,748.02,42.7,3,2286.76,Delivered,3,,46,2
2019-06-23,619,2019-06-25,824,Weija,North,Express,Phones and Tablet,Mobile phones,iPhone 12,497.91,9.88,2,1005.7,Delivered,3,,41,2
2016-08-14,620,2016-08-26,766,Weija,Central,Express,Home and Office,Furniture,Ergonomic Office Chair,1313.8,15.23,1,1329.03,Returned,2,Changed Mind,23,12
2016-04-06,621,2016-04-20,616,Ashanti,North,Shipped from Abroad,Phones and Tablet,Tablets,iPad Air 4th Gen,796.11,6.58,1,802.69,Returned,2,Arrived Late,59,14
2016-08-27,622,2016-09-02,975,Oti,West,Shipped from Abroad,Electronics,Digital Cameras,Canon EOS 600D 18MP CMOS DSLR,450.18,46.88,3,1397.42,Cancelled,2,Defective,24,6
2017-03-26,623,2017-04-09,229,Volta,East,Standard Delivery,Electronics,Digital Cameras,Nikon D3500,814.97,37.88,1,852.85,Returned,2,Defective,51,14
2015-05-27,624,2015-06-01,122,Volta,South,Standard Delivery,Fashion,Accessories,Leather Wallet,414.67,9.4,5,2082.75,Returned,2,Arrived Late,23,5
2016-03-10,625,2016-03-20,863,Weija,Central,Shipped from Abroad,Phones and Tablet,Tablets,iPad Air 4th Gen,729.62,27.68,4,2946.16,Cancelled,2,Defective,57,10
2016-02-28,626,2016-03-10,193,Weija,North,Standard Delivery,Health and beauty,Makeup,Maybelline Foundation,97.38,45.48,5,532.38,Delivered,5,,54,11
2018-08-14,627,2018-08-29,662,Greater Accra,West,Standard Delivery,Phones and Tablet,Mobile phones,iPhone 12,457.4,46.76,1,504.16,Delivered,3,,46,15
2015-05-02,628,2015-05-21,572,Oti,North,Express,Electronics,Smartwatches,Apple Watch Series 6,149.04,38.59,1,187.63,Returned,1,Arrived Late,34,19
2016-03-02,629,2016-03-14,864,Oti,Central,Shipped from Abroad,Electronics,Smartwatches,Samsung Galaxy Watch 3,275.82,40.52,3,867.98,Delivered,4,,59,12
2018-01-19,630,2018-01-23,884,Volta,West,Shipped from Abroad,Health and beauty,Personal Care,Aichun Beauty Essential Oil,270.34,18.09,5,1369.79,Delivered,2,,66,4
2019-12-16,631,2019-12-24,893,Western,North,Standard Delivery,Phones and Tablet,Mobile phones,Samsung Galaxy A02,834.78,6.21,1,840.99,Returned,2,Not as expected,50,8
2020-07-05,632,2020-07-25,873,Oti,East,Standard Delivery,Fashion,Clothing,100% Cotton 4 Piece T-Shirts,1457.34,10.15,5,7296.85,Delivered,3,,33,20
2018-05-06,633,2018-05-14,889,Greater Accra,East,Standard Delivery,Health and beauty,Personal Care,Avon Soft Musk Spray,600.1,12.63,2,1212.83,Delivered,2,,35,8
2017-12-19,634,2017-12-23,962,Upper East,East,Express,Electronics,Home Theatre,LG Soundbar,1451.31,25.59,4,5830.83,Delivered,4,,66,4
2018-01-28,635,2018-02-01,761,Greater Accra,East,Express,Electronics,Smartwatches,Apple Watch Series 6,100.72,38.93,4,441.81,Returned,2,Defective,38,4
2015-09-28,636,2015-10-03,206,Weija,South,Express,Home and Office,Furniture,Ergonomic Office Chair,101.67,28.15,4,434.83,Returned,1,Defective,69,5
2015-12-09,637,2015-12-17,513,Western,Central,Standard Delivery,Electronics,Smartwatches,Apple Watch Series 6,1497.44,35.19,1,1532.63,Delivered,3,,52,8
2020-06-20,638,2020-07-01,260,Weija,Central,Shipped from Abroad,Fashion,Shoes,Nike Air Max,574.29,11.35,2,1159.93,Returned,1,Not as expected,49,11
2016-07-05,639,2016-07-08,443,Weija,North,Standard Delivery,Health and beauty,Makeup,Maybelline Foundation,223.99,48.17,2,496.15,Returned,1,Not as expected,19,3
2016-08-30,640,2016-09-03,359,Western,South,Standard Delivery,Fashion,Clothing,100% Cotton 4 Piece T-Shirts,634.32,27.76,4,2565.04,Returned,1,Changed Mind,30,4
2018-08-08,641,2018-08-17,121,Volta,North,Shipped from Abroad,Fashion,Shoes,Adidas Ultraboost,224.3,37.23,5,1158.73,Returned,2,Not as expected,49,9
2020-05-12,642,2020-05-20,388,Western,Central,Express,Health and beauty,Personal Care,Aichun Beauty Essential Oil,568.31,37.64,4,2310.88,Returned,2,Defective,18,8
2018-05-16,643,2018-05-30,607,Greater Accra,Central,Express,Fashion,Clothing,Men's Denim Jacket,1375.9,6.58,3,4134.28,Cancelled,2,Defective,29,14
2017-02-20,644,2017-03-08,745,Volta,Central,Standard Delivery,Electronics,Home Theatre,Sony 5.1 Home Theatre,1470.8,12.06,1,1482.86,Delivered,2,,58,16
2020-12-07,645,2020-12-23,405,Weija,Central,Express,Fashion,Clothing,100% Cotton 4 Piece T-Shirts,1051.06,34.43,5,5289.73,Delivered,3,,42,16
2019-11-16,646,2019-11-30,941,Volta,West,Standard Delivery,Phones and Tablet,Tablets,iPad Air 4th Gen,82.34,27.81,4,357.17,Returned,1,Arrived Late,65,14
2019-07-10,647,2019-07-16,742,Western,South,Shipped from Abroad,Phones and Tablet,Tablets,Amazon Fire HD 8 Kids Tablet,1002.27,23.39,1,1025.66,Delivered,4,,55,6
2019-12-17,648,2019-12-28,284,Upper East,South,Standard Delivery,Fashion,Shoes,Nike Air Max,1410.36,30.49,1,1440.85,Returned,1,Defective,23,11
2016-12-19,649,2017-01-06,952,Western,Central,Shipped from Abroad,Phones and Tablet,Tablets,Amazon Fire HD 8 Kids Tablet,1216.22,5.2,4,4870.08,Returned,2,Not as expected,22,18
2018-06-26,650,2018-07-04,866,Weija,West,Express,Electronics,Home Theatre,LG Soundbar,1212.77,29.6,4,4880.68,Returned,2,Changed Mind,50,8
2016-06-26,651,2016-07-11,669,Oti,Central,Shipped from Abroad,Fashion,Shoes,Nike Air Max,1188.69,23.95,1,1212.64,Delivered,1,,34,15
2017-01-03,652,2017-01-22,943,Volta,Central,Shipped from Abroad,Electronics,Digital Cameras,Sony Alpha a6000,714.02,32.77,3,2174.83,Returned,2,Defective,63,19
2020-02-18,653,2020-03-09,215,Ashanti,West,Standard Delivery,Electronics,Digital Cameras,Canon EOS 600D 18MP CMOS DSLR,409.56,33.97,2,853.09,Delivered,2,,67,20
2019-04-17,654,2019-04-25,921,Weija,South,Express,Health and beauty,Personal Care,Aichun Beauty Essential Oil,434.75,7.41,2,876.91,Cancelled,1,Defective,68,8
2016-09-16,655,2016-10-02,662,Oti,Central,Express,Fashion,Clothing,100% Cotton 4 Piece T-Shirts,1163.24,7.39,4,4660.35,Delivered,1,,46,16
2020-07-21,656,2020-07-28,349,Volta,West,Standard Delivery,Electronics,Smartwatches,Apple Watch Series 6,594.53,25.42,2,1214.48,Delivered,3,,18,7
2017-11-03,657,2017-11-11,903,Weija,North,Express,Home and Office,Stationery,Moleskine Notebook,942.46,21.86,4,3791.7,Returned,1,Changed Mind,64,8
2018-10-11,658,2018-10-25,866,Ashanti,North,Shipped from Abroad,Home and Office,Furniture,Ergonomic Office Chair,1007.05,33.62,1,1040.67,Delivered,4,,50,14
2020-07-27,659,2020-08-08,684,Oti,North,Express,Fashion,Accessories,Leather Wallet,895.54,24.61,5,4502.31,Delivered,3,,40,12
2015-08-08,660,2015-08-13,488,Ashanti,South,Shipped from Abroad,Health and beauty,Makeup,MAC Lipstick,1269.52,21.13,5,6368.73,Cancelled,1,Changed Mind,43,5
2017-01-22,661,2017-02-01,899,Oti,North,Express,Phones and Tablet,Tablets,iPad Air 4th Gen,532.37,12.26,5,2674.11,Cancelled,2,Defective,39,10
2015-12-17,662,2015-12-30,71,Ashanti,Central,Standard Delivery,Health and beauty,Personal Care,Avon Soft Musk Spray,232.72,23.09,5,1186.69,Delivered,4,,69,13
2018-08-18,663,2018-08-23,853,Upper East,Central,Standard Delivery,Home and Office,Furniture,8 Cubes Plastic Wardrobe,1117.7,44.08,4,4514.88,Delivered,4,,64,5
2016-04-06,664,2016-04-23,208,Ashanti,South,Shipped from Abroad,Phones and Tablet,Tablets,Amazon Fire HD 8 Kids Tablet,798.9,28.24,5,4022.74,Delivered,4,,35,17
2018-04-05,665,2018-04-20,857,Oti,Central,Standard Delivery,Phones and Tablet,Mobile phones,Samsung Galaxy A02,1471.67,49.78,2,2993.12,Delivered,5,,27,15
2016-07-09,666,2016-07-21,759,Ashanti,East,Standard Delivery,Health and beauty,Makeup,MAC Lipstick,1238.69,9.9,5,6203.35,Delivered,3,,30,12
2019-02-11,667,2019-02-17,436,Western,South,Shipped from Abroad,Fashion,Accessories,Polarized Sunglasses,300.7,27.23,1,327.93,Delivered,3,,66,6
2019-09-12,668,2019-09-22,254,Upper East,East,Standard Delivery,Electronics,Smartwatches,Samsung Galaxy Watch 3,152.67,9.52,5,772.87,Returned,2,Not as expected,22,10
2019-08-30,669,2019-09-04,785,Western,North,Shipped from Abroad,Electronics,Home Theatre,LG Soundbar,504.41,29.16,2,1037.98,Delivered,3,,43,5
2015-10-26,670,2015-11-11,954,Ashanti,Central,Standard Delivery,Health and beauty,Makeup,Maybelline Foundation,214.22,41.26,4,898.14,Delivered,2,,66,16
2019-09-06,671,2019-09-13,844,Greater Accra,Central,Shipped from Abroad,Electronics,Smartwatches,Apple Watch Series 6,702.09,38.71,4,2847.07,Delivered,3,,63,7
2016-05-16,672,2016-06-01,817,Western,South,Express,Health and beauty,Personal Care,Aichun Beauty Essential Oil,604.77,25.71,2,1235.25,Returned,1,Changed Mind,40,16
2018-12-29,673,2019-01-02,110,Volta,East,Express,Phones and Tablet,Mobile phones,iPhone 12,1460.6,23.83,2,2945.03,Delivered,4,,45,4
2017-06-04,674,2017-06-11,672,Ashanti,Central,Shipped from Abroad,Phones and Tablet,Mobile phones,iPhone 12,1181.21,30.72,1,1211.93,Returned,1,Defective,63,7
2020-09-28,675,2020-10-07,551,Upper East,East,Standard Delivery,Home and Office,Furniture,Ergonomic Office Chair,1304.02,40.82,4,5256.9,Returned,1,Defective,29,9
2020-08-23,676,2020-09-09,415,Volta,South,Express,Phones and Tablet,Mobile phones,Infinix Smart HD X612,567.91,45.6,1,613.51,Delivered,2,,53,17
2020-04-27,677,2020-05-16,392,Volta,North,Shipped from Abroad,Health and beauty,Personal Care,Avon Soft Musk Spray,969.83,43.9,3,2953.39,Delivered,5,,23,19
2015-12-14,678,2015-12-29,106,Ashanti,West,Express,Fashion,Clothing,Men's Denim Jacket,1334.75,12.11,1,1346.86,Returned,2,Arrived Late,27,15
2020-06-09,679,2020-06-15,867,Oti,South,Shipped from Abroad,Electronics,Smartwatches,Apple Watch Series 6,1020.7,27.08,4,4109.88,Delivered,1,,38,6
2019-02-05,680,2019-02-09,206,Western,North,Standard Delivery,Phones and Tablet,Mobile phones,iPhone 12,982.49,42.59,3,2990.06,Delivered,2,,69,4
2020-09-07,681,2020-09-20,643,Upper East,West,Standard Delivery,Health and beauty,Personal Care,Avon Soft Musk Spray,24.95,29.48,4,129.28,Delivered,4,,32,13
2018-06-08,682,2018-06-10,34,Western,East,Express,Phones and Tablet,Tablets,Amazon Fire HD 8 Kids Tablet,1260.66,30.53,4,5073.17,Returned,2,Defective,70,2
2020-02-27,683,2020-03-07,583,Upper East,East,Express,Electronics,Home Theatre,Sony 5.1 Home Theatre,936.6,27.77,3,2837.57,Delivered,4,,51,9
2016-01-23,684,2016-02-01,324,Upper East,Central,Shipped from Abroad,Electronics,Smartwatches,Samsung Galaxy Watch 3,64.06,24.78,5,345.08,Delivered,1,,34,9
2015-11-08,685,2015-11-13,949,Western,West,Standard Delivery,Phones and Tablet,Mobile phones,Samsung Galaxy A02,233.67,36.22,5,1204.57,Delivered,3,,33,5
2016-02-15,686,2016-03-05,43,Greater Accra,West,Express,Home and Office,Stationery,Moleskine Notebook,909.84,42.82,1,952.66,Returned,2,Defective,66,19
2017-01-05,687,2017-01-20,292,Greater Accra,East,Standard Delivery,Electronics,Digital Cameras,Canon EOS 600D 18MP CMOS DSLR,369.94,22.04,2,761.92,Delivered,4,,28,15
2019-11-09,688,2019-11-27,72,Ashanti,West,Express,Home and Office,Furniture,8 Cubes Plastic Wardrobe,78.36,29.89,1,108.25,Delivered,3,,49,18
2017-03-10,689,2017-03-21,762,Volta,West,Shipped from Abroad,Fashion,Shoes,Adidas Ultraboost,194.5,20.4,2,409.4,Delivered,4,,26,11
2016-10-05,690,2016-10-19,232,Ashanti,North,Standard Delivery,Phones and Tablet,Tablets,iPad Air 4th Gen,991.96,38.78,3,3014.66,Delivered,2,,59,14
2019-09-12,691,2019-09-22,228,Oti,North,Shipped from Abroad,Home and Office,Stationery,Parker Pen,866.94,6.1,2,1739.98,Returned,1,Not as expected,50,10
2016-07-24,692,2016-08-08,880,Oti,South,Express,Electronics,Smartwatches,Samsung Galaxy Watch 3,892.84,13.43,3,2691.95,Returned,2,Arrived Late,70,15
2015-03-02,693,2015-03-15,848,Oti,North,Shipped from Abroad,Fashion,Shoes,Adidas Ultraboost,530.77,10.99,2,1072.53,Delivered,1,,22,13
2015-10-22,694,2015-11-04,742,Greater Accra,North,Standard Delivery,Fashion,Clothing,Men's Denim Jacket,1402.46,41.97,5,7054.27,Delivered,2,,55,13
2020-08-26,695,2020-09-03,514,Ashanti,East,Express,Phones and Tablet,Tablets,iPad Air 4th Gen,822.31,15.56,2,1660.18,Delivered,4,,36,8
2020-01-04,696,2020-01-13,272,Upper East,North,Express,Home and Office,Furniture,Ergonomic Office Chair,100.17,46.11,3,346.62,Delivered,1,,19,9
2017-03-11,697,2017-03-27,457,Greater Accra,Central,Standard Delivery,Home and Office,Furniture,Ergonomic Office Chair,128.32,24.97,4,538.25,Returned,2,Changed Mind,48,16
2019-10-27,698,2019-11-06,107,Weija,Central,Shipped from Abroad,Fashion,Shoes,Nike Air Max,24.53,26.09,5,148.74,Delivered,3,,55,10
2016-11-08,699,2016-11-16,875,Greater Accra,North,Shipped from Abroad,Home and Office,Furniture,Ergonomic Office Chair,140.23,15.8,2,296.26,Returned,2,Changed Mind,52,8
2018-05-22,700,2018-06-09,685,Weija,Central,Express,Electronics,Smartwatches,Apple Watch Series 6,1047.26,6.2,4,4195.24,Delivered,2,,60,18
2020-10-28,701,2020-11-07,257,Weija,East,Express,Electronics,Smartwatches,Samsung Galaxy Watch 3,990.61,29.28,4,3991.72,Delivered,4,,23,10
2019-08-05,702,2019-08-14,242,Oti,South,Express,Electronics,Home Theatre,LG Soundbar,1317.53,39.39,3,3991.98,Delivered,1,,56,9
2015-11-07,703,2015-11-21,995,Western,Central,Shipped from Abroad,Home and Office,Stationery,Parker Pen,841.93,23.2,4,3390.92,Returned,1,Not as expected,58,14
2016-02-28,704,2016-03-01,602,Upper East,South,Express,Health and beauty,Personal Care,Avon Soft Musk Spray,480.86,44.03,2,1005.75,Delivered,3,,25,2
2015-11-28,705,2015-12-02,959,Ashanti,North,Express,Phones and Tablet,Tablets,Amazon Fire HD 8 Kids Tablet,1369.25,12.15,4,5489.15,Cancelled,2,Not as expected,37,4
2017-03-20,706,2017-03-31,853,Volta,Central,Express,Health and beauty,Makeup,Maybelline Foundation,968.03,13.32,2,1949.38,Delivered,3,,64,11
2017-11-16,707,2017-12-04,210,Weija,North,Express,Health and beauty,Makeup,Maybelline Foundation,1480.48,13.08,3,4454.52,Delivered,2,,53,18
2020-06-22,708,2020-06-27,776,Weija,West,Express,Phones and Tablet,Tablets,Amazon Fire HD 8 Kids Tablet,266.64,33.97,1,300.61,Returned,2,Arrived Late,46,5
2020-10-19,709,2020-10-30,128,Weija,North,Standard Delivery,Health and beauty,Personal Care,Avon Soft Musk Spray,31.13,36.01,4,160.53,Delivered,4,,66,11
2018-07-19,710,2018-07-31,97,Weija,West,Shipped from Abroad,Health and beauty,Makeup,Maybelline Foundation,745.33,17.25,3,2253.24,Returned,2,Not as expected,61,12
2019-12-07,711,2019-12-25,559,Greater Accra,East,Standard Delivery,Phones and Tablet,Mobile phones,iPhone 12,20.43,31.78,4,113.5,Delivered,3,,64,18
2019-03-03,712,2019-03-13,754,Oti,West,Shipped from Abroad,Fashion,Shoes,Nike Air Max,801.58,36.56,5,4044.46,Returned,1,Changed Mind,22,10
2018-06-20,713,2018-06-25,325,Greater Accra,Central,Express,Phones and Tablet,Mobile phones,Samsung Galaxy A02,1204.62,47.24,4,4865.72,Delivered,1,,22,5
2020-11-27,714,2020-12-11,408,Western,North,Standard Delivery,Phones and Tablet,Tablets,iPad Air 4th Gen,1113.12,10.04,2,2236.28,Delivered,1,,49,14
2016-05-23,715,2016-05-26,948,Greater Accra,South,Standard Delivery,Phones and Tablet,Tablets,Amazon Fire HD 8 Kids Tablet,628.16,21.16,4,2533.8,Delivered,5,,33,3
2018-05-28,716,2018-06-12,745,Western,South,Standard Delivery,Health and beauty,Personal Care,Avon Soft Musk Spray,307.87,31.6,3,955.21,Delivered,3,,58,15
2017-06-25,717,2017-07-03,710,Volta,South,Standard Delivery,Home and Office,Furniture,Ergonomic Office Chair,55.76,20.53,2,132.05,Delivered,1,,56,8
2015-10-15,718,2015-10-22,924,Ashanti,North,Standard Delivery,Electronics,Home Theatre,Sony 5.1 Home Theatre,428.31,22.7,2,879.32,Delivered,2,,54,7
2020-06-26,719,2020-07-02,89,Oti,North,Express,Fashion,Clothing,Men's Denim Jacket,1013.98,42.43,1,1056.41,Cancelled,1,Arrived Late,68,6
2020-05-15,720,2020-05-26,371,Oti,West,Shipped from Abroad,Fashion,Accessories,Polarized Sunglasses,924.08,45.63,1,969.71,Delivered,3,,46,11
2017-01-21,721,2017-01-26,503,Oti,East,Standard Delivery,Electronics,Digital Cameras,Canon EOS 600D 18MP CMOS DSLR,1152.18,11.41,4,4620.13,Delivered,5,,23,5
2019-02-28,722,2019-03-07,960,Weija,Central,Express,Home and Office,Furniture,8 Cubes Plastic Wardrobe,1145.04,46.28,1,1191.32,Returned,1,Changed Mind,49,7
2018-04-17,723,2018-05-01,220,Ashanti,West,Shipped from Abroad,Fashion,Accessories,Polarized Sunglasses,1426.99,10.98,3,4291.95,Delivered,5,,34,14
2019-05-08,724,2019-05-20,700,Ashanti,West,Shipped from Abroad,Health and beauty,Makeup,MAC Lipstick,1298.69,19.89,2,2617.27,Delivered,3,,59,12
2020-01-11,725,2020-01-23,942,Western,South,Standard Delivery,Phones and Tablet,Tablets,iPad Air 4th Gen,1088.93,20.82,4,4376.54,Delivered,2,,26,12
2018-03-27,726,2018-04-04,151,Western,West,Express,Health and beauty,Personal Care,Aichun Beauty Essential Oil,1430.1,11.52,5,7162.02,Returned,2,Not as expected,30,8
2019-11-26,727,2019-12-02,732,Upper East,South,Express,Fashion,Clothing,Men's Denim Jacket,361.93,48.01,4,1495.73,Delivered,3,,69,6
2020-07-05,728,2020-07-11,1000,Greater Accra,Central,Shipped from Abroad,Fashion,Accessories,Leather Wallet,1248.66,24.52,3,3770.5,Delivered,3,,65,6
2015-09-25,729,2015-09-27,718,Oti,East,Express,Health and beauty,Makeup,MAC Lipstick,1399.81,44.57,4,5643.81,Delivered,2,,20,2
2015-04-18,730,2015-04-30,302,Volta,West,Express,Phones and Tablet,Mobile phones,iPhone 12,925.66,44.01,4,3746.65,Delivered,3,,27,12
2015-01-03,731,2015-01-14,676,Volta,Central,Shipped from Abroad,Electronics,Digital Cameras,Nikon D3500,107.99,24.58,4,456.54,Delivered,3,,45,11
2018-10-05,732,2018-10-21,625,Oti,West,Standard Delivery,Electronics,Digital Cameras,Canon EOS 600D 18MP CMOS DSLR,664.83,27.48,2,1357.14,Delivered,1,,28,16
2017-08-26,733,2017-09-03,299,Greater Accra,Central,Standard Delivery,Home and Office,Furniture,Ergonomic Office Chair,878.81,20.39,4,3535.63,Delivered,1,,36,8
2016-08-21,734,2016-08-31,591,Upper East,South,Standard Delivery,Home and Office,Furniture,Ergonomic Office Chair,790.45,46.97,2,1627.87,Delivered,2,,24,10
2019-07-21,735,2019-08-10,212,Upper East,North,Shipped from Abroad,Health and beauty,Makeup,Maybelline Foundation,497.12,22.4,3,1513.76,Cancelled,2,Changed Mind,49,20
2018-04-25,736,2018-05-03,943,Volta,South,Express,Phones and Tablet,Mobile phones,Samsung Galaxy A02,1118.11,6.14,2,2242.36,Delivered,1,,63,8
2020-04-06,737,2020-04-17,255,Weija,South,Shipped from Abroad,Phones and Tablet,Mobile phones,iPhone 12,93.55,25.52,3,306.17,Delivered,3,,24,11
2015-08-10,738,2015-08-14,226,Ashanti,North,Express,Phones and Tablet,Tablets,Amazon Fire HD 8 Kids Tablet,702.61,9.16,3,2116.99,Delivered,3,,23,4
2015-04-26,739,2015-04-29,246,Weija,East,Express,Electronics,Home Theatre,LG Soundbar,1410.27,32.15,1,1442.42,Delivered,3,,68,3
2015-02-25,740,2015-03-05,149,Western,North,Express,Phones and Tablet,Tablets,iPad Air 4th Gen,327.72,43.48,5,1682.08,Delivered,3,,46,8
2015-05-31,741,2015-06-13,149,Greater Accra,Central,Express,Fashion,Accessories,Polarized Sunglasses,1336.35,9.23,4,5354.63,Delivered,3,,46,13
2015-05-28,742,2015-06-08,136,Weija,West,Shipped from Abroad,Home and Office,Stationery,Moleskine Notebook,957.17,39.48,4,3868.16,Delivered,3,,22,11
2017-10-24,743,2017-11-01,68,Ashanti,North,Standard Delivery,Fashion,Clothing,Men's Denim Jacket,49.4,12.1,4,209.7,Returned,1,Arrived Late,23,8
2015-03-18,744,2015-03-29,56,Oti,Central,Standard Delivery,Home and Office,Stationery,Parker Pen,1022.33,12.32,1,1034.65,Returned,2,Arrived Late,40,11
2019-11-05,745,2019-11-07,724,Western,West,Shipped from Abroad,Phones and Tablet,Tablets,iPad Air 4th Gen,123.67,41.88,3,412.89,Delivered,2,,48,2
2015-10-09,746,2015-10-27,214,Ashanti,Central,Standard Delivery,Health and beauty,Makeup,MAC Lipstick,1184.93,8.0,1,1192.93,Delivered,3,,23,18
2016-07-17,747,2016-07-30,671,Ashanti,South,Shipped from Abroad,Home and Office,Stationery,Moleskine Notebook,803.94,18.19,5,4037.89,Delivered,4,,23,13
2020-08-29,748,2020-09-11,195,Volta,West,Shipped from Abroad,Health and beauty,Makeup,MAC Lipstick,93.77,17.43,4,392.51,Delivered,2,,38,13
2017-02-04,749,2017-02-13,796,Western,North,Standard Delivery,Phones and Tablet,Mobile phones,Infinix Smart HD X612,718.1,6.95,2,1443.15,Delivered,3,,35,9
2018-09-30,750,2018-10-10,555,Weija,South,Shipped from Abroad,Electronics,Digital Cameras,Canon EOS 600D 18MP CMOS DSLR,836.76,9.37,2,1682.89,Delivered,4,,47,10
2016-01-20,751,2016-01-30,814,Ashanti,East,Standard Delivery,Phones and Tablet,Tablets,Amazon Fire HD 8 Kids Tablet,497.87,16.09,2,1011.83,Delivered,2,,27,10
2015-07-24,752,2015-08-01,630,Western,South,Shipped from Abroad,Home and Office,Stationery,Moleskine Notebook,394.5,40.72,4,1618.72,Delivered,4,,39,8
2018-12-14,753,2018-12-22,933,Volta,North,Express,Health and beauty,Makeup,Maybelline Foundation,1339.44,44.47,1,1383.91,Returned,2,Arrived Late,37,8
2016-05-30,754,2016-06-04,88,Oti,West,Shipped from Abroad,Health and beauty,Makeup,MAC Lipstick,1028.24,43.37,4,4156.33,Delivered,5,,33,5
2019-04-02,755,2019-04-18,867,Ashanti,North,Standard Delivery,Phones and Tablet,Mobile phones,Samsung Galaxy A02,566.76,5.31,1,572.07,Returned,1,Changed Mind,38,16
2017-05-27,756,2017-06-12,667,Greater Accra,West,Standard Delivery,Fashion,Clothing,Men's Denim Jacket,110.1,27.02,2,247.22,Delivered,3,,33,16
2020-09-01,757,2020-09-08,215,Greater Accra,Central,Express,Fashion,Shoes,Nike Air Max,63.01,25.07,3,214.1,Delivered,4,,67,7
2018-07-16,758,2018-08-01,439,Volta,South,Express,Electronics,Smartwatches,Apple Watch Series 6,963.93,6.39,2,1934.25,Delivered,2,,67,16
2019-05-26,759,2019-06-08,250,Ashanti,North,Express,Fashion,Shoes,Nike Air Max,802.9,5.23,1,808.13,Delivered,3,,23,13
2017-09-28,760,2017-10-10,676,Greater Accra,East,Shipped from Abroad,Health and beauty,Personal Care,Avon Soft Musk Spray,131.07,40.67,5,696.02,Delivered,2,,45,12
2016-06-22,761,2016-07-04,726,Weija,South,Express,Electronics,Smartwatches,Apple Watch Series 6,949.49,18.4,2,1917.38,Cancelled,1,Changed Mind,27,12
2017-07-01,762,2017-07-09,417,Western,West,Shipped from Abroad,Electronics,Digital Cameras,Sony Alpha a6000,122.71,17.78,4,508.62,Delivered,3,,54,8
2018-03-09,763,2018-03-28,590,Volta,Central,Shipped from Abroad,Health and beauty,Makeup,MAC Lipstick,800.73,31.95,3,2434.14,Delivered,3,,37,19
2017-09-08,764,2017-09-27,775,Greater Accra,North,Express,Phones and Tablet,Mobile phones,Samsung Galaxy A02,716.33,25.57,2,1458.23,Delivered,1,,36,19
2015-06-26,765,2015-07-10,497,Weija,West,Express,Phones and Tablet,Tablets,Amazon Fire HD 8 Kids Tablet,975.18,32.27,2,1982.63,Delivered,4,,45,14
2019-04-26,766,2019-05-15,934,Weija,East,Express,Health and beauty,Personal Care,Avon Soft Musk Spray,451.54,23.17,2,926.25,Returned,2,Arrived Late,44,19
2016-01-16,767,2016-01-21,789,Western,West,Shipped from Abroad,Home and Office,Furniture,8 Cubes Plastic Wardrobe,650.25,42.99,3,1993.74,Delivered,1,,21,5
2018-10-28,768,2018-11-14,655,Ashanti,Central,Standard Delivery,Electronics,Home Theatre,LG Soundbar,938.14,22.62,3,2837.04,Delivered,3,,48,17
2017-09-25,769,2017-10-06,301,Upper East,North,Standard Delivery,Phones and Tablet,Tablets,iPad Air 4th Gen,1496.83,41.02,2,3034.68,Delivered,2,,28,11
2019-04-27,770,2019-05-04,911,Western,Central,Shipped from Abroad,Home and Office,Stationery,Moleskine Notebook,390.67,23.05,4,1585.73,Delivered,3,,61,7
2017-07-15,771,2017-07-30,205,Western,East,Shipped from Abroad,Home and Office,Furniture,Ergonomic Office Chair,1215.95,5.09,5,6084.84,Delivered,1,,31,15
2015-04-02,772,2015-04-20,518,Volta,West,Express,Electronics,Digital Cameras,Sony Alpha a6000,701.8,24.82,3,2130.22,Delivered,5,,57,18
2020-04-12,773,2020-04-26,731,Ashanti,West,Standard Delivery,Health and beauty,Personal Care,Aichun Beauty Essential Oil,881.03,13.88,1,894.91,Delivered,3,,50,14
2016-11-16,774,2016-11-30,411,Upper East,East,Express,Electronics,Smartwatches,Samsung Galaxy Watch 3,1454.39,20.95,1,1475.34,Delivered,5,,31,14
2016-07-03,775,2016-07-12,802,Greater Accra,East,Express,Phones and Tablet,Mobile phones,iPhone 12,704.59,20.1,4,2838.46,Delivered,4,,60,9
2020-06-02,776,2020-06-10,861,Oti,East,Express,Electronics,Home Theatre,LG Soundbar,309.74,31.04,5,1579.74,Cancelled,1,Arrived Late,50,8
2018-05-19,777,2018-05-27,232,Volta,South,Shipped from Abroad,Phones and Tablet,Mobile phones,iPhone 12,1136.23,18.33,1,1154.56,Delivered,2,,59,8
2016-04-09,778,2016-04-27,912,Greater Accra,East,Standard Delivery,Electronics,Smartwatches,Samsung Galaxy Watch 3,820.57,15.44,5,4118.29,Returned,2,Arrived Late,37,18
2016-06-07,779,2016-06-19,420,Volta,West,Express,Electronics,Home Theatre,LG Soundbar,720.25,44.55,5,3645.8,Cancelled,2,Defective,37,12
2016-02-07,780,2016-02-10,54,Ashanti,East,Standard Delivery,Home and Office,Furniture,8 Cubes Plastic Wardrobe,1019.12,43.75,3,3101.11,Delivered,4,,31,3
2015-08-15,781,2015-09-02,421,Weija,South,Express,Phones and Tablet,Mobile phones,iPhone 12,118.08,6.06,3,360.3,Returned,1,Arrived Late,19,18
2018-01-01,782,2018-01-19,771,Volta,West,Standard Delivery,Phones and Tablet,Tablets,iPad Air 4th Gen,966.72,22.07,5,4855.67,Delivered,3,,30,18
2018-03-12,783,2018-03-24,287,Upper East,Central,Shipped from Abroad,Electronics,Digital Cameras,Nikon D3500,120.54,7.71,2,248.79,Cancelled,2,Arrived Late,28,12
2016-01-14,784,2016-01-18,986,Weija,North,Express,Phones and Tablet,Mobile phones,iPhone 12,30.9,44.01,5,198.51,Delivered,3,,42,4
2018-06-13,785,2018-06-17,383,Volta,West,Standard Delivery,Electronics,Smartwatches,Samsung Galaxy Watch 3,352.07,21.17,4,1429.45,Returned,2,Arrived Late,70,4
2020-12-09,786,2020-12-21,547,Ashanti,South,Shipped from Abroad,Electronics,Home Theatre,Sony 5.1 Home Theatre,605.64,39.95,1,645.59,Delivered,1,,57,12
2020-03-08,787,2020-03-14,475,Western,South,Standard Delivery,Home and Office,Furniture,8 Cubes Plastic Wardrobe,1069.55,24.77,4,4302.97,Delivered,2,,38,6
2017-05-27,788,2017-06-08,56,Greater Accra,Central,Shipped from Abroad,Phones and Tablet,Mobile phones,iPhone 12,108.56,33.37,5,576.17,Delivered,4,,40,12
2019-12-21,789,2020-01-01,572,Greater Accra,Central,Express,Health and beauty,Personal Care,Avon Soft Musk Spray,601.81,41.78,1,643.59,Returned,1,Changed Mind,34,11
2015-04-07,790,2015-04-16,205,Western,West,Standard Delivery,Phones and Tablet,Mobile phones,iPhone 12,1266.54,23.0,4,5089.16,Returned,2,Not as expected,31,9
2015-02-09,791,2015-03-01,609,Volta,North,Shipped from Abroad,Electronics,Smartwatches,Apple Watch Series 6,882.03,11.51,4,3539.63,Returned,1,Arrived Late,51,20
2020-05-02,792,2020-05-14,720,Oti,West,Express,Fashion,Shoes,Adidas Ultraboost,340.88,20.69,4,1384.21,Delivered,3,,18,12
2020-03-06,793,2020-03-19,199,Ashanti,West,Shipped from Abroad,Fashion,Accessories,Leather Wallet,700.67,9.01,2,1410.35,Delivered,5,,24,13
2017-12-01,794,2017-12-06,53,Oti,East,Shipped from Abroad,Phones and Tablet,Mobile phones,iPhone 12,186.23,24.86,4,769.78,Returned,1,Not as expected,21,5
2017-10-10,795,2017-10-22,652,Western,West,Shipped from Abroad,Electronics,Digital Cameras,Nikon D3500,517.44,17.35,4,2087.11,Delivered,3,,65,12
2017-04-06,796,2017-04-08,250,Volta,East,Standard Delivery,Electronics,Home Theatre,LG Soundbar,883.69,18.32,2,1785.7,Delivered,3,,23,2
2019-11-11,797,2019-11-20,758,Weija,West,Shipped from Abroad,Home and Office,Furniture,Ergonomic Office Chair,827.8,6.57,3,2489.97,Returned,2,Defective,59,9
2015-06-09,798,2015-06-11,79,Oti,West,Express,Health and beauty,Personal Care,Aichun Beauty Essential Oil,221.21,16.72,2,459.14,Delivered,2,,50,2
2018-05-09,799,2018-05-22,985,Upper East,West,Standard Delivery,Home and Office,Furniture,Ergonomic Office Chair,363.2,19.47,4,1472.27,Cancelled,1,Not as expected,27,13
2015-03-18,800,2015-03-20,955,Upper East,North,Shipped from Abroad,Phones and Tablet,Mobile phones,Samsung Galaxy A02,1377.17,19.27,2,2773.61,Delivered,4,,49,2
2015-11-29,801,2015-12-16,636,Greater Accra,West,Standard Delivery,Electronics,Digital Cameras,Canon EOS 600D 18MP CMOS DSLR,84.63,13.35,5,436.5,Delivered,3,,42,17
2015-08-18,802,2015-08-25,840,Volta,East,Shipped from Abroad,Health and beauty,Personal Care,Aichun Beauty Essential Oil,81.79,17.42,3,262.79,Returned,2,Arrived Late,41,7
2020-05-06,803,2020-05-11,780,Volta,Central,Shipped from Abroad,Fashion,Accessories,Polarized Sunglasses,968.18,21.91,3,2926.45,Delivered,3,,24,5
2019-02-22,804,2019-02-26,212,Upper East,South,Shipped from Abroad,Phones and Tablet,Tablets,iPad Air 4th Gen,1240.48,24.89,4,4986.81,Returned,1,Changed Mind,49,4
2018-11-06,805,2018-11-10,403,Volta,North,Standard Delivery,Fashion,Shoes,Adidas Ultraboost,369.91,24.76,5,1874.31,Delivered,4,,52,4
2019-01-23,806,2019-01-29,825,Greater Accra,Central,Standard Delivery,Phones and Tablet,Tablets,iPad Air 4th Gen,258.96,21.09,5,1315.89,Returned,1,Changed Mind,30,6
2015-10-07,807,2015-10-26,234,Upper East,South,Express,Home and Office,Furniture,Ergonomic Office Chair,726.38,13.98,2,1466.74,Cancelled,1,Defective,20,19
2019-12-09,808,2019-12-20,805,Volta,Central,Shipped from Abroad,Health and beauty,Personal Care,Aichun Beauty Essential Oil,315.5,41.45,4,1303.45,Cancelled,1,Changed Mind,47,11
2019-06-09,809,2019-06-21,815,Oti,South,Shipped from Abroad,Phones and Tablet,Mobile phones,iPhone 12,821.98,27.66,3,2493.6,Delivered,1,,50,12
2020-12-30,810,2021-01-02,607,Oti,North,Standard Delivery,Health and beauty,Personal Care,Avon Soft Musk Spray,843.24,27.36,3,2557.08,Returned,2,Arrived Late,29,3
2018-01-31,811,2018-02-14,537,Greater Accra,Central,Shipped from Abroad,Electronics,Smartwatches,Apple Watch Series 6,143.28,30.31,1,173.59,Delivered,2,,40,14
2017-12-29,812,2018-01-04,229,Ashanti,South,Express,Health and beauty,Personal Care,Aichun Beauty Essential Oil,1381.6,30.81,2,2794.01,Delivered,2,,51,6
2016-11-15,813,2016-11-27,430,Greater Accra,South,Standard Delivery,Home and Office,Stationery,Moleskine Notebook,1074.18,44.09,5,5414.99,Delivered,4,,53,12
2015-12-22,814,2016-01-06,176,Volta,Central,Express,Phones and Tablet,Mobile phones,iPhone 12,1382.62,33.94,4,5564.42,Returned,2,Arrived Late,59,15
2019-08-27,815,2019-08-29,747,Volta,North,Shipped from Abroad,Home and Office,Stationery,Moleskine Notebook,116.36,46.61,2,279.33,Delivered,2,,54,2
2016-10-29,816,2016-11-07,47,Ashanti,West,Standard Delivery,Fashion,Clothing,100% Cotton 4 Piece T-Shirts,192.47,30.49,3,607.9,Cancelled,1,Changed Mind,40,9
2019-11-15,817,2019-11-24,27,Greater Accra,South,Shipped from Abroad,Phones and Tablet,Tablets,iPad Air 4th Gen,706.72,31.37,3,2151.53,Returned,2,Arrived Late,46,9
2018-02-21,818,2018-02-24,66,Weija,Central,Shipped from Abroad,Phones and Tablet,Tablets,Amazon Fire HD 8 Kids Tablet,1277.2,24.38,5,6410.38,Delivered,1,,36,3
2020-11-30,819,2020-12-04,792,Weija,South,Standard Delivery,Fashion,Clothing,Men's Denim Jacket,870.48,39.98,4,3521.9,Delivered,3,,45,4
2019-12-31,820,2020-01-02,260,Volta,Central,Standard Delivery,Fashion,Accessories,Polarized Sunglasses,466.78,17.53,3,1417.87,Delivered,4,,49,2
2015-07-04,821,2015-07-18,750,Volta,South,Standard Delivery,Health and beauty,Makeup,MAC Lipstick,268.1,34.42,5,1374.92,Delivered,1,,65,14
2020-02-11,822,2020-02-23,743,Greater Accra,East,Shipped from Abroad,Home and Office,Furniture,Ergonomic Office Chair,689.52,9.96,5,3457.56,Delivered,2,,29,12
2020-12-30,823,2021-01-12,982,Upper East,North,Standard Delivery,Phones and Tablet,Mobile phones,iPhone 12,1059.68,12.04,4,4250.76,Delivered,3,,30,13
2015-11-30,824,2015-12-16,645,Volta,East,Express,Phones and Tablet,Tablets,iPad Air 4th Gen,289.61,26.44,1,316.05,Delivered,1,,51,16
2017-06-25,825,2017-06-30,700,Western,West,Standard Delivery,Home and Office,Furniture,8 Cubes Plastic Wardrobe,675.74,26.05,5,3404.75,Delivered,5,,59,5
2019-09-21,826,2019-09-25,339,Greater Accra,East,Shipped from Abroad,Electronics,Smartwatches,Samsung Galaxy Watch 3,175.36,5.89,3,531.97,Delivered,2,,53,4
2016-01-21,827,2016-02-08,721,Greater Accra,North,Express,Phones and Tablet,Tablets,Amazon Fire HD 8 Kids Tablet,596.46,45.07,3,1834.45,Delivered,2,,57,18
2016-03-23,828,2016-04-10,380,Weija,North,Express,Phones and Tablet,Mobile phones,Samsung Galaxy A02,1256.26,49.54,2,2562.06,Delivered,3,,38,18
2020-02-10,829,2020-02-23,878,Western,Central,Express,Electronics,Smartwatches,Apple Watch Series 6,434.96,9.91,4,1749.75,Delivered,2,,32,13
2017-05-03,830,2017-05-12,156,Oti,North,Shipped from Abroad,Phones and Tablet,Mobile phones,Samsung Galaxy A02,1090.58,24.1,3,3295.84,Delivered,2,,67,9
2015-01-14,831,2015-01-27,637,Western,Central,Express,Fashion,Clothing,100% Cotton 4 Piece T-Shirts,903.83,36.96,4,3652.28,Delivered,4,,52,13
2018-11-09,832,2018-11-12,368,Upper East,West,Shipped from Abroad,Health and beauty,Personal Care,Aichun Beauty Essential Oil,440.25,38.3,3,1359.05,Returned,1,Changed Mind,36,3
2018-02-09,833,2018-02-23,208,Upper East,Central,Standard Delivery,Home and Office,Stationery,Parker Pen,84.08,18.37,1,102.45,Delivered,3,,35,14
2018-10-31,834,2018-11-09,571,Oti,West,Standard Delivery,Phones and Tablet,Tablets,Amazon Fire HD 8 Kids Tablet,589.07,14.65,2,1192.79,Delivered,3,,22,9
2015-05-21,835,2015-06-05,702,Volta,South,Express,Electronics,Home Theatre,Sony 5.1 Home Theatre,1283.81,39.66,3,3891.09,Cancelled,1,Not as expected,69,15
2018-09-25,836,2018-10-02,252,Ashanti,North,Standard Delivery,Home and Office,Stationery,Parker Pen,924.33,18.3,5,4639.95,Delivered,3,,67,7
2016-11-24,837,2016-12-02,936,Oti,West,Express,Phones and Tablet,Mobile phones,Samsung Galaxy A02,535.54,26.57,4,2168.73,Returned,2,Arrived Late,28,8
2015-10-23,838,2015-11-09,252,Western,East,Shipped from Abroad,Electronics,Home Theatre,Sony 5.1 Home Theatre,346.65,35.22,3,1075.17,Delivered,3,,67,17
2019-11-18,839,2019-12-08,549,Ashanti,Central,Standard Delivery,Phones and Tablet,Mobile phones,Samsung Galaxy A02,403.03,37.8,4,1649.92,Delivered,4,,34,20
2018-03-30,840,2018-04-05,139,Weija,West,Shipped from Abroad,Health and beauty,Makeup,MAC Lipstick,1426.57,42.78,5,7175.63,Delivered,1,,50,6
2018-11-08,841,2018-11-28,165,Ashanti,Central,Standard Delivery,Home and Office,Stationery,Moleskine Notebook,1479.64,35.59,2,2994.87,Delivered,4,,58,20
2016-08-09,842,2016-08-15,34,Upper East,East,Standard Delivery,Health and beauty,Makeup,MAC Lipstick,1193.13,40.97,4,4813.49,Delivered,1,,70,6
2019-12-29,843,2020-01-04,295,Ashanti,North,Express,Phones and Tablet,Tablets,Amazon Fire HD 8 Kids Tablet,19.53,22.94,2,62.0,Delivered,3,,21,6
2015-02-22,844,2015-03-02,262,Ashanti,East,Shipped from Abroad,Health and beauty,Personal Care,Aichun Beauty Essential Oil,465.68,49.08,3,1446.12,Returned,2,Not as expected,53,8
2016-01-30,845,2016-02-07,548,Upper East,North,Express,Fashion,Accessories,Polarized Sunglasses,176.15,23.46,5,904.21,Delivered,4,,19,8
2017-03-11,846,2017-03-18,384,Western,East,Express,Phones and Tablet,Tablets,Amazon Fire HD 8 Kids Tablet,1313.53,31.09,1,1344.62,Delivered,2,,68,7
2020-03-06,847,2020-03-22,338,Ashanti,East,Express,Home and Office,Stationery,Moleskine Notebook,589.75,35.72,2,1215.22,Returned,2,Arrived Late,36,16
2020-04-30,848,2020-05-17,147,Ashanti,South,Express,Phones and Tablet,Mobile phones,iPhone 12,298.48,34.3,1,332.78,Delivered,2,,65,17
2016-04-16,849,2016-05-06,89,Upper East,West,Shipped from Abroad,Health and beauty,Makeup,Maybelline Foundation,684.48,47.52,1,732.0,Returned,1,Changed Mind,68,20
2018-10-27,850,2018-11-13,802,Ashanti,West,Express,Fashion,Accessories,Polarized Sunglasses,373.19,35.42,2,781.8,Delivered,2,,60,17
2020-09-13,851,2020-09-29,928,Ashanti,North,Express,Home and Office,Furniture,8 Cubes Plastic Wardrobe,1148.71,35.84,1,1184.55,Returned,1,Arrived Late,58,16
2016-02-11,852,2016-02-22,626,Weija,Central,Standard Delivery,Fashion,Clothing,100% Cotton 4 Piece T-Shirts,996.86,10.23,3,3000.81,Delivered,1,,39,11
2019-03-01,853,2019-03-17,520,Volta,South,Express,Phones and Tablet,Mobile phones,Samsung Galaxy A02,542.33,33.2,1,575.53,Delivered,5,,56,16
2019-03-31,854,2019-04-10,566,Oti,West,Express,Electronics,Home Theatre,Sony 5.1 Home Theatre,991.44,21.57,5,4978.77,Delivered,3,,29,10
2017-06-07,855,2017-06-09,743,Oti,South,Express,Health and beauty,Personal Care,Avon Soft Musk Spray,94.94,37.63,3,322.45,Delivered,4,,29,2
2015-07-25,856,2015-08-02,448,Volta,South,Standard Delivery,Phones and Tablet,Mobile phones,Infinix Smart HD X612,853.33,35.06,1,888.39,Delivered,2,,46,8
2016-04-25,857,2016-04-29,350,Upper East,East,Standard Delivery,Health and beauty,Personal Care,Avon Soft Musk Spray,584.88,28.09,1,612.97,Delivered,4,,59,4
2019-02-08,858,2019-02-18,326,Western,East,Standard Delivery,Phones and Tablet,Tablets,Amazon Fire HD 8 Kids Tablet,521.32,13.41,2,1056.05,Returned,1,Not as expected,21,10
2015-04-27,859,2015-05-08,484,Western,West,Standard Delivery,Home and Office,Furniture,Ergonomic Office Chair,223.84,13.48,2,461.16,Delivered,2,,36,11
2017-11-29,860,2017-12-05,45,Volta,South,Standard Delivery,Electronics,Digital Cameras,Canon EOS 600D 18MP CMOS DSLR,538.7,41.3,1,580.0,Delivered,2,,46,6
2018-08-23,861,2018-08-29,670,Oti,North,Express,Home and Office,Furniture,Ergonomic Office Chair,1081.74,41.5,3,3286.72,Delivered,3,,65,6
2015-05-21,862,2015-06-10,385,Greater Accra,West,Shipped from Abroad,Electronics,Digital Cameras,Sony Alpha a6000,684.48,19.19,3,2072.63,Delivered,3,,42,20
2018-06-28,863,2018-06-30,817,Oti,West,Express,Home and Office,Stationery,Moleskine Notebook,1205.87,29.21,2,2440.95,Delivered,3,,40,2
2020-03-18,864,2020-04-04,785,Greater Accra,East,Standard Delivery,Health and beauty,Makeup,Maybelline Foundation,1162.41,34.88,1,1197.29,Returned,1,Arrived Late,43,17
2015-05-11,865,2015-05-22,791,Ashanti,West,Express,Electronics,Digital Cameras,Sony Alpha a6000,1004.31,41.03,4,4058.27,Cancelled,2,Changed Mind,39,11
2016-05-07,866,2016-05-14,606,Upper East,West,Shipped from Abroad,Electronics,Home Theatre,LG Soundbar,624.32,16.88,2,1265.52,Delivered,1,,39,7
2017-10-21,867,2017-11-10,827,Weija,South,Shipped from Abroad,Fashion,Shoes,Nike Air Max,1294.82,32.54,1,1327.36,Delivered,4,,41,20
2018-11-01,868,2018-11-18,511,Ashanti,West,Express,Electronics,Home Theatre,LG Soundbar,169.12,25.65,1,194.77,Delivered,1,,46,17
2015-12-05,869,2015-12-09,980,Western,Central,Standard Delivery,Home and Office,Stationery,Moleskine Notebook,1098.52,12.09,4,4406.17,Returned,2,Arrived Late,45,4
2017-03-11,870,2017-03-17,762,Upper East,West,Express,Home and Office,Stationery,Moleskine Notebook,735.13,6.49,5,3682.14,Cancelled,2,Not as expected,26,6
2019-12-31,871,2020-01-02,184,Upper East,West,Standard Delivery,Home and Office,Stationery,Parker Pen,508.93,26.96,2,1044.82,Delivered,3,,37,2
2015-04-23,872,2015-05-13,440,Upper East,South,Standard Delivery,Health and beauty,Makeup,Maybelline Foundation,1060.63,22.22,4,4264.74,Delivered,2,,67,20
2016-06-08,873,2016-06-12,554,Western,Central,Express,Phones and Tablet,Mobile phones,Infinix Smart HD X612,600.69,33.13,5,3036.58,Cancelled,1,Not as expected,62,4
2015-05-08,874,2015-05-10,699,Ashanti,North,Standard Delivery,Home and Office,Stationery,Parker Pen,25.0,14.24,1,39.24,Delivered,2,,64,2
2017-03-28,875,2017-04-02,552,Ashanti,South,Shipped from Abroad,Health and beauty,Personal Care,Avon Soft Musk Spray,374.51,12.41,5,1884.96,Returned,1,Arrived Late,56,5
2020-01-15,876,2020-01-26,392,Weija,Central,Express,Health and beauty,Personal Care,Avon Soft Musk Spray,216.11,13.42,4,877.86,Delivered,3,,23,11
2018-02-02,877,2018-02-12,610,Western,North,Express,Health and beauty,Makeup,Maybelline Foundation,1050.05,17.22,2,2117.32,Delivered,1,,32,10
2018-07-27,878,2018-07-30,189,Upper East,East,Shipped from Abroad,Phones and Tablet,Mobile phones,iPhone 12,1230.55,33.75,2,2494.85,Delivered,3,,43,3
2018-08-27,879,2018-09-14,4,Weija,West,Shipped from Abroad,Fashion,Shoes,Nike Air Max,529.31,45.6,1,574.91,Delivered,4,,43,18
2019-01-06,880,2019-01-19,298,Western,West,Standard Delivery,Home and Office,Furniture,8 Cubes Plastic Wardrobe,512.76,47.86,1,560.62,Delivered,4,,69,13
2018-06-14,881,2018-06-25,909,Western,West,Standard Delivery,Electronics,Smartwatches,Samsung Galaxy Watch 3,43.23,44.4,5,260.55,Delivered,2,,60,11
2019-12-27,882,2019-12-31,738,Greater Accra,Central,Express,Fashion,Shoes,Nike Air Max,1434.88,48.12,1,1483.0,Delivered,2,,63,4
2019-06-29,883,2019-07-16,362,Oti,South,Standard Delivery,Home and Office,Furniture,8 Cubes Plastic Wardrobe,1154.89,10.6,1,1165.49,Returned,2,Defective,41,17
2020-09-18,884,2020-09-27,32,Western,Central,Standard Delivery,Electronics,Smartwatches,Samsung Galaxy Watch 3,344.71,15.26,1,359.97,Delivered,4,,50,9
2020-03-31,885,2020-04-03,225,Volta,North,Express,Health and beauty,Personal Care,Aichun Beauty Essential Oil,140.11,17.58,2,297.8,Delivered,4,,39,3
2015-12-19,886,2016-01-02,908,Ashanti,South,Shipped from Abroad,Phones and Tablet,Tablets,iPad Air 4th Gen,959.58,14.18,1,973.76,Delivered,5,,49,14
2020-09-29,887,2020-10-17,752,Volta,North,Shipped from Abroad,Home and Office,Stationery,Moleskine Notebook,833.4,11.31,3,2511.51,Delivered,3,,50,18
2018-06-24,888,2018-06-29,77,Western,East,Standard Delivery,Phones and Tablet,Tablets,iPad Air 4th Gen,131.16,47.99,1,179.15,Returned,2,Changed Mind,23,5
2020-08-16,889,2020-08-23,475,Weija,East,Express,Fashion,Shoes,Nike Air Max,724.47,16.01,3,2189.42,Delivered,3,,38,7
2018-09-01,890,2018-09-16,514,Upper East,South,Standard Delivery,Phones and Tablet,Mobile phones,Samsung Galaxy A02,384.27,41.92,1,426.19,Delivered,3,,36,15
2017-07-31,891,2017-08-11,103,Oti,South,Express,Electronics,Smartwatches,Samsung Galaxy Watch 3,259.16,9.18,5,1304.98,Delivered,3,,63,11
2018-10-03,892,2018-10-19,176,Weija,West,Shipped from Abroad,Phones and Tablet,Tablets,Amazon Fire HD 8 Kids Tablet,669.2,15.73,5,3361.73,Delivered,1,,59,16
2018-03-11,893,2018-03-17,788,Oti,North,Standard Delivery,Phones and Tablet,Mobile phones,Samsung Galaxy A02,374.72,17.13,3,1141.29,Delivered,3,,20,6
2017-03-14,894,2017-03-17,978,Upper East,West,Standard Delivery,Electronics,Smartwatches,Apple Watch Series 6,491.29,18.5,2,1001.08,Delivered,4,,29,3
2019-03-13,895,2019-03-17,394,Western,North,Express,Phones and Tablet,Mobile phones,Samsung Galaxy A02,358.17,40.97,3,1115.48,Cancelled,1,Not as expected,52,4
2018-07-30,896,2018-08-12,138,Volta,West,Shipped from Abroad,Home and Office,Stationery,Moleskine Notebook,354.02,22.4,2,730.44,Delivered,3,,19,13
2017-10-05,897,2017-10-08,38,Weija,East,Express,Electronics,Smartwatches,Samsung Galaxy Watch 3,1256.09,43.75,1,1299.84,Returned,1,Not as expected,53,3
2016-04-11,898,2016-04-14,30,Volta,West,Shipped from Abroad,Home and Office,Stationery,Parker Pen,655.72,20.3,3,1987.46,Delivered,2,,48,3
2019-10-23,899,2019-11-10,836,Greater Accra,Central,Shipped from Abroad,Fashion,Accessories,Leather Wallet,1156.76,24.28,4,4651.32,Delivered,3,,26,18
2019-12-28,900,2020-01-14,281,Upper East,East,Standard Delivery,Home and Office,Furniture,8 Cubes Plastic Wardrobe,1120.45,27.37,3,3388.72,Delivered,4,,54,17
2015-06-05,901,2015-06-19,178,Western,West,Express,Fashion,Shoes,Adidas Ultraboost,1447.18,34.26,1,1481.44,Delivered,4,,18,14
2018-07-25,902,2018-08-12,195,Upper East,North,Express,Electronics,Smartwatches,Samsung Galaxy Watch 3,1451.62,7.98,3,4362.84,Cancelled,2,Arrived Late,38,18
2017-04-19,903,2017-05-09,575,Oti,South,Standard Delivery,Health and beauty,Personal Care,Aichun Beauty Essential Oil,778.09,38.32,1,816.41,Delivered,3,,20,20
2016-12-16,904,2016-12-30,992,Oti,West,Standard Delivery,Fashion,Accessories,Leather Wallet,535.4,24.62,4,2166.22,Delivered,1,,53,14
2015-06-28,905,2015-07-10,786,Upper East,East,Shipped from Abroad,Home and Office,Furniture,Ergonomic Office Chair,680.63,14.27,3,2056.16,Delivered,4,,26,12
2016-04-20,906,2016-04-27,684,Oti,North,Shipped from Abroad,Home and Office,Furniture,Ergonomic Office Chair,358.18,31.81,4,1464.53,Delivered,5,,40,7
2019-02-27,907,2019-03-17,973,Oti,West,Shipped from Abroad,Phones and Tablet,Mobile phones,iPhone 12,47.86,17.66,5,256.96,Returned,1,Not as expected,65,18
2017-09-17,908,2017-10-07,509,Upper East,Central,Express,Electronics,Home Theatre,LG Soundbar,302.8,35.45,1,338.25,Delivered,2,,38,20
2019-10-29,909,2019-11-15,115,Western,East,Standard Delivery,Home and Office,Furniture,8 Cubes Plastic Wardrobe,1011.19,9.94,4,4054.7,Delivered,1,,35,17
2016-08-29,910,2016-09-10,575,Oti,Central,Standard Delivery,Fashion,Accessories,Polarized Sunglasses,1193.96,10.15,2,2398.07,Delivered,3,,20,12
2018-08-22,911,2018-08-26,221,Greater Accra,North,Standard Delivery,Health and beauty,Makeup,Maybelline Foundation,1071.68,14.5,5,5372.9,Returned,2,Not as expected,63,4
2015-08-18,912,2015-08-24,704,Ashanti,North,Shipped from Abroad,Phones and Tablet,Tablets,Amazon Fire HD 8 Kids Tablet,1295.42,41.65,3,3927.91,Delivered,4,,38,6
2020-10-13,913,2020-10-23,508,Upper East,North,Standard Delivery,Phones and Tablet,Tablets,Amazon Fire HD 8 Kids Tablet,80.47,7.29,2,168.23,Returned,1,Not as expected,41,10
2017-06-04,914,2017-06-15,631,Oti,Central,Standard Delivery,Electronics,Smartwatches,Apple Watch Series 6,674.74,12.22,1,686.96,Delivered,3,,23,11
2018-03-07,915,2018-03-16,642,Oti,Central,Shipped from Abroad,Home and Office,Furniture,Ergonomic Office Chair,1390.1,21.1,4,5581.5,Delivered,1,,23,9
2016-01-27,916,2016-02-04,904,Weija,North,Shipped from Abroad,Fashion,Clothing,100% Cotton 4 Piece T-Shirts,980.51,45.39,1,1025.9,Delivered,1,,41,8
2019-06-01,917,2019-06-15,57,Upper East,East,Express,Fashion,Shoes,Adidas Ultraboost,553.95,36.15,2,1144.05,Returned,1,Arrived Late,21,14
2020-07-01,918,2020-07-03,934,Oti,North,Express,Health and beauty,Makeup,Maybelline Foundation,400.92,35.27,4,1638.95,Delivered,3,,44,2
2016-07-14,919,2016-07-26,756,Oti,East,Express,Electronics,Smartwatches,Samsung Galaxy Watch 3,770.92,33.47,3,2346.23,Returned,2,Arrived Late,45,12
2018-01-02,920,2018-01-04,43,Upper East,East,Shipped from Abroad,Home and Office,Furniture,8 Cubes Plastic Wardrobe,1124.62,35.26,3,3409.12,Returned,1,Not as expected,66,2
2016-07-22,921,2016-07-29,53,Weija,Central,Standard Delivery,Fashion,Clothing,100% Cotton 4 Piece T-Shirts,714.43,22.14,1,736.57,Returned,1,Defective,21,7
2019-09-03,922,2019-09-10,837,Upper East,Central,Standard Delivery,Home and Office,Furniture,8 Cubes Plastic Wardrobe,838.56,40.27,4,3394.51,Cancelled,1,Changed Mind,26,7
2017-09-08,923,2017-09-22,736,Western,Central,Standard Delivery,Home and Office,Stationery,Parker Pen,931.07,31.8,2,1893.94,Delivered,3,,33,14
2015-05-04,924,2015-05-24,543,Western,West,Express,Home and Office,Stationery,Moleskine Notebook,653.92,9.43,1,663.35,Delivered,3,,30,20
2016-03-03,925,2016-03-17,860,Ashanti,Central,Standard Delivery,Phones and Tablet,Mobile phones,iPhone 12,713.1,16.27,5,3581.77,Delivered,2,,26,14
2019-01-31,926,2019-02-11,326,Ashanti,South,Express,Phones and Tablet,Mobile phones,Samsung Galaxy A02,1011.07,42.56,1,1053.63,Returned,1,Defective,21,11
2017-09-21,927,2017-10-11,445,Upper East,South,Shipped from Abroad,Phones and Tablet,Tablets,iPad Air 4th Gen,457.5,47.81,1,505.31,Delivered,3,,23,20
2016-06-05,928,2016-06-12,376,Upper East,North,Shipped from Abroad,Fashion,Clothing,100% Cotton 4 Piece T-Shirts,839.94,9.35,3,2529.17,Returned,1,Arrived Late,52,7
2017-09-30,929,2017-10-18,394,Ashanti,Central,Shipped from Abroad,Home and Office,Furniture,8 Cubes Plastic Wardrobe,1211.2,35.44,4,4880.24,Delivered,3,,52,18
2018-11-22,930,2018-11-27,37,Weija,South,Shipped from Abroad,Electronics,Smartwatches,Apple Watch Series 6,594.86,12.28,4,2391.72,Delivered,4,,70,5
2018-06-16,931,2018-06-23,520,Greater Accra,East,Standard Delivery,Health and beauty,Makeup,MAC Lipstick,770.88,21.33,5,3875.73,Delivered,3,,56,7
2020-11-10,932,2020-11-20,548,Ashanti,South,Standard Delivery,Home and Office,Stationery,Parker Pen,1478.68,10.66,3,4446.7,Cancelled,2,Arrived Late,19,10
2019-10-05,933,2019-10-14,826,Upper East,Central,Standard Delivery,Health and beauty,Makeup,MAC Lipstick,960.1,49.07,5,4849.57,Delivered,1,,31,9
2017-06-06,934,2017-06-10,854,Western,West,Shipped from Abroad,Phones and Tablet,Mobile phones,iPhone 12,1307.35,13.67,1,1321.02,Delivered,4,,27,4
2018-02-13,935,2018-02-19,996,Weija,North,Express,Health and beauty,Personal Care,Aichun Beauty Essential Oil,1368.75,29.13,4,5504.13,Delivered,3,,30,6
2016-04-02,936,2016-04-04,878,Ashanti,South,Shipped from Abroad,Home and Office,Stationery,Moleskine Notebook,412.08,27.61,5,2088.01,Returned,2,Defective,32,2
2017-10-29,937,2017-11-17,290,Ashanti,North,Shipped from Abroad,Phones and Tablet,Tablets,iPad Air 4th Gen,940.85,20.66,1,961.51,Delivered,1,,24,19
2016-01-12,938,2016-01-20,513,Ashanti,Central,Shipped from Abroad,Electronics,Home Theatre,Sony 5.1 Home Theatre,69.07,42.13,1,111.2,Returned,1,Not as expected,52,8
2020-10-07,939,2020-10-22,265,Greater Accra,West,Shipped from Abroad,Phones and Tablet,Mobile phones,Samsung Galaxy A02,1298.01,49.39,5,6539.44,Delivered,2,,54,15
2017-05-07,940,2017-05-25,621,Oti,North,Express,Phones and Tablet,Tablets,iPad Air 4th Gen,1429.92,34.5,2,2894.34,Returned,2,Arrived Late,32,18
2020-05-08,941,2020-05-21,581,Volta,Central,Standard Delivery,Electronics,Digital Cameras,Nikon D3500,522.79,14.11,1,536.9,Delivered,4,,70,13
2018-06-01,942,2018-06-03,794,Oti,West,Shipped from Abroad,Electronics,Digital Cameras,Nikon D3500,1055.05,36.7,3,3201.85,Delivered,3,,31,2
2018-08-22,943,2018-09-01,600,Ashanti,West,Standard Delivery,Phones and Tablet,Mobile phones,Samsung Galaxy A02,116.17,17.27,2,249.61,Cancelled,2,Changed Mind,31,10
2016-06-03,944,2016-06-06,778,Ashanti,North,Express,Health and beauty,Personal Care,Aichun Beauty Essential Oil,1379.72,14.07,1,1393.79,Delivered,2,,25,3
2016-08-14,945,2016-08-25,481,Western,West,Standard Delivery,Health and beauty,Makeup,MAC Lipstick,1460.92,43.1,3,4425.86,Delivered,2,,33,11
2019-06-03,946,2019-06-07,346,Greater Accra,North,Standard Delivery,Home and Office,Furniture,8 Cubes Plastic Wardrobe,695.44,9.53,5,3486.73,Delivered,4,,70,4
2018-06-12,947,2018-06-21,513,Oti,North,Standard Delivery,Electronics,Home Theatre,Sony 5.1 Home Theatre,1251.61,49.9,4,5056.34,Delivered,4,,52,9
2016-08-25,948,2016-09-02,560,Western,South,Shipped from Abroad,Fashion,Shoes,Nike Air Max,1359.64,21.89,3,4100.81,Delivered,3,,21,8
2020-12-06,949,2020-12-26,850,Upper East,West,Shipped from Abroad,Home and Office,Furniture,8 Cubes Plastic Wardrobe,857.3,49.15,1,906.45,Delivered,2,,34,20
2018-11-27,950,2018-12-14,955,Oti,Central,Standard Delivery,Electronics,Home Theatre,Sony 5.1 Home Theatre,1238.11,14.44,5,6204.99,Delivered,2,,49,17
2017-09-25,951,2017-10-05,950,Greater Accra,South,Express,Fashion,Clothing,Men's Denim Jacket,566.86,49.68,4,2317.12,Delivered,3,,41,10
2018-09-04,952,2018-09-11,194,Oti,North,Express,Home and Office,Furniture,8 Cubes Plastic Wardrobe,582.48,21.13,2,1186.09,Delivered,3,,21,7
2019-09-29,953,2019-10-02,335,Volta,West,Standard Delivery,Home and Office,Stationery,Moleskine Notebook,1093.6,29.64,2,2216.84,Delivered,5,,32,3
2018-06-16,954,2018-07-01,613,Greater Accra,West,Shipped from Abroad,Health and beauty,Personal Care,Aichun Beauty Essential Oil,1139.03,7.3,3,3424.39,Delivered,4,,18,15
2020-02-11,955,2020-02-29,774,Oti,North,Shipped from Abroad,Electronics,Smartwatches,Samsung Galaxy Watch 3,518.52,43.36,1,561.88,Returned,2,Changed Mind,66,18
2016-02-26,956,2016-03-04,847,Western,North,Shipped from Abroad,Phones and Tablet,Mobile phones,Infinix Smart HD X612,690.95,45.23,4,2809.03,Delivered,3,,46,7
2015-05-16,957,2015-05-29,649,Greater Accra,Central,Shipped from Abroad,Home and Office,Stationery,Moleskine Notebook,903.18,19.54,3,2729.08,Delivered,5,,24,13
2017-07-11,958,2017-07-20,629,Greater Accra,North,Shipped from Abroad,Home and Office,Stationery,Parker Pen,527.0,28.46,2,1082.46,Cancelled,1,Changed Mind,69,9
2016-10-03,959,2016-10-11,194,Greater Accra,East,Express,Electronics,Home Theatre,LG Soundbar,688.92,22.92,2,1400.76,Delivered,5,,21,8
2015-06-02,960,2015-06-21,618,Oti,South,Shipped from Abroad,Fashion,Clothing,100% Cotton 4 Piece T-Shirts,630.86,43.57,2,1305.29,Delivered,2,,20,19
2019-08-01,961,2019-08-13,358,Weija,North,Shipped from Abroad,Fashion,Shoes,Nike Air Max,1297.06,6.85,4,5195.09,Delivered,1,,58,12
2020-07-18,962,2020-08-04,970,Western,West,Shipped from Abroad,Fashion,Accessories,Polarized Sunglasses,328.88,16.54,3,1003.18,Delivered,1,,27,17
2017-12-02,963,2017-12-18,931,Oti,East,Standard Delivery,Electronics,Digital Cameras,Nikon D3500,774.0,37.12,2,1585.12,Delivered,2,,25,16
2015-07-02,964,2015-07-07,175,Volta,North,Express,Electronics,Smartwatches,Samsung Galaxy Watch 3,457.32,27.95,1,485.27,Returned,2,Not as expected,28,5
2016-09-27,965,2016-10-09,698,Oti,South,Shipped from Abroad,Phones and Tablet,Tablets,Amazon Fire HD 8 Kids Tablet,603.42,28.26,5,3045.36,Returned,2,Not as expected,18,12
2019-07-23,966,2019-08-07,953,Oti,Central,Standard Delivery,Phones and Tablet,Mobile phones,iPhone 12,498.1,34.71,5,2525.21,Delivered,4,,49,15
2017-10-09,967,2017-10-17,222,Western,Central,Shipped from Abroad,Home and Office,Stationery,Parker Pen,389.41,19.61,1,409.02,Delivered,3,,63,8
2015-11-19,968,2015-11-23,649,Upper East,Central,Express,Phones and Tablet,Mobile phones,Infinix Smart HD X612,275.17,30.24,2,580.58,Delivered,1,,24,4
2017-01-23,969,2017-01-31,745,Upper East,Central,Express,Fashion,Clothing,Men's Denim Jacket,1194.73,26.5,5,6000.15,Delivered,4,,58,8
2019-02-20,970,2019-02-23,467,Oti,South,Standard Delivery,Fashion,Clothing,Men's Denim Jacket,396.69,20.03,5,2003.48,Returned,2,Arrived Late,70,3
2018-03-23,971,2018-04-03,306,Ashanti,East,Shipped from Abroad,Health and beauty,Makeup,MAC Lipstick,1330.1,49.55,4,5369.95,Returned,2,Changed Mind,65,11
2016-05-11,972,2016-05-28,24,Greater Accra,West,Express,Electronics,Digital Cameras,Sony Alpha a6000,732.03,32.08,3,2228.17,Delivered,3,,51,17
2020-12-03,973,2020-12-20,771,Western,West,Express,Fashion,Accessories,Polarized Sunglasses,244.15,43.09,1,287.24,Delivered,3,,30,17
2019-03-16,974,2019-04-03,775,Ashanti,North,Standard Delivery,Fashion,Accessories,Polarized Sunglasses,510.79,27.66,4,2070.82,Delivered,1,,36,18
2015-03-03,975,2015-03-17,982,Ashanti,Central,Standard Delivery,Fashion,Clothing,100% Cotton 4 Piece T-Shirts,675.97,30.54,4,2734.42,Returned,2,Arrived Late,30,14
2015-09-19,976,2015-10-01,191,Weija,West,Shipped from Abroad,Electronics,Digital Cameras,Canon EOS 600D 18MP CMOS DSLR,1482.82,23.78,5,7437.88,Delivered,3,,69,12
2018-06-14,977,2018-06-20,839,Western,South,Standard Delivery,Fashion,Clothing,100% Cotton 4 Piece T-Shirts,757.27,39.63,5,3825.98,Delivered,4,,70,6
2015-07-12,978,2015-07-14,675,Volta,South,Standard Delivery,Electronics,Home Theatre,Sony 5.1 Home Theatre,1431.43,24.64,1,1456.07,Returned,1,Arrived Late,54,2
2018-07-31,979,2018-08-07,104,Weija,East,Express,Phones and Tablet,Mobile phones,iPhone 12,179.42,35.48,1,214.9,Returned,2,Changed Mind,43,7
2017-11-29,980,2017-12-19,732,Weija,East,Shipped from Abroad,Fashion,Clothing,100% Cotton 4 Piece T-Shirts,413.04,8.96,3,1248.08,Delivered,4,,69,20
2020-06-12,981,2020-06-29,156,Ashanti,North,Standard Delivery,Fashion,Shoes,Nike Air Max,639.09,13.89,5,3209.34,Delivered,1,,67,17
2018-07-04,982,2018-07-15,391,Greater Accra,North,Shipped from Abroad,Phones and Tablet,Tablets,iPad Air 4th Gen,409.4,42.44,5,2089.44,Delivered,3,,27,11
2020-10-20,983,2020-10-25,582,Ashanti,East,Standard Delivery,Home and Office,Furniture,8 Cubes Plastic Wardrobe,174.24,44.06,1,218.3,Delivered,2,,55,5
2015-05-13,984,2015-05-21,740,Ashanti,East,Shipped from Abroad,Electronics,Home Theatre,LG Soundbar,1300.92,6.98,4,5210.66,Returned,2,Changed Mind,25,8
2016-11-24,985,2016-12-03,36,Upper East,Central,Standard Delivery,Home and Office,Furniture,Ergonomic Office Chair,602.87,14.19,3,1822.8,Delivered,5,,69,9
2017-03-05,986,2017-03-18,623,Greater Accra,North,Express,Health and beauty,Makeup,Maybelline Foundation,546.51,9.46,2,1102.48,Delivered,3,,49,13
2016-10-06,987,2016-10-18,728,Oti,West,Standard Delivery,Phones and Tablet,Mobile phones,Infinix Smart HD X612,328.73,32.83,4,1347.75,Delivered,3,,29,12
2017-08-28,988,2017-09-07,261,Western,East,Express,Electronics,Digital Cameras,Nikon D3500,1490.09,20.36,3,4490.63,Returned,2,Arrived Late,51,10
2016-06-01,989,2016-06-20,269,Volta,North,Shipped from Abroad,Electronics,Smartwatches,Apple Watch Series 6,1495.53,34.32,4,6016.44,Delivered,3,,18,19
2018-02-05,990,2018-02-17,472,Western,Central,Standard Delivery,Home and Office,Furniture,8 Cubes Plastic Wardrobe,1436.06,11.53,4,5755.77,Returned,1,Not as expected,58,12
2020-11-10,991,2020-11-26,406,Oti,South,Standard Delivery,Health and beauty,Personal Care,Avon Soft Musk Spray,294.34,38.83,1,333.17,Returned,2,Not as expected,69,16
2018-10-16,992,2018-10-20,980,Weija,South,Express,Electronics,Digital Cameras,Sony Alpha a6000,53.8,45.54,1,99.34,Returned,2,Defective,45,4
2020-03-26,993,2020-04-05,355,Upper East,Central,Standard Delivery,Home and Office,Stationery,Parker Pen,1468.93,8.99,4,5884.71,Delivered,2,,63,10
2018-06-20,994,2018-06-27,712,Oti,East,Express,Phones and Tablet,Tablets,iPad Air 4th Gen,1025.78,42.36,4,4145.48,Delivered,3,,33,7
2016-08-08,995,2016-08-14,568,Oti,North,Shipped from Abroad,Electronics,Home Theatre,Sony 5.1 Home Theatre,329.35,16.0,1,345.35,Delivered,3,,25,6
2016-04-18,996,2016-04-26,259,Western,North,Shipped from Abroad,Electronics,Smartwatches,Samsung Galaxy Watch 3,866.9,5.23,4,3472.83,Delivered,5,,45,8
2018-05-25,997,2018-05-27,983,Upper East,North,Shipped from Abroad,Electronics,Home Theatre,LG Soundbar,1476.42,15.66,5,7397.76,Delivered,2,,46,2
2018-08-14,998,2018-08-31,35,Volta,East,Standard Delivery,Phones and Tablet,Tablets,iPad Air 4th Gen,810.5,42.55,1,853.05,Delivered,4,,66,17
2015-07-07,999,2015-07-14,383,Weija,East,Express,Home and Office,Stationery,Moleskine Notebook,1009.54,7.84,1,1017.38,Delivered,2,,70,7
2016-08-20,1000,2016-09-07,970,Upper East,East,Shipped from Abroad,Health and beauty,Makeup,Maybelline Foundation,756.92,25.65,4,3053.33,Delivered,1,,27,18
2019-01-25,1001,2019-02-03,125,Upper East,East,Shipped from Abroad,Fashion,Shoes,Adidas Ultraboost,595.54,43.34,2,1234.42,Returned,1,Defective,19,9
2015-02-25,1002,2015-02-28,822,Volta,Central,Express,Fashion,Clothing,Men's Denim Jacket,912.65,41.26,1,953.91,Delivered,5,,70,3
2015-10-09,1003,2015-10-13,427,Ashanti,Central,Express,Phones and Tablet,Mobile phones,Infinix Smart HD X612,375.17,5.89,1,381.06,Delivered,1,,68,4
2015-05-09,1004,2015-05-29,932,Volta,South,Express,Electronics,Home Theatre,LG Soundbar,935.62,45.48,3,2852.34,Cancelled,1,Arrived Late,34,20
2018-02-03,1005,2018-02-19,193,Weija,Central,Shipped from Abroad,Phones and Tablet,Mobile phones,Samsung Galaxy A02,139.76,41.04,2,320.56,Delivered,1,,54,16
2018-12-23,1006,2019-01-08,38,Volta,North,Express,Phones and Tablet,Tablets,iPad Air 4th Gen,289.97,7.71,2,587.65,Delivered,3,,53,16
2017-05-31,1007,2017-06-16,824,Upper East,Central,Express,Home and Office,Stationery,Moleskine Notebook,1167.06,37.23,1,1204.29,Delivered,5,,41,16
2017-08-29,1008,2017-09-02,118,Western,Central,Express,Home and Office,Stationery,Moleskine Notebook,352.72,26.89,5,1790.49,Delivered,2,,62,4
2015-08-10,1009,2015-08-29,235,Oti,East,Express,Home and Office,Stationery,Moleskine Notebook,785.31,32.25,5,3958.8,Delivered,5,,40,19
2016-12-27,1010,2017-01-06,967,Greater Accra,West,Express,Fashion,Accessories,Polarized Sunglasses,815.19,42.89,4,3303.65,Delivered,2,,38,10
2018-01-16,1011,2018-02-05,158,Greater Accra,North,Express,Electronics,Home Theatre,Sony 5.1 Home Theatre,299.05,36.65,5,1531.9,Delivered,1,,56,20
2018-07-09,1012,2018-07-25,7,Upper East,Central,Shipped from Abroad,Electronics,Smartwatches,Apple Watch Series 6,285.46,42.68,3,899.06,Returned,2,Not as expected,54,16
2015-10-26,1013,2015-10-30,158,Ashanti,South,Shipped from Abroad,Electronics,Digital Cameras,Canon EOS 600D 18MP CMOS DSLR,787.24,24.5,2,1598.98,Delivered,3,,56,4
2017-07-20,1014,2017-07-26,637,Ashanti,South,Shipped from Abroad,Home and Office,Stationery,Moleskine Notebook,434.04,14.03,3,1316.15,Delivered,5,,52,6
2018-05-02,1015,2018-05-04,945,Ashanti,East,Standard Delivery,Electronics,Digital Cameras,Nikon D3500,250.73,33.43,4,1036.35,Delivered,1,,46,2
2016-03-03,1016,2016-03-21,951,Oti,South,Standard Delivery,Health and beauty,Makeup,Maybelline Foundation,445.75,25.98,4,1808.98,Delivered,1,,48,18
2015-08-21,1017,2015-09-07,157,Weija,East,Shipped from Abroad,Fashion,Shoes,Nike Air Max,1185.03,38.59,5,5963.74,Returned,2,Changed Mind,42,17
2020-01-24,1018,2020-02-11,173,Western,West,Express,Phones and Tablet,Mobile phones,Infinix Smart HD X612,62.89,33.83,2,159.61,Returned,1,Arrived Late,47,18
2018-01-24,1019,2018-01-28,171,Upper East,East,Shipped from Abroad,Home and Office,Stationery,Parker Pen,162.55,5.58,5,818.33,Returned,2,Arrived Late,53,4
2016-06-07,1020,2016-06-11,569,Upper East,South,Shipped from Abroad,Fashion,Clothing,100% Cotton 4 Piece T-Shirts,1012.39,42.88,4,4092.44,Returned,1,Not as expected,31,4
2018-09-10,1021,2018-09-18,863,Ashanti,East,Express,Electronics,Home Theatre,LG Soundbar,808.2,12.19,5,4053.19,Delivered,4,,57,8
2019-02-23,1022,2019-03-06,1000,Upper East,East,Shipped from Abroad,Home and Office,Furniture,Ergonomic Office Chair,1411.95,25.68,3,4261.53,Delivered,3,,65,11
2018-08-01,1023,2018-08-10,217,Volta,Central,Standard Delivery,Fashion,Accessories,Polarized Sunglasses,746.24,12.32,2,1504.8,Delivered,3,,34,9
2016-09-14,1024,2016-10-01,797,Greater Accra,South,Shipped from Abroad,Phones and Tablet,Mobile phones,Samsung Galaxy A02,691.28,15.02,1,706.3,Delivered,5,,22,17
2016-05-08,1025,2016-05-10,966,Western,West,Standard Delivery,Home and Office,Furniture,8 Cubes Plastic Wardrobe,807.25,9.66,4,3238.66,Cancelled,1,Defective,62,2
2015-02-07,1026,2015-02-27,173,Greater Accra,Central,Express,Home and Office,Furniture,Ergonomic Office Chair,1374.27,40.0,4,5537.08,Delivered,4,,47,20
2016-12-23,1027,2016-12-25,738,Weija,West,Shipped from Abroad,Home and Office,Furniture,Ergonomic Office Chair,97.15,5.76,4,394.36,Delivered,4,,63,2
2018-05-09,1028,2018-05-22,889,Greater Accra,North,Express,Phones and Tablet,Tablets,iPad Air 4th Gen,1427.84,17.69,4,5729.05,Delivered,2,,35,13
2019-12-22,1029,2019-12-26,451,Western,South,Standard Delivery,Home and Office,Stationery,Parker Pen,180.63,28.63,4,751.15,Returned,1,Defective,43,4
2020-03-11,1030,2020-03-20,939,Oti,West,Standard Delivery,Health and beauty,Makeup,Maybelline Foundation,1069.57,10.69,2,2149.83,Delivered,5,,22,9
2018-03-20,1031,2018-03-27,485,Volta,South,Standard Delivery,Fashion,Accessories,Polarized Sunglasses,1255.66,10.8,1,1266.46,Delivered,3,,30,7
2018-08-01,1032,2018-08-12,170,Upper East,North,Express,Phones and Tablet,Mobile phones,Samsung Galaxy A02,93.86,12.59,4,388.03,Delivered,4,,57,11
2020-06-15,1033,2020-07-03,756,Oti,East,Shipped from Abroad,Fashion,Accessories,Leather Wallet,1037.23,21.09,4,4170.01,Delivered,2,,45,18
2016-09-29,1034,2016-10-16,992,Upper East,Central,Express,Phones and Tablet,Mobile phones,Samsung Galaxy A02,1034.85,5.71,5,5179.96,Delivered,2,,53,17
2015-01-16,1035,2015-01-29,635,Weija,North,Shipped from Abroad,Electronics,Digital Cameras,Sony Alpha a6000,523.65,18.03,3,1588.98,Delivered,4,,63,13
2019-06-14,1036,2019-07-02,800,Weija,South,Express,Phones and Tablet,Tablets,Amazon Fire HD 8 Kids Tablet,1299.61,49.71,1,1349.32,Delivered,3,,30,18
2019-08-04,1037,2019-08-16,181,Upper East,North,Standard Delivery,Fashion,Shoes,Adidas Ultraboost,494.62,49.01,2,1038.25,Delivered,3,,63,12
2020-03-13,1038,2020-03-30,593,Western,South,Shipped from Abroad,Phones and Tablet,Tablets,iPad Air 4th Gen,549.49,43.36,3,1691.83,Returned,2,Arrived Late,28,17
2020-03-29,1039,2020-04-15,287,Oti,East,Standard Delivery,Home and Office,Furniture,Ergonomic Office Chair,188.53,12.53,2,389.59,Delivered,3,,28,17
2020-08-06,1040,2020-08-22,321,Volta,Central,Shipped from Abroad,Electronics,Digital Cameras,Nikon D3500,800.27,39.31,2,1639.85,Delivered,2,,22,16
2016-01-12,1041,2016-01-15,891,Upper East,West,Express,Electronics,Home Theatre,Sony 5.1 Home Theatre,1297.93,6.58,4,5198.3,Returned,1,Defective,20,3
2016-09-07,1042,2016-09-18,445,Weija,Central,Standard Delivery,Fashion,Clothing,100% Cotton 4 Piece T-Shirts,841.95,26.21,5,4235.96,Delivered,2,,23,11
2019-05-23,1043,2019-05-28,794,Western,South,Shipped from Abroad,Electronics,Home Theatre,Sony 5.1 Home Theatre,38.09,49.04,4,201.4,Returned,2,Not as expected,31,5
2020-01-19,1044,2020-02-02,620,Oti,North,Standard Delivery,Fashion,Clothing,Men's Denim Jacket,764.36,14.05,1,778.41,Delivered,5,,28,14
2018-05-28,1045,2018-06-07,909,Western,South,Shipped from Abroad,Phones and Tablet,Mobile phones,Samsung Galaxy A02,564.66,42.97,2,1172.29,Returned,2,Defective,60,10
2016-06-12,1046,2016-07-01,246,Upper East,West,Shipped from Abroad,Phones and Tablet,Mobile phones,Infinix Smart HD X612,1325.5,28.19,4,5330.19,Delivered,2,,68,19
2020-04-23,1047,2020-05-07,315,Volta,East,Standard Delivery,Fashion,Shoes,Adidas Ultraboost,1000.61,11.89,5,5014.94,Delivered,1,,68,14
2016-06-08,1048,2016-06-24,620,Weija,South,Standard Delivery,Home and Office,Stationery,Moleskine Notebook,1207.52,25.63,3,3648.19,Delivered,3,,28,16
2017-09-07,1049,2017-09-22,405,Oti,East,Express,Electronics,Smartwatches,Samsung Galaxy Watch 3,722.45,16.39,5,3628.64,Delivered,3,,42,15
2016-11-18,1050,2016-11-23,777,Greater Accra,Central,Standard Delivery,Home and Office,Stationery,Parker Pen,1056.34,47.42,1,1103.76,Returned,2,Changed Mind,59,5
2015-11-23,1051,2015-12-12,330,Western,South,Shipped from Abroad,Phones and Tablet,Tablets,Amazon Fire HD 8 Kids Tablet,1267.94,9.31,4,5081.07,Delivered,1,,48,19
2017-10-29,1052,2017-11-12,264,Western,East,Shipped from Abroad,Fashion,Accessories,Leather Wallet,519.81,30.69,5,2629.74,Delivered,4,,43,14
2016-10-15,1053,2016-10-18,832,Greater Accra,North,Standard Delivery,Phones and Tablet,Mobile phones,iPhone 12,527.93,20.01,1,547.94,Delivered,3,,51,3
2019-06-08,1054,2019-06-15,757,Ashanti,East,Standard Delivery,Fashion,Shoes,Adidas Ultraboost,826.97,47.1,1,874.07,Delivered,4,,57,7
2017-09-17,1055,2017-09-27,651,Oti,Central,Shipped from Abroad,Fashion,Clothing,100% Cotton 4 Piece T-Shirts,1179.74,49.23,1,1228.97,Delivered,3,,35,10
2015-11-05,1056,2015-11-21,932,Western,East,Express,Electronics,Digital Cameras,Sony Alpha a6000,672.96,45.38,1,718.34,Delivered,3,,34,16
2020-12-10,1057,2020-12-26,394,Greater Accra,West,Shipped from Abroad,Fashion,Accessories,Polarized Sunglasses,1392.58,9.66,3,4187.4,Returned,2,Arrived Late,52,16
2016-02-15,1058,2016-02-26,282,Oti,South,Express,Fashion,Shoes,Adidas Ultraboost,549.08,7.1,5,2752.5,Delivered,2,,21,11
2015-11-17,1059,2015-12-07,430,Volta,West,Shipped from Abroad,Health and beauty,Makeup,MAC Lipstick,318.73,32.49,1,351.22,Delivered,4,,53,20
2018-01-22,1060,2018-01-26,762,Volta,East,Express,Health and beauty,Personal Care,Aichun Beauty Essential Oil,1297.23,25.87,2,2620.33,Delivered,2,,26,4
2016-09-12,1061,2016-09-18,210,Oti,South,Shipped from Abroad,Home and Office,Furniture,Ergonomic Office Chair,402.87,32.06,2,837.8,Delivered,2,,53,6
2016-01-20,1062,2016-01-24,592,Upper East,Central,Shipped from Abroad,Phones and Tablet,Tablets,iPad Air 4th Gen,1224.98,45.62,2,2495.58,Delivered,4,,65,4
2015-05-15,1063,2015-05-26,408,Ashanti,North,Express,Home and Office,Furniture,8 Cubes Plastic Wardrobe,386.35,36.61,2,809.31,Delivered,4,,49,11
2016-05-17,1064,2016-05-28,561,Weija,West,Standard Delivery,Health and beauty,Makeup,MAC Lipstick,1361.5,22.27,5,6829.77,Returned,2,Changed Mind,37,11
2015-09-03,1065,2015-09-15,387,Upper East,East,Express,Fashion,Shoes,Adidas Ultraboost,936.05,16.82,3,2824.97,Returned,2,Defective,28,12
2019-08-14,1066,2019-08-29,435,Western,East,Standard Delivery,Fashion,Shoes,Adidas Ultraboost,1381.43,36.99,1,1418.42,Delivered,2,,59,15
2015-06-25,1067,2015-07-08,72,Upper East,North,Shipped from Abroad,Home and Office,Stationery,Parker Pen,205.38,27.7,1,233.08,Delivered,3,,49,13
2017-07-17,1068,2017-08-05,344,Oti,South,Express,Health and beauty,Personal Care,Aichun Beauty Essential Oil,653.73,25.41,5,3294.06,Returned,2,Not as expected,21,19
2018-06-26,1069,2018-06-30,370,Western,North,Standard Delivery,Electronics,Smartwatches,Samsung Galaxy Watch 3,995.76,20.77,5,4999.57,Delivered,3,,24,4
2016-11-01,1070,2016-11-19,288,Greater Accra,West,Shipped from Abroad,Fashion,Clothing,Men's Denim Jacket,249.6,48.49,5,1296.49,Cancelled,2,Not as expected,44,18
2015-03-10,1071,2015-03-20,555,Oti,Central,Shipped from Abroad,Health and beauty,Personal Care,Avon Soft Musk Spray,1318.41,32.81,3,3988.04,Delivered,2,,47,10
2017-08-18,1072,2017-08-25,681,Greater Accra,South,Shipped from Abroad,Home and Office,Furniture,8 Cubes Plastic Wardrobe,1090.89,44.81,3,3317.48,Returned,1,Not as expected,42,7
2017-01-11,1073,2017-01-25,569,Weija,East,Standard Delivery,Fashion,Shoes,Nike Air Max,494.98,15.12,4,1995.04,Delivered,1,,31,14
2020-09-07,1074,2020-09-23,668,Upper East,West,Standard Delivery,Fashion,Shoes,Adidas Ultraboost,834.34,13.88,2,1682.56,Delivered,2,,21,16
2020-12-29,1075,2021-01-10,770,Western,Central,Standard Delivery,Phones and Tablet,Tablets,Amazon Fire HD 8 Kids Tablet,1379.03,37.23,5,6932.38,Cancelled,1,Changed Mind,35,12
2019-01-07,1076,2019-01-14,256,Upper East,West,Express,Health and beauty,Personal Care,Avon Soft Musk Spray,129.97,42.43,2,302.37,Delivered,2,,67,7
2018-08-14,1077,2018-08-25,364,Weija,East,Shipped from Abroad,Fashion,Accessories,Polarized Sunglasses,269.97,19.44,5,1369.29,Delivered,2,,54,11
2017-12-05,1078,2017-12-23,202,Western,East,Shipped from Abroad,Health and beauty,Makeup,MAC Lipstick,438.11,28.55,4,1780.99,Returned,2,Changed Mind,53,18
2015-02-03,1079,2015-02-16,741,Western,West,Shipped from Abroad,Fashion,Shoes,Nike Air Max,665.62,48.59,5,3376.69,Returned,1,Changed Mind,42,13
2016-08-09,1080,2016-08-27,358,Oti,West,Standard Delivery,Health and beauty,Personal Care,Aichun Beauty Essential Oil,346.25,7.0,2,699.5,Delivered,3,,58,18
2019-10-25,1081,2019-11-09,604,Weija,West,Standard Delivery,Health and beauty,Personal Care,Aichun Beauty Essential Oil,1238.07,13.48,2,2489.62,Delivered,4,,45,15
2019-07-22,1082,2019-07-29,751,Ashanti,North,Shipped from Abroad,Fashion,Clothing,Men's Denim Jacket,508.24,5.26,5,2546.46,Returned,2,Defective,31,7
2016-11-05,1083,2016-11-18,114,Oti,North,Shipped from Abroad,Fashion,Clothing,Men's Denim Jacket,689.34,29.03,2,1407.71,Returned,2,Arrived Late,35,13
2017-03-24,1084,2017-04-07,981,Volta,North,Standard Delivery,Health and beauty,Makeup,MAC Lipstick,25.91,16.11,4,119.75,Delivered,4,,38,14
2017-09-04,1085,2017-09-10,456,Upper East,North,Express,Electronics,Smartwatches,Apple Watch Series 6,1061.54,44.77,5,5352.47,Returned,2,Not as expected,55,6
2020-04-21,1086,2020-05-01,470,Volta,North,Shipped from Abroad,Fashion,Shoes,Nike Air Max,1097.07,8.01,4,4396.29,Delivered,5,,24,10
2015-06-03,1087,2015-06-05,107,Volta,South,Standard Delivery,Fashion,Clothing,Men's Denim Jacket,1119.32,19.36,3,3377.32,Cancelled,1,Not as expected,55,2
2020-02-17,1088,2020-02-20,55,Ashanti,East,Express,Electronics,Smartwatches,Apple Watch Series 6,225.95,7.28,3,685.13,Cancelled,2,Defective,62,3
2020-12-26,1089,2021-01-13,509,Upper East,West,Standard Delivery,Electronics,Smartwatches,Apple Watch Series 6,578.8,35.3,5,2929.3,Returned,1,Arrived Late,38,18
2020-01-05,1090,2020-01-16,81,Upper East,South,Express,Health and beauty,Personal Care,Avon Soft Musk Spray,451.1,8.06,1,459.16,Returned,1,Not as expected,40,11
2018-02-13,1091,2018-03-03,173,Upper East,Central,Shipped from Abroad,Health and beauty,Makeup,Maybelline Foundation,1445.84,41.82,1,1487.66,Returned,1,Changed Mind,47,18
2015-08-06,1092,2015-08-09,210,Western,North,Express,Fashion,Accessories,Polarized Sunglasses,1229.69,21.77,5,6170.22,Delivered,3,,53,3
2019-08-10,1093,2019-08-24,994,Oti,North,Express,Phones and Tablet,Mobile phones,Samsung Galaxy A02,507.85,20.62,5,2559.87,Delivered,1,,30,14
2017-12-01,1094,2017-12-07,922,Greater Accra,North,Standard Delivery,Home and Office,Furniture,8 Cubes Plastic Wardrobe,940.54,14.4,5,4717.1,Delivered,3,,68,6
2015-03-03,1095,2015-03-12,908,Western,North,Standard Delivery,Fashion,Accessories,Leather Wallet,772.08,26.9,3,2343.14,Returned,1,Changed Mind,49,9
2015-01-14,1096,2015-01-20,753,Volta,South,Express,Electronics,Smartwatches,Apple Watch Series 6,411.07,14.96,3,1248.17,Returned,2,Not as expected,33,6
2020-07-09,1097,2020-07-25,553,Oti,West,Shipped from Abroad,Fashion,Clothing,Men's Denim Jacket,715.94,9.22,3,2157.04,Delivered,1,,59,16
2016-10-28,1098,2016-10-31,627,Western,North,Shipped from Abroad,Electronics,Smartwatches,Apple Watch Series 6,924.84,23.71,1,948.55,Delivered,2,,54,3
2015-04-08,1099,2015-04-11,778,Western,East,Express,Phones and Tablet,Tablets,Amazon Fire HD 8 Kids Tablet,55.0,36.81,5,311.81,Delivered,5,,25,3
2018-03-30,1100,2018-04-07,880,Weija,West,Shipped from Abroad,Phones and Tablet,Tablets,Amazon Fire HD 8 Kids Tablet,1058.46,27.25,2,2144.17,Delivered,3,,70,8
2017-09-02,1101,2017-09-08,395,Weija,West,Express,Phones and Tablet,Mobile phones,Infinix Smart HD X612,185.52,22.41,5,950.01,Delivered,4,,49,6
2016-05-04,1102,2016-05-23,669,Oti,Central,Express,Phones and Tablet,Tablets,iPad Air 4th Gen,566.78,45.05,4,2312.17,Delivered,1,,34,19
2016-08-13,1103,2016-08-15,242,Western,Central,Shipped from Abroad,Fashion,Accessories,Leather Wallet,1223.18,20.79,4,4913.51,Delivered,1,,56,2
2018-08-27,1104,2018-09-06,776,Upper East,South,Express,Fashion,Clothing,100% Cotton 4 Piece T-Shirts,1245.9,33.9,5,6263.4,Delivered,3,,46,10
2020-04-09,1105,2020-04-26,537,Western,South,Standard Delivery,Electronics,Digital Cameras,Nikon D3500,511.61,8.74,2,1031.96,Returned,2,Not as expected,40,17
2020-06-01,1106,2020-06-03,304,Ashanti,Central,Standard Delivery,Health and beauty,Makeup,Maybelline Foundation,639.27,36.51,3,1954.32,Returned,1,Arrived Late,44,2
2019-09-11,1107,2019-09-17,738,Greater Accra,South,Shipped from Abroad,Fashion,Accessories,Leather Wallet,794.5,44.09,1,838.59,Returned,2,Arrived Late,63,6
2016-11-09,1108,2016-11-26,841,Weija,South,Express,Home and Office,Stationery,Parker Pen,511.54,26.43,2,1049.51,Returned,2,Defective,61,17
2016-04-29,1109,2016-05-15,396,Upper East,East,Shipped from Abroad,Health and beauty,Makeup,Maybelline Foundation,631.6,17.13,4,2543.53,Cancelled,1,Changed Mind,49,16
2018-12-02,1110,2018-12-15,474,Volta,West,Express,Health and beauty,Makeup,Maybelline Foundation,208.14,25.69,1,233.83,Delivered,4,,64,13
2018-10-29,1111,2018-11-06,5,Oti,Central,Standard Delivery,Home and Office,Stationery,Parker Pen,573.67,6.53,4,2301.21,Returned,2,Defective,42,8
2016-04-01,1112,2016-04-06,207,Upper East,West,Standard Delivery,Home and Office,Furniture,8 Cubes Plastic Wardrobe,1434.12,31.19,1,1465.31,Delivered,3,,37,5
2015-03-31,1113,2015-04-04,666,Greater Accra,North,Standard Delivery,Electronics,Digital Cameras,Canon EOS 600D 18MP CMOS DSLR,646.81,43.74,4,2630.98,Delivered,5,,19,4
2020-11-19,1114,2020-11-27,897,Weija,East,Shipped from Abroad,Home and Office,Furniture,8 Cubes Plastic Wardrobe,1274.5,21.39,3,3844.89,Returned,1,Arrived Late,39,8
2019-06-22,1115,2019-07-01,77,Oti,South,Express,Fashion,Clothing,100% Cotton 4 Piece T-Shirts,925.62,8.39,2,1859.63,Cancelled,1,Arrived Late,23,9
2015-09-08,1116,2015-09-12,855,Oti,East,Shipped from Abroad,Electronics,Digital Cameras,Nikon D3500,1156.24,24.66,4,4649.62,Delivered,4,,42,4
2016-03-09,1117,2016-03-19,356,Greater Accra,West,Shipped from Abroad,Fashion,Clothing,100% Cotton 4 Piece T-Shirts,648.38,14.73,4,2608.25,Delivered,2,,53,10
2018-08-26,1118,2018-08-28,433,Ashanti,North,Express,Fashion,Shoes,Nike Air Max,366.04,40.25,3,1138.37,Delivered,3,,63,2
2018-08-17,1119,2018-08-26,411,Volta,South,Standard Delivery,Fashion,Shoes,Adidas Ultraboost,82.98,19.93,2,185.89,Delivered,2,,31,9
2017-09-22,1120,2017-10-09,564,Volta,East,Express,Home and Office,Furniture,8 Cubes Plastic Wardrobe,1418.95,18.34,2,2856.24,Delivered,4,,18,17
2016-06-07,1121,2016-06-25,528,Ashanti,East,Standard Delivery,Fashion,Shoes,Nike Air Max,744.71,42.87,4,3021.71,Cancelled,2,Arrived Late,56,18
2019-03-29,1122,2019-04-02,976,Volta,West,Express,Home and Office,Stationery,Parker Pen,656.56,19.83,2,1332.95,Delivered,3,,66,4
2020-05-10,1123,2020-05-14,265,Weija,North,Express,Fashion,Shoes,Adidas Ultraboost,772.01,20.78,3,2336.81,Returned,1,Not as expected,54,4
2016-05-24,1124,2016-06-13,440,Volta,South,Standard Delivery,Home and Office,Furniture,8 Cubes Plastic Wardrobe,1110.09,25.95,3,3356.22,Delivered,4,,67,20
2016-10-12,1125,2016-10-26,373,Oti,West,Standard Delivery,Phones and Tablet,Tablets,iPad Air 4th Gen,242.69,19.06,2,504.44,Delivered,3,,36,14
2017-06-01,1126,2017-06-14,72,Upper East,West,Express,Electronics,Home Theatre,LG Soundbar,614.27,45.77,3,1888.58,Delivered,3,,49,13
2016-10-20,1127,2016-10-25,48,Western,Central,Shipped from Abroad,Home and Office,Furniture,Ergonomic Office Chair,259.05,33.41,4,1069.61,Cancelled,1,Changed Mind,44,5
2019-07-11,1128,2019-07-30,830,Upper East,West,Shipped from Abroad,Health and beauty,Makeup,MAC Lipstick,25.44,7.92,2,58.8,Cancelled,2,Defective,60,19
2016-02-18,1129,2016-03-01,86,Ashanti,South,Shipped from Abroad,Electronics,Digital Cameras,Nikon D3500,1179.21,13.1,5,5909.15,Cancelled,1,Changed Mind,18,12
2017-02-08,1130,2017-02-14,145,Western,South,Shipped from Abroad,Phones and Tablet,Tablets,Amazon Fire HD 8 Kids Tablet,795.25,22.35,5,3998.6,Cancelled,2,Not as expected,49,6
2015-08-22,1131,2015-09-04,846,Ashanti,East,Shipped from Abroad,Home and Office,Furniture,Ergonomic Office Chair,860.92,37.12,4,3480.8,Returned,2,Defective,69,13
2016-04-16,1132,2016-04-22,720,Oti,East,Standard Delivery,Electronics,Home Theatre,Sony 5.1 Home Theatre,908.27,19.96,1,928.23,Returned,2,Not as expected,18,6
2016-08-18,1133,2016-08-23,137,Greater Accra,North,Standard Delivery,Health and beauty,Makeup,Maybelline Foundation,863.29,46.58,3,2636.45,Delivered,2,,42,5
2015-05-06,1134,2015-05-15,783,Western,East,Standard Delivery,Electronics,Digital Cameras,Canon EOS 600D 18MP CMOS DSLR,1098.46,10.95,1,1109.41,Delivered,2,,59,9
2017-02-17,1135,2017-03-06,766,Western,South,Express,Phones and Tablet,Mobile phones,Infinix Smart HD X612,365.35,5.48,3,1101.53,Delivered,1,,23,17
2019-05-17,1136,2019-05-23,636,Volta,Central,Shipped from Abroad,Electronics,Home Theatre,Sony 5.1 Home Theatre,1488.98,42.01,4,5997.93,Delivered,3,,42,6
2019-08-10,1137,2019-08-20,211,Volta,West,Standard Delivery,Phones and Tablet,Tablets,iPad Air 4th Gen,428.07,31.71,5,2172.06,Delivered,1,,29,10
2016-05-28,1138,2016-06-01,963,Volta,South,Shipped from Abroad,Health and beauty,Makeup,Maybelline Foundation,821.83,48.17,3,2513.66,Returned,1,Defective,28,4
2019-09-25,1139,2019-10-03,529,Oti,West,Shipped from Abroad,Electronics,Home Theatre,LG Soundbar,1158.52,47.3,2,2364.34,Delivered,2,,42,8
2015-08-31,1140,2015-09-12,841,Volta,South,Standard Delivery,Phones and Tablet,Mobile phones,Samsung Galaxy A02,172.04,9.77,5,869.97,Cancelled,1,Not as expected,61,12
2018-05-21,1141,2018-06-01,940,Volta,West,Standard Delivery,Phones and Tablet,Mobile phones,Infinix Smart HD X612,259.25,12.78,4,1049.78,Returned,2,Changed Mind,58,11
2015-03-13,1142,2015-03-17,21,Volta,Central,Standard Delivery,Electronics,Smartwatches,Samsung Galaxy Watch 3,83.24,42.5,2,208.98,Delivered,5,,62,4
2015-08-24,1143,2015-09-09,400,Ashanti,Central,Standard Delivery,Health and beauty,Personal Care,Aichun Beauty Essential Oil,1143.42,37.3,3,3467.56,Delivered,2,,65,16
2019-08-06,1144,2019-08-08,206,Oti,Central,Shipped from Abroad,Electronics,Smartwatches,Samsung Galaxy Watch 3,497.46,49.77,3,1542.15,Returned,2,Defective,69,2
2018-06-02,1145,2018-06-20,477,Ashanti,South,Shipped from Abroad,Home and Office,Furniture,Ergonomic Office Chair,23.17,24.56,3,94.07,Delivered,1,,70,18
2016-05-09,1146,2016-05-12,105,Western,East,Shipped from Abroad,Phones and Tablet,Mobile phones,Samsung Galaxy A02,687.77,43.43,3,2106.74,Delivered,3,,60,3
2020-09-05,1147,2020-09-17,212,Ashanti,West,Standard Delivery,Phones and Tablet,Tablets,Amazon Fire HD 8 Kids Tablet,735.6,29.85,2,1501.05,Delivered,2,,49,12
2015-05-11,1148,2015-05-26,177,Greater Accra,Central,Shipped from Abroad,Phones and Tablet,Mobile phones,Infinix Smart HD X612,339.82,37.13,2,716.77,Returned,2,Not as expected,41,15
2015-06-27,1149,2015-07-12,849,Weija,Central,Express,Home and Office,Furniture,Ergonomic Office Chair,1069.25,13.02,2,2151.52,Delivered,5,,23,15
2018-01-24,1150,2018-02-06,848,Weija,North,Standard Delivery,Phones and Tablet,Mobile phones,Samsung Galaxy A02,810.92,30.83,3,2463.59,Delivered,3,,22,13
2020-08-22,1151,2020-09-05,757,Upper East,East,Standard Delivery,Fashion,Accessories,Leather Wallet,614.94,23.34,5,3098.04,Delivered,3,,57,14
2015-09-17,1152,2015-10-06,735,Greater Accra,East,Shipped from Abroad,Home and Office,Furniture,8 Cubes Plastic Wardrobe,124.33,26.95,3,399.94,Delivered,3,,55,19
2016-12-31,1153,2017-01-11,832,Greater Accra,North,Shipped from Abroad,Health and beauty,Personal Care,Avon Soft Musk Spray,24.57,30.85,4,129.13,Delivered,1,,51,11
2019-04-26,1154,2019-05-08,931,Weija,East,Shipped from Abroad,Electronics,Digital Cameras,Sony Alpha a6000,766.88,23.47,4,3090.99,Delivered,2,,25,12
2018-06-03,1155,2018-06-21,169,Oti,Central,Shipped from Abroad,Fashion,Accessories,Leather Wallet,1487.71,15.79,1,1503.5,Returned,1,Not as expected,63,18
2020-12-29,1156,2021-01-07,684,Oti,West,Express,Fashion,Clothing,100% Cotton 4 Piece T-Shirts,1059.17,8.04,1,1067.21,Delivered,3,,40,9
2020-12-02,1157,2020-12-17,229,Greater Accra,North,Shipped from Abroad,Home and Office,Furniture,8 Cubes Plastic Wardrobe,321.37,42.81,3,1006.92,Delivered,4,,51,15
2015-07-18,1158,2015-07-27,285,Oti,South,Shipped from Abroad,Home and Office,Stationery,Moleskine Notebook,336.06,39.82,5,1720.12,Delivered,4,,48,9
2015-06-21,1159,2015-07-01,978,Western,East,Standard Delivery,Home and Office,Furniture,8 Cubes Plastic Wardrobe,1393.79,36.0,3,4217.37,Delivered,3,,29,10
2020-02-11,1160,2020-02-23,180,Upper East,West,Shipped from Abroad,Phones and Tablet,Mobile phones,Infinix Smart HD X612,972.57,15.26,4,3905.54,Delivered,3,,67,12
2018-02-24,1161,2018-03-16,340,Weija,East,Standard Delivery,Fashion,Shoes,Adidas Ultraboost,80.99,18.87,5,423.82,Delivered,2,,44,20
2018-11-16,1162,2018-11-23,563,Volta,East,Standard Delivery,Health and beauty,Makeup,Maybelline Foundation,152.03,18.07,3,474.16,Cancelled,2,Defective,44,7
2018-07-02,1163,2018-07-11,659,Oti,West,Standard Delivery,Fashion,Accessories,Polarized Sunglasses,408.98,18.64,5,2063.54,Returned,1,Changed Mind,67,9
2016-03-20,1164,2016-04-05,687,Ashanti,South,Standard Delivery,Phones and Tablet,Mobile phones,Samsung Galaxy A02,854.97,28.8,3,2593.71,Delivered,1,,36,16
2015-10-07,1165,2015-10-27,733,Greater Accra,North,Shipped from Abroad,Health and beauty,Makeup,Maybelline Foundation,1250.53,40.99,3,3792.58,Delivered,3,,48,20
2018-12-15,1166,2018-12-24,834,Greater Accra,South,Standard Delivery,Home and Office,Furniture,Ergonomic Office Chair,1193.93,49.27,2,2437.13,Returned,2,Defective,30,9
2020-01-03,1167,2020-01-06,608,Ashanti,South,Standard Delivery,Health and beauty,Personal Care,Aichun Beauty Essential Oil,1341.68,34.35,5,6742.75,Delivered,3,,49,3
2020-09-23,1168,2020-10-09,471,Western,South,Express,Health and beauty,Makeup,MAC Lipstick,244.38,22.89,1,267.27,Delivered,3,,65,16
2018-08-15,1169,2018-08-28,694,Greater Accra,South,Express,Health and beauty,Makeup,Maybelline Foundation,204.05,17.95,3,630.1,Returned,1,Defective,24,13
2020-12-21,1170,2021-01-01,95,Upper East,Central,Express,Fashion,Shoes,Adidas Ultraboost,1109.72,30.34,4,4469.22,Delivered,3,,25,11
2018-12-08,1171,2018-12-12,252,Ashanti,West,Shipped from Abroad,Health and beauty,Personal Care,Aichun Beauty Essential Oil,634.86,18.06,1,652.92,Returned,2,Arrived Late,67,4
2015-06-26,1172,2015-07-09,246,Oti,South,Express,Electronics,Home Theatre,LG Soundbar,11.98,38.68,2,62.64,Delivered,3,,68,13
2016-11-17,1173,2016-11-20,843,Weija,East,Shipped from Abroad,Fashion,Accessories,Leather Wallet,315.55,40.42,5,1618.17,Delivered,4,,18,3
2017-04-08,1174,2017-04-27,578,Greater Accra,Central,Express,Health and beauty,Personal Care,Aichun Beauty Essential Oil,801.88,11.35,3,2416.99,Returned,2,Changed Mind,23,19
2015-10-27,1175,2015-11-15,363,Upper East,West,Standard Delivery,Home and Office,Stationery,Parker Pen,1103.73,23.68,2,2231.14,Delivered,3,,53,19
2017-12-18,1176,2018-01-04,126,Oti,North,Express,Electronics,Smartwatches,Apple Watch Series 6,45.58,20.37,5,248.27,Returned,2,Not as expected,55,17
2018-08-12,1177,2018-08-17,101,Upper East,North,Shipped from Abroad,Health and beauty,Personal Care,Aichun Beauty Essential Oil,997.32,35.45,4,4024.73,Returned,2,Not as expected,37,5
2017-09-03,1178,2017-09-08,151,Greater Accra,North,Shipped from Abroad,Health and beauty,Personal Care,Aichun Beauty Essential Oil,626.32,25.18,1,651.5,Delivered,3,,30,5
2016-11-06,1179,2016-11-17,26,Upper East,South,Standard Delivery,Home and Office,Stationery,Parker Pen,1256.07,41.17,2,2553.31,Delivered,1,,60,11
2016-12-24,1180,2017-01-09,635,Oti,Central,Standard Delivery,Phones and Tablet,Tablets,Amazon Fire HD 8 Kids Tablet,510.63,36.68,2,1057.94,Delivered,2,,63,16
2020-03-27,1181,2020-04-13,788,Greater Accra,South,Standard Delivery,Phones and Tablet,Tablets,Amazon Fire HD 8 Kids Tablet,851.6,19.04,2,1722.24,Delivered,3,,20,17
2017-09-18,1182,2017-10-08,980,Western,West,Standard Delivery,Health and beauty,Makeup,MAC Lipstick,926.09,44.95,2,1897.13,Delivered,4,,45,20
2020-06-29,1183,2020-07-01,142,Upper East,East,Standard Delivery,Electronics,Smartwatches,Apple Watch Series 6,273.18,28.33,5,1394.23,Returned,2,Changed Mind,35,2
2020-09-02,1184,2020-09-09,542,Oti,South,Shipped from Abroad,Health and beauty,Personal Care,Avon Soft Musk Spray,488.03,31.78,4,1983.9,Returned,2,Changed Mind,39,7
2017-04-08,1185,2017-04-21,817,Weija,North,Shipped from Abroad,Electronics,Home Theatre,LG Soundbar,564.61,11.91,2,1141.13,Delivered,4,,40,13
2016-12-30,1186,2017-01-06,988,Weija,North,Shipped from Abroad,Health and beauty,Personal Care,Avon Soft Musk Spray,1382.83,14.82,4,5546.14,Returned,1,Arrived Late,38,7
2018-12-13,1187,2019-01-01,679,Volta,West,Express,Phones and Tablet,Tablets,Amazon Fire HD 8 Kids Tablet,859.45,12.74,5,4309.99,Delivered,1,,48,19
2016-02-13,1188,2016-02-18,243,Oti,South,Standard Delivery,Health and beauty,Makeup,Maybelline Foundation,117.65,40.86,3,393.81,Delivered,4,,61,5
2017-03-06,1189,2017-03-19,30,Greater Accra,North,Express,Electronics,Digital Cameras,Nikon D3500,226.98,29.52,5,1164.42,Returned,2,Not as expected,48,13
2015-12-06,1190,2015-12-23,207,Greater Accra,East,Shipped from Abroad,Fashion,Clothing,Men's Denim Jacket,954.27,19.2,3,2882.01,Delivered,3,,37,17
2018-06-02,1191,2018-06-14,532,Greater Accra,Central,Standard Delivery,Health and beauty,Makeup,Maybelline Foundation,229.59,34.9,1,264.49,Delivered,3,,60,12
2019-11-19,1192,2019-11-21,206,Greater Accra,Central,Standard Delivery,Electronics,Smartwatches,Samsung Galaxy Watch 3,622.36,23.04,2,1267.76,Cancelled,2,Defective,69,2
2019-12-05,1193,2019-12-13,671,Oti,North,Standard Delivery,Phones and Tablet,Tablets,Amazon Fire HD 8 Kids Tablet,504.0,39.18,3,1551.18,Delivered,4,,23,8
2015-01-12,1194,2015-01-18,265,Ashanti,North,Express,Electronics,Home Theatre,Sony 5.1 Home Theatre,34.87,33.65,3,138.26,Delivered,2,,54,6
2017-03-30,1195,2017-04-13,536,Western,East,Standard Delivery,Health and beauty,Makeup,MAC Lipstick,792.35,32.77,5,3994.52,Delivered,4,,19,14
2018-08-12,1196,2018-08-18,556,Weija,East,Shipped from Abroad,Fashion,Shoes,Nike Air Max,1471.24,43.84,2,2986.32,Delivered,1,,41,6
2016-03-16,1197,2016-03-19,780,Western,Central,Shipped from Abroad,Home and Office,Furniture,8 Cubes Plastic Wardrobe,358.22,13.55,1,371.77,Delivered,1,,24,3
2017-09-26,1198,2017-10-14,620,Ashanti,East,Express,Phones and Tablet,Mobile phones,iPhone 12,503.22,14.3,2,1020.74,Returned,2,Defective,28,18
2020-01-13,1199,2020-02-01,118,Ashanti,South,Standard Delivery,Health and beauty,Makeup,MAC Lipstick,1050.28,27.59,2,2128.15,Delivered,4,,62,19
2016-10-26,1200,2016-11-13,444,Weija,Central,Express,Home and Office,Stationery,Moleskine Notebook,461.35,20.77,5,2327.52,Delivered,5,,65,18
2017-04-30,1201,2017-05-07,186,Western,North,Express,Fashion,Accessories,Leather Wallet,990.95,41.73,4,4005.53,Returned,2,Not as expected,29,7
2020-04-15,1202,2020-04-29,329,Volta,East,Standard Delivery,Electronics,Digital Cameras,Canon EOS 600D 18MP CMOS DSLR,820.11,46.46,4,3326.9,Returned,2,Not as expected,33,14
2020-08-05,1203,2020-08-10,526,Weija,South,Express,Phones and Tablet,Mobile phones,Infinix Smart HD X612,646.57,21.1,2,1314.24,Returned,2,Defective,67,5
2019-04-13,1204,2019-04-16,408,Upper East,West,Standard Delivery,Health and beauty,Personal Care,Avon Soft Musk Spray,838.96,37.42,1,876.38,Delivered,3,,49,3
2020-08-04,1205,2020-08-23,756,Greater Accra,Central,Express,Home and Office,Furniture,8 Cubes Plastic Wardrobe,878.04,32.68,5,4422.88,Delivered,4,,45,19
2017-03-21,1206,2017-04-03,838,Weija,North,Express,Electronics,Home Theatre,Sony 5.1 Home Theatre,495.83,42.86,3,1530.35,Delivered,3,,29,13
2017-01-13,1207,2017-01-22,442,Weija,West,Standard Delivery,Electronics,Digital Cameras,Nikon D3500,246.1,31.03,5,1261.53,Delivered,3,,51,9
2016-07-03,1208,2016-07-15,563,Oti,West,Shipped from Abroad,Health and beauty,Personal Care,Aichun Beauty Essential Oil,1324.23,35.52,5,6656.67,Delivered,3,,44,12
2016-05-24,1209,2016-05-27,175,Oti,South,Shipped from Abroad,Health and beauty,Makeup,Maybelline Foundation,417.0,41.14,2,875.14,Delivered,3,,28,3
2018-04-15,1210,2018-04-24,406,Oti,South,Shipped from Abroad,Home and Office,Furniture,8 Cubes Plastic Wardrobe,298.48,45.33,3,940.77,Returned,2,Arrived Late,69,9
2020-05-15,1211,2020-05-18,830,Greater Accra,Central,Express,Phones and Tablet,Mobile phones,Samsung Galaxy A02,648.39,46.23,4,2639.79,Delivered,1,,60,3
2019-01-26,1212,2019-01-28,718,Western,South,Standard Delivery,Electronics,Smartwatches,Samsung Galaxy Watch 3,1236.12,6.34,1,1242.46,Delivered,1,,20,2
2020-01-16,1213,2020-01-21,822,Western,South,Express,Health and beauty,Makeup,Maybelline Foundation,1419.58,6.31,2,2845.47,Delivered,2,,70,5
2016-08-12,1214,2016-08-17,92,Western,East,Standard Delivery,Phones and Tablet,Tablets,Amazon Fire HD 8 Kids Tablet,990.88,40.87,5,4995.27,Delivered,3,,53,5
2015-04-27,1215,2015-05-17,84,Ashanti,East,Shipped from Abroad,Fashion,Clothing,Men's Denim Jacket,1199.51,41.93,3,3640.46,Delivered,4,,64,20
2017-08-26,1216,2017-09-03,343,Upper East,West,Express,Health and beauty,Makeup,Maybelline Foundation,612.63,44.09,4,2494.61,Delivered,4,,38,8
2020-08-23,1217,2020-08-31,305,Western,South,Standard Delivery,Fashion,Clothing,Men's Denim Jacket,728.2,49.14,1,777.34,Delivered,3,,46,8
2018-11-11,1218,2018-11-24,642,Upper East,East,Express,Fashion,Shoes,Nike Air Max,936.56,10.6,4,3756.84,Delivered,2,,23,13
2019-04-16,1219,2019-05-02,68,Weija,North,Standard Delivery,Health and beauty,Makeup,Maybelline Foundation,68.98,33.33,1,102.31,Delivered,1,,23,16
2017-06-07,1220,2017-06-12,824,Upper East,North,Shipped from Abroad,Health and beauty,Makeup,Maybelline Foundation,418.43,5.96,1,424.39,Delivered,1,,41,5
2020-11-20,1221,2020-12-03,93,Western,West,Express,Electronics,Smartwatches,Samsung Galaxy Watch 3,482.11,14.26,3,1460.59,Returned,1,Changed Mind,41,13
2020-01-18,1222,2020-01-23,82,Upper East,Central,Express,Fashion,Shoes,Nike Air Max,340.69,35.81,1,376.5,Returned,1,Defective,42,5
2015-07-02,1223,2015-07-20,811,Upper East,East,Express,Fashion,Accessories,Polarized Sunglasses,228.43,5.43,5,1147.58,Returned,2,Changed Mind,35,18
2016-09-04,1224,2016-09-22,892,Ashanti,West,Express,Phones and Tablet,Mobile phones,Infinix Smart HD X612,902.01,16.46,2,1820.48,Returned,2,Changed Mind,47,18
2020-08-07,1225,2020-08-16,586,Volta,East,Shipped from Abroad,Phones and Tablet,Tablets,iPad Air 4th Gen,1060.55,46.53,1,1107.08,Delivered,3,,45,9
2017-07-16,1226,2017-07-18,261,Weija,North,Shipped from Abroad,Fashion,Shoes,Adidas Ultraboost,828.26,36.25,3,2521.03,Delivered,4,,51,2
2016-04-22,1227,2016-04-25,630,Ashanti,East,Standard Delivery,Fashion,Accessories,Leather Wallet,244.1,31.91,4,1008.31,Delivered,2,,39,3
2018-01-16,1228,2018-01-29,457,Oti,South,Standard Delivery,Fashion,Shoes,Adidas Ultraboost,240.22,47.95,4,1008.83,Delivered,1,,48,13
2019-07-20,1229,2019-08-04,890,Upper East,Central,Express,Fashion,Clothing,Men's Denim Jacket,327.27,14.62,3,996.43,Delivered,3,,40,15
2016-11-18,1230,2016-11-28,550,Volta,South,Standard Delivery,Fashion,Shoes,Nike Air Max,210.08,27.64,2,447.8,Delivered,2,,58,10
2020-12-04,1231,2020-12-16,863,Weija,South,Standard Delivery,Home and Office,Furniture,Ergonomic Office Chair,1100.71,15.49,1,1116.2,Returned,2,Not as expected,57,12
2020-11-11,1232,2020-11-17,947,Volta,North,Express,Phones and Tablet,Tablets,iPad Air 4th Gen,1371.6,15.38,3,4130.18,Returned,1,Defective,40,6
2019-04-23,1233,2019-05-06,968,Greater Accra,North,Express,Electronics,Digital Cameras,Nikon D3500,404.31,34.77,1,439.08,Returned,1,Changed Mind,42,13
2015-02-08,1234,2015-02-14,411,Greater Accra,Central,Standard Delivery,Fashion,Accessories,Leather Wallet,691.12,6.87,5,3462.47,Delivered,1,,31,6
2016-09-13,1235,2016-09-27,890,Volta,East,Express,Electronics,Digital Cameras,Sony Alpha a6000,129.66,18.8,4,537.44,Returned,2,Not as expected,40,14
2018-10-03,1236,2018-10-14,957,Western,East,Express,Phones and Tablet,Tablets,Amazon Fire HD 8 Kids Tablet,854.97,20.19,1,875.16,Delivered,4,,22,11
2019-07-03,1237,2019-07-13,83,Western,Central,Standard Delivery,Health and beauty,Makeup,Maybelline Foundation,409.31,32.2,1,441.51,Delivered,4,,27,10
2019-01-06,1238,2019-01-08,3,Western,South,Express,Electronics,Smartwatches,Apple Watch Series 6,964.09,28.9,1,992.99,Delivered,5,,24,2
2018-05-24,1239,2018-05-30,199,Western,North,Standard Delivery,Phones and Tablet,Tablets,iPad Air 4th Gen,1156.13,36.46,3,3504.85,Returned,1,Defective,24,6
2018-12-11,1240,2018-12-31,880,Ashanti,North,Shipped from Abroad,Phones and Tablet,Tablets,Amazon Fire HD 8 Kids Tablet,387.38,23.24,3,1185.38,Delivered,3,,70,20
2017-06-18,1241,2017-07-07,94,Oti,North,Shipped from Abroad,Electronics,Digital Cameras,Sony Alpha a6000,1243.65,5.95,1,1249.6,Delivered,3,,50,19
2020-07-19,1242,2020-07-27,39,Greater Accra,West,Express,Fashion,Accessories,Polarized Sunglasses,102.19,19.9,1,122.09,Delivered,2,,62,8
2015-03-11,1243,2015-03-21,84,Greater Accra,Central,Standard Delivery,Fashion,Clothing,100% Cotton 4 Piece T-Shirts,412.94,23.78,2,849.66,Delivered,4,,64,10
2015-08-25,1244,2015-09-12,467,Volta,North,Standard Delivery,Health and beauty,Personal Care,Avon Soft Musk Spray,548.52,48.36,2,1145.4,Returned,1,Changed Mind,70,18
2019-01-18,1245,2019-01-27,392,Oti,West,Standard Delivery,Home and Office,Furniture,Ergonomic Office Chair,1430.74,19.06,1,1449.8,Delivered,1,,23,9
2019-05-18,1246,2019-05-23,385,Weija,North,Express,Health and beauty,Makeup,MAC Lipstick,352.41,6.38,4,1416.02,Returned,2,Changed Mind,42,5
2020-01-08,1247,2020-01-23,229,Weija,West,Express,Electronics,Smartwatches,Samsung Galaxy Watch 3,1272.74,14.64,3,3832.86,Delivered,1,,51,15
2019-05-06,1248,2019-05-20,929,Ashanti,North,Express,Health and beauty,Personal Care,Aichun Beauty Essential Oil,292.29,9.96,2,594.54,Delivered,3,,23,14
2016-10-28,1249,2016-11-04,400,Upper East,East,Standard Delivery,Electronics,Smartwatches,Samsung Galaxy Watch 3,751.81,16.63,5,3775.68,Returned,1,Changed Mind,65,7
2015-06-01,1250,2015-06-18,835,Greater Accra,North,Shipped from Abroad,Home and Office,Stationery,Moleskine Notebook,1384.84,6.72,5,6930.92,Returned,2,Defective,19,17
2017-09-30,1251,2017-10-12,843,Oti,West,Standard Delivery,Home and Office,Furniture,Ergonomic Office Chair,80.87,20.77,4,344.25,Cancelled,1,Not as expected,18,12
2020-03-04,1252,2020-03-18,622,Volta,North,Standard Delivery,Home and Office,Furniture,Ergonomic Office Chair,457.1,31.95,4,1860.35,Returned,2,Not as expected,62,14
2017-06-30,1253,2017-07-07,941,Greater Accra,Central,Express,Electronics,Digital Cameras,Canon EOS 600D 18MP CMOS DSLR,606.68,46.62,3,1866.66,Delivered,3,,65,7
2020-11-25,1254,2020-12-06,380,Ashanti,West,Express,Phones and Tablet,Tablets,Amazon Fire HD 8 Kids Tablet,54.55,34.48,4,252.68,Delivered,4,,38,11
2019-09-19,1255,2019-10-09,787,Greater Accra,South,Shipped from Abroad,Phones and Tablet,Tablets,Amazon Fire HD 8 Kids Tablet,1290.09,11.72,1,1301.81,Delivered,2,,56,20
2017-05-13,1256,2017-05-23,907,Greater Accra,East,Express,Fashion,Clothing,100% Cotton 4 Piece T-Shirts,278.05,11.99,4,1124.19,Delivered,2,,30,10
2015-05-31,1257,2015-06-17,195,Ashanti,East,Express,Home and Office,Stationery,Moleskine Notebook,19.5,43.55,1,63.05,Returned,1,Defective,38,17
2020-09-02,1258,2020-09-14,979,Weija,North,Standard Delivery,Health and beauty,Personal Care,Avon Soft Musk Spray,171.29,42.12,1,213.41,Returned,2,Arrived Late,64,12
2020-10-27,1259,2020-10-29,264,Volta,North,Standard Delivery,Fashion,Shoes,Adidas Ultraboost,1089.87,43.74,3,3313.35,Delivered,4,,43,2
2017-08-04,1260,2017-08-08,972,Ashanti,South,Shipped from Abroad,Fashion,Clothing,Men's Denim Jacket,1370.82,36.74,2,2778.38,Delivered,3,,52,4
2018-01-09,1261,2018-01-16,643,Volta,Central,Shipped from Abroad,Home and Office,Stationery,Moleskine Notebook,1238.09,37.81,2,2513.99,Returned,1,Not as expected,32,7
2020-04-23,1262,2020-04-29,329,Upper East,Central,Express,Home and Office,Stationery,Moleskine Notebook,651.59,44.03,4,2650.39,Delivered,2,,33,6
2020-01-28,1263,2020-01-30,923,Western,West,Express,Electronics,Home Theatre,Sony 5.1 Home Theatre,630.01,14.88,5,3164.93,Delivered,1,,63,2
2017-12-17,1264,2017-12-29,945,Greater Accra,West,Standard Delivery,Health and beauty,Personal Care,Avon Soft Musk Spray,27.38,17.47,2,72.23,Returned,1,Changed Mind,46,12
2015-04-06,1265,2015-04-08,846,Upper East,Central,Standard Delivery,Electronics,Digital Cameras,Sony Alpha a6000,153.9,11.8,3,473.5,Delivered,4,,69,2
2015-05-09,1266,2015-05-26,23,Upper East,North,Shipped from Abroad,Fashion,Accessories,Polarized Sunglasses,1099.5,40.67,4,4438.67,Delivered,3,,23,17
2015-11-22,1267,2015-12-11,466,Upper East,South,Shipped from Abroad,Fashion,Shoes,Adidas Ultraboost,665.42,26.7,3,2022.96,Delivered,1,,25,19
2017-11-15,1268,2017-11-25,210,Volta,South,Standard Delivery,Home and Office,Stationery,Parker Pen,1130.39,25.18,1,1155.57,Returned,2,Arrived Late,53,10
2016-08-10,1269,2016-08-17,471,Volta,Central,Express,Phones and Tablet,Tablets,Amazon Fire HD 8 Kids Tablet,180.81,12.35,2,373.97,Delivered,2,,65,7
2015-08-04,1270,2015-08-19,978,Ashanti,West,Express,Electronics,Home Theatre,LG Soundbar,1204.86,10.42,3,3625.0,Cancelled,2,Changed Mind,29,15
2020-07-20,1271,2020-07-23,462,Western,North,Express,Health and beauty,Personal Care,Avon Soft Musk Spray,690.45,30.67,1,721.12,Returned,1,Arrived Late,58,3
2020-11-24,1272,2020-11-27,909,Weija,Central,Standard Delivery,Health and beauty,Makeup,Maybelline Foundation,1309.97,13.54,1,1323.51,Delivered,2,,60,3
2020-10-13,1273,2020-10-23,318,Oti,South,Express,Electronics,Smartwatches,Samsung Galaxy Watch 3,244.8,34.04,3,768.44,Delivered,1,,25,10
2020-02-06,1274,2020-02-16,879,Ashanti,North,Express,Home and Office,Stationery,Moleskine Notebook,949.89,28.09,2,1927.87,Delivered,3,,41,10
2020-07-02,1275,2020-07-15,819,Volta,Central,Express,Phones and Tablet,Mobile phones,iPhone 12,1465.43,49.18,3,4445.47,Delivered,5,,63,13
2015-11-02,1276,2015-11-18,719,Volta,Central,Express,Home and Office,Stationery,Parker Pen,1424.46,33.94,2,2882.86,Delivered,3,,46,16
2018-04-15,1277,2018-04-21,16,Oti,South,Shipped from Abroad,Electronics,Home Theatre,Sony 5.1 Home Theatre,1358.41,37.36,4,5471.0,Delivered,5,,70,6
2016-08-21,1278,2016-09-08,24,Greater Accra,North,Shipped from Abroad,Fashion,Shoes,Nike Air Max,1202.42,7.2,1,1209.62,Returned,2,Changed Mind,51,18
2016-06-19,1279,2016-06-29,713,Volta,East,Shipped from Abroad,Electronics,Home Theatre,LG Soundbar,1318.63,46.63,1,1365.26,Returned,1,Defective,66,10
2019-10-25,1280,2019-11-03,617,Upper East,Central,Express,Health and beauty,Personal Care,Aichun Beauty Essential Oil,931.55,22.92,2,1886.02,Delivered,5,,53,9
2019-08-22,1281,2019-09-02,889,Weija,South,Standard Delivery,Health and beauty,Makeup,Maybelline Foundation,685.5,23.95,2,1394.95,Delivered,1,,35,11
2015-05-25,1282,2015-06-05,758,Greater Accra,North,Standard Delivery,Health and beauty,Makeup,Maybelline Foundation,738.12,13.9,4,2966.38,Delivered,3,,59,11
2015-10-28,1283,2015-11-14,408,Upper East,North,Express,Phones and Tablet,Mobile phones,Infinix Smart HD X612,850.68,41.47,2,1742.83,Delivered,1,,49,17
2019-03-17,1284,2019-03-29,179,Weija,East,Standard Delivery,Fashion,Clothing,Men's Denim Jacket,69.52,15.95,2,154.99,Returned,2,Arrived Late,58,12
2018-01-08,1285,2018-01-28,194,Volta,Central,Standard Delivery,Health and beauty,Personal Care,Avon Soft Musk Spray,792.56,40.79,1,833.35,Delivered,3,,21,20
2016-10-20,1286,2016-11-06,294,Upper East,South,Express,Electronics,Digital Cameras,Nikon D3500,1450.4,40.93,1,1491.33,Cancelled,1,Not as expected,46,17
2018-03-19,1287,2018-04-04,61,Western,East,Standard Delivery,Phones and Tablet,Tablets,Amazon Fire HD 8 Kids Tablet,91.98,41.27,2,225.23,Returned,1,Changed Mind,36,16
2016-06-16,1288,2016-06-24,571,Weija,East,Express,Phones and Tablet,Mobile phones,Infinix Smart HD X612,403.5,49.73,4,1663.73,Delivered,3,,22,8
2018-08-22,1289,2018-09-03,630,Greater Accra,North,Shipped from Abroad,Home and Office,Furniture,Ergonomic Office Chair,466.55,35.68,4,1901.88,Delivered,3,,39,12
2019-08-05,1290,2019-08-15,988,Upper East,West,Shipped from Abroad,Electronics,Smartwatches,Apple Watch Series 6,624.83,26.12,2,1275.78,Delivered,3,,38,10
2016-10-07,1291,2016-10-14,382,Upper East,West,Express,Phones and Tablet,Tablets,Amazon Fire HD 8 Kids Tablet,588.98,34.42,5,2979.32,Returned,2,Defective,37,7
2015-07-31,1292,2015-08-07,74,Weija,Central,Shipped from Abroad,Fashion,Clothing,100% Cotton 4 Piece T-Shirts,16.25,46.41,4,111.41,Returned,1,Defective,67,7
2017-04-22,1293,2017-05-10,60,Upper East,Central,Express,Home and Office,Furniture,8 Cubes Plastic Wardrobe,1349.73,16.76,4,5415.68,Delivered,4,,68,18
2020-04-06,1294,2020-04-10,159,Volta,Central,Standard Delivery,Fashion,Accessories,Polarized Sunglasses,289.57,18.15,4,1176.43,Delivered,4,,49,4
2015-07-08,1295,2015-07-15,293,Volta,West,Express,Home and Office,Stationery,Moleskine Notebook,875.58,13.1,4,3515.42,Delivered,5,,49,7
2017-04-24,1296,2017-05-11,570,Oti,Central,Standard Delivery,Fashion,Accessories,Leather Wallet,613.78,9.2,1,622.98,Delivered,5,,34,17
2017-08-30,1297,2017-09-06,305,Volta,North,Shipped from Abroad,Fashion,Accessories,Polarized Sunglasses,501.86,8.98,4,2016.42,Delivered,4,,46,7
2019-12-21,1298,2019-12-31,98,Ashanti,Central,Standard Delivery,Fashion,Accessories,Polarized Sunglasses,792.53,32.08,2,1617.14,Delivered,4,,36,10
2020-09-10,1299,2020-09-25,792,Weija,North,Express,Electronics,Digital Cameras,Canon EOS 600D 18MP CMOS DSLR,904.22,46.65,4,3663.53,Delivered,1,,45,15
2015-12-25,1300,2015-12-30,247,Upper East,East,Shipped from Abroad,Home and Office,Stationery,Parker Pen,1461.59,48.14,4,5894.5,Delivered,2,,70,5
2017-04-19,1301,2017-04-22,667,Greater Accra,West,Express,Electronics,Smartwatches,Apple Watch Series 6,915.17,31.93,5,4607.78,Returned,2,Changed Mind,33,3
2015-01-09,1302,2015-01-15,934,Oti,South,Express,Health and beauty,Personal Care,Aichun Beauty Essential Oil,483.42,44.51,2,1011.35,Delivered,3,,44,6
2016-12-29,1303,2017-01-17,734,Volta,Central,Standard Delivery,Electronics,Smartwatches,Apple Watch Series 6,1261.14,45.65,5,6351.35,Delivered,1,,41,19
2020-01-12,1304,2020-01-23,100,Greater Accra,West,Express,Fashion,Clothing,Men's Denim Jacket,185.81,45.73,1,231.54,Delivered,2,,67,11
2020-10-04,1305,2020-10-19,773,Upper East,East,Express,Home and Office,Stationery,Moleskine Notebook,1216.42,25.81,2,2458.65,Delivered,3,,58,15
2015-04-20,1306,2015-05-02,905,Greater Accra,North,Express,Electronics,Home Theatre,Sony 5.1 Home Theatre,607.66,5.17,2,1220.49,Returned,2,Changed Mind,24,12
2015-05-13,1307,2015-05-27,836,Greater Accra,Central,Standard Delivery,Phones and Tablet,Mobile phones,iPhone 12,850.13,27.74,4,3428.26,Delivered,2,,26,14
2016-08-18,1308,2016-08-30,793,Oti,North,Shipped from Abroad,Fashion,Shoes,Nike Air Max,1142.15,32.24,5,5742.99,Delivered,4,,24,12
2020-08-19,1309,2020-08-24,92,Upper East,East,Standard Delivery,Phones and Tablet,Mobile phones,Infinix Smart HD X612,1142.27,27.12,3,3453.93,Delivered,1,,53,5
2020-06-01,1310,2020-06-17,787,Western,North,Shipped from Abroad,Health and beauty,Personal Care,Aichun Beauty Essential Oil,178.7,10.09,2,367.49,Delivered,3,,56,16
2019-09-14,1311,2019-09-25,98,Weija,West,Express,Home and Office,Furniture,8 Cubes Plastic Wardrobe,1071.14,10.73,3,3224.15,Delivered,4,,36,11
2019-02-28,1312,2019-03-05,42,Western,North,Express,Fashion,Clothing,100% Cotton 4 Piece T-Shirts,900.83,12.62,5,4516.77,Returned,2,Changed Mind,55,5
2015-03-26,1313,2015-03-31,786,Upper East,North,Express,Home and Office,Stationery,Parker Pen,778.6,36.26,3,2372.06,Delivered,1,,26,5
2019-03-26,1314,2019-03-31,765,Upper East,East,Shipped from Abroad,Health and beauty,Personal Care,Avon Soft Musk Spray,235.93,32.14,1,268.07,Delivered,4,,45,5
2019-04-02,1315,2019-04-17,776,Western,South,Standard Delivery,Phones and Tablet,Mobile phones,Samsung Galaxy A02,1008.99,47.87,5,5092.82,Returned,2,Defective,46,15
2020-03-30,1316,2020-04-13,372,Upper East,South,Express,Home and Office,Stationery,Moleskine Notebook,578.86,10.13,2,1167.85,Delivered,5,,25,14
2016-03-27,1317,2016-03-30,442,Weija,South,Express,Electronics,Home Theatre,LG Soundbar,676.28,44.2,5,3425.6,Delivered,3,,51,3
2020-10-28,1318,2020-11-09,44,Ashanti,East,Standard Delivery,Home and Office,Stationery,Moleskine Notebook,792.8,43.8,2,1629.4,Delivered,4,,56,12
2019-10-29,1319,2019-11-07,845,Volta,West,Shipped from Abroad,Electronics,Home Theatre,LG Soundbar,927.99,28.25,2,1884.23,Delivered,1,,23,9
2015-07-26,1320,2015-08-13,546,Weija,East,Shipped from Abroad,Health and beauty,Personal Care,Aichun Beauty Essential Oil,488.0,38.05,1,526.05,Delivered,3,,62,18
2015-10-19,1321,2015-10-25,784,Ashanti,West,Standard Delivery,Home and Office,Stationery,Parker Pen,1033.58,24.58,1,1058.16,Returned,2,Defective,57,6
2016-03-24,1322,2016-03-31,744,Greater Accra,South,Express,Fashion,Clothing,Men's Denim Jacket,1237.18,16.13,4,4964.85,Delivered,4,,49,7
2015-06-04,1323,2015-06-18,883,Volta,Central,Express,Phones and Tablet,Mobile phones,Samsung Galaxy A02,578.51,9.85,4,2323.89,Delivered,4,,33,14
2018-06-20,1324,2018-06-30,19,Volta,South,Standard Delivery,Home and Office,Furniture,Ergonomic Office Chair,945.12,35.54,5,4761.14,Cancelled,2,Arrived Late,44,10
2019-06-16,1325,2019-06-24,752,Western,Central,Shipped from Abroad,Fashion,Clothing,Men's Denim Jacket,742.07,30.12,3,2256.33,Delivered,5,,50,8
2016-07-11,1326,2016-07-14,912,Ashanti,South,Standard Delivery,Health and beauty,Personal Care,Aichun Beauty Essential Oil,1398.19,39.88,5,7030.83,Delivered,3,,37,3
2020-07-03,1327,2020-07-23,572,Oti,South,Express,Home and Office,Furniture,Ergonomic Office Chair,281.59,13.14,3,857.91,Delivered,1,,34,20
2019-12-31,1328,2020-01-18,124,Western,North,Shipped from Abroad,Home and Office,Furniture,Ergonomic Office Chair,1441.2,32.1,3,4355.7,Cancelled,2,Arrived Late,68,18
2019-03-15,1329,2019-03-17,672,Oti,North,Standard Delivery,Phones and Tablet,Tablets,iPad Air 4th Gen,18.1,18.57,1,36.67,Delivered,2,,63,2
2020-08-05,1330,2020-08-07,971,Volta,North,Express,Home and Office,Stationery,Parker Pen,1455.0,49.8,4,5869.8,Returned,1,Changed Mind,34,2
2017-10-04,1331,2017-10-24,391,Western,West,Shipped from Abroad,Phones and Tablet,Tablets,Amazon Fire HD 8 Kids Tablet,533.54,49.46,4,2183.62,Delivered,5,,27,20
2017-09-23,1332,2017-09-30,728,Western,East,Standard Delivery,Phones and Tablet,Mobile phones,iPhone 12,600.75,33.28,4,2436.28,Delivered,3,,29,7
2017-10-07,1333,2017-10-18,461,Oti,Central,Express,Electronics,Home Theatre,Sony 5.1 Home Theatre,1478.48,7.33,1,1485.81,Returned,2,Arrived Late,56,11
2017-06-19,1334,2017-07-09,51,Upper East,West,Standard Delivery,Health and beauty,Personal Care,Aichun Beauty Essential Oil,459.7,30.5,1,490.2,Delivered,2,,45,20
2020-01-03,1335,2020-01-16,186,Volta,South,Shipped from Abroad,Phones and Tablet,Tablets,iPad Air 4th Gen,787.78,42.7,1,830.48,Delivered,2,,29,13
2016-03-02,1336,2016-03-12,295,Ashanti,West,Express,Phones and Tablet,Tablets,Amazon Fire HD 8 Kids Tablet,529.84,45.61,3,1635.13,Delivered,1,,21,10
2020-01-09,1337,2020-01-13,911,Weija,Central,Shipped from Abroad,Health and beauty,Personal Care,Avon Soft Musk Spray,480.41,5.32,3,1446.55,Delivered,3,,61,4
2019-12-04,1338,2019-12-15,780,Greater Accra,North,Standard Delivery,Fashion,Accessories,Leather Wallet,1012.59,29.08,1,1041.67,Delivered,3,,24,11
2017-06-23,1339,2017-06-25,861,Greater Accra,Central,Express,Health and beauty,Makeup,Maybelline Foundation,40.19,30.63,3,151.2,Delivered,3,,50,2
2016-08-31,1340,2016-09-08,669,Western,North,Shipped from Abroad,Fashion,Shoes,Adidas Ultraboost,387.68,28.97,1,416.65,Delivered,3,,34,8
2018-06-19,1341,2018-06-30,14,Weija,Central,Shipped from Abroad,Phones and Tablet,Tablets,Amazon Fire HD 8 Kids Tablet,977.38,14.74,5,4901.64,Returned,2,Not as expected,22,11
2018-07-18,1342,2018-07-26,631,Upper East,South,Express,Phones and Tablet,Tablets,iPad Air 4th Gen,1114.81,12.48,3,3356.91,Delivered,5,,23,8
2016-04-08,1343,2016-04-10,307,Oti,South,Standard Delivery,Home and Office,Stationery,Moleskine Notebook,1343.69,43.96,4,5418.72,Delivered,1,,50,2
2018-10-13,1344,2018-10-23,570,Greater Accra,East,Shipped from Abroad,Phones and Tablet,Mobile phones,Infinix Smart HD X612,1014.19,10.7,4,4067.46,Delivered,2,,34,10
2020-07-11,1345,2020-07-26,959,Western,West,Shipped from Abroad,Fashion,Shoes,Nike Air Max,287.84,13.24,3,876.76,Delivered,1,,37,15
2017-04-18,1346,2017-04-27,571,Oti,Central,Express,Electronics,Smartwatches,Samsung Galaxy Watch 3,652.32,36.86,2,1341.5,Returned,1,Changed Mind,22,9
2018-02-03,1347,2018-02-18,434,Western,East,Standard Delivery,Fashion,Accessories,Leather Wallet,1266.28,46.47,5,6377.87,Delivered,1,,65,15
2018-09-11,1348,2018-09-16,317,Ashanti,South,Express,Home and Office,Furniture,Ergonomic Office Chair,455.81,15.17,1,470.98,Delivered,3,,26,5
2019-06-10,1349,2019-06-12,18,Volta,East,Express,Fashion,Clothing,Men's Denim Jacket,527.84,5.24,4,2116.6,Delivered,4,,43,2
2019-03-19,1350,2019-04-05,327,Ashanti,Central,Shipped from Abroad,Phones and Tablet,Tablets,Amazon Fire HD 8 Kids Tablet,499.67,28.14,2,1027.48,Delivered,3,,33,17
2015-09-05,1351,2015-09-07,723,Western,South,Express,Fashion,Clothing,Men's Denim Jacket,829.68,31.28,2,1690.64,Returned,1,Changed Mind,28,2
2017-06-22,1352,2017-07-10,372,Greater Accra,South,Shipped from Abroad,Fashion,Shoes,Adidas Ultraboost,85.15,13.43,5,439.18,Delivered,3,,25,18
2016-08-17,1353,2016-09-06,424,Upper East,East,Shipped from Abroad,Phones and Tablet,Mobile phones,Infinix Smart HD X612,622.58,31.54,4,2521.86,Returned,2,Changed Mind,31,20
2017-01-29,1354,2017-02-15,177,Upper East,South,Standard Delivery,Fashion,Clothing,Men's Denim Jacket,462.69,23.78,1,486.47,Cancelled,2,Arrived Late,41,17
2015-03-11,1355,2015-03-16,7,Western,Central,Standard Delivery,Health and beauty,Personal Care,Avon Soft Musk Spray,1095.23,30.88,5,5507.03,Delivered,3,,54,5
2015-03-18,1356,2015-03-23,323,Volta,Central,Shipped from Abroad,Fashion,Accessories,Polarized Sunglasses,1226.21,43.62,3,3722.25,Delivered,2,,63,5
2015-11-21,1357,2015-12-08,811,Greater Accra,East,Standard Delivery,Electronics,Home Theatre,Sony 5.1 Home Theatre,1362.18,23.71,4,5472.43,Returned,1,Defective,35,17
2017-04-11,1358,2017-04-25,674,Western,West,Shipped from Abroad,Phones and Tablet,Tablets,Amazon Fire HD 8 Kids Tablet,660.76,5.91,3,1988.19,Delivered,3,,58,14
2015-01-02,1359,2015-01-12,190,Ashanti,Central,Express,Health and beauty,Personal Care,Aichun Beauty Essential Oil,1011.48,27.31,5,5084.71,Returned,2,Not as expected,20,10
2017-12-28,1360,2018-01-05,230,Weija,North,Express,Home and Office,Furniture,8 Cubes Plastic Wardrobe,657.58,33.39,1,690.97,Delivered,3,,59,8
2016-01-28,1361,2016-02-11,882,Volta,West,Express,Electronics,Home Theatre,Sony 5.1 Home Theatre,1471.43,24.56,1,1495.99,Delivered,2,,66,14
2019-03-12,1362,2019-03-15,416,Greater Accra,East,Standard Delivery,Health and beauty,Personal Care,Aichun Beauty Essential Oil,1449.3,37.24,5,7283.74,Cancelled,1,Arrived Late,26,3
2016-12-03,1363,2016-12-23,681,Western,South,Express,Phones and Tablet,Tablets,Amazon Fire HD 8 Kids Tablet,1032.24,44.46,3,3141.18,Delivered,4,,42,20
2019-06-03,1364,2019-06-12,843,Oti,West,Standard Delivery,Phones and Tablet,Tablets,iPad Air 4th Gen,1133.69,9.73,5,5678.18,Delivered,1,,18,9
2016-11-25,1365,2016-12-02,714,Greater Accra,North,Shipped from Abroad,Electronics,Digital Cameras,Canon EOS 600D 18MP CMOS DSLR,607.13,10.83,3,1832.22,Delivered,3,,61,7
2016-06-24,1366,2016-07-02,971,Upper East,South,Shipped from Abroad,Phones and Tablet,Mobile phones,Infinix Smart HD X612,998.93,44.85,2,2042.71,Delivered,1,,34,8
2018-04-06,1367,2018-04-26,488,Ashanti,North,Express,Electronics,Smartwatches,Apple Watch Series 6,401.08,15.42,4,1619.74,Cancelled,1,Arrived Late,43,20
2018-07-10,1368,2018-07-27,106,Ashanti,North,Standard Delivery,Fashion,Accessories,Polarized Sunglasses,584.48,42.29,4,2380.21,Delivered,2,,27,17
2015-04-15,1369,2015-04-29,761,Ashanti,South,Express,Home and Office,Furniture,8 Cubes Plastic Wardrobe,125.73,29.45,4,532.37,Returned,2,Defective,38,14
2016-06-27,1370,2016-07-02,21,Upper East,West,Shipped from Abroad,Health and beauty,Personal Care,Aichun Beauty Essential Oil,175.64,44.53,5,922.73,Delivered,1,,62,5
2017-05-28,1371,2017-06-02,226,Greater Accra,East,Shipped from Abroad,Fashion,Accessories,Polarized Sunglasses,1201.59,23.68,3,3628.45,Delivered,3,,23,5
2017-05-04,1372,2017-05-12,309,Volta,North,Shipped from Abroad,Home and Office,Stationery,Moleskine Notebook,1014.6,22.78,4,4081.18,Delivered,1,,40,8
2016-05-02,1373,2016-05-17,800,Oti,East,Express,Phones and Tablet,Tablets,iPad Air 4th Gen,181.15,19.31,4,743.91,Delivered,4,,30,15
2017-02-25,1374,2017-03-17,819,Weija,North,Express,Home and Office,Furniture,Ergonomic Office Chair,550.59,10.94,4,2213.3,Delivered,5,,63,20
2016-04-22,1375,2016-04-25,689,Upper East,Central,Express,Health and beauty,Makeup,Maybelline Foundation,338.06,28.38,2,704.5,Returned,2,Arrived Late,20,3
2018-12-06,1376,2018-12-21,246,Ashanti,North,Standard Delivery,Fashion,Accessories,Polarized Sunglasses,42.36,17.6,2,102.32,Cancelled,1,Changed Mind,68,15
2018-09-27,1377,2018-09-29,492,Weija,South,Express,Electronics,Digital Cameras,Nikon D3500,1341.13,11.16,1,1352.29,Delivered,1,,48,2
2019-09-10,1378,2019-09-19,442,Ashanti,West,Express,Home and Office,Stationery,Parker Pen,501.42,40.2,2,1043.04,Returned,2,Changed Mind,51,9
2018-11-07,1379,2018-11-12,622,Oti,East,Standard Delivery,Home and Office,Stationery,Moleskine Notebook,175.84,29.11,5,908.31,Cancelled,1,Defective,62,5
2018-12-03,1380,2018-12-20,988,Ashanti,North,Express,Fashion,Clothing,100% Cotton 4 Piece T-Shirts,1374.43,34.97,3,4158.26,Returned,1,Changed Mind,38,17
2016-09-09,1381,2016-09-25,842,Western,Central,Express,Electronics,Home Theatre,LG Soundbar,1314.6,49.93,2,2679.13,Delivered,3,,43,16
2017-09-27,1382,2017-10-09,744,Oti,Central,Shipped from Abroad,Phones and Tablet,Mobile phones,Samsung Galaxy A02,18.11,22.35,4,94.79,Delivered,3,,49,12
2016-08-25,1383,2016-09-11,955,Volta,North,Standard Delivery,Phones and Tablet,Mobile phones,iPhone 12,1236.59,35.64,4,4982.0,Delivered,5,,49,17
2015-09-04,1384,2015-09-14,175,Upper East,West,Shipped from Abroad,Health and beauty,Personal Care,Aichun Beauty Essential Oil,139.64,8.13,1,147.77,Delivered,5,,28,10
2018-12-29,1385,2019-01-06,330,Upper East,East,Shipped from Abroad,Health and beauty,Makeup,MAC Lipstick,644.38,9.77,1,654.15,Delivered,2,,48,8
2019-12-22,1386,2019-12-30,38,Volta,North,Standard Delivery,Phones and Tablet,Tablets,iPad Air 4th Gen,1244.96,23.03,5,6247.83,Delivered,2,,53,8
2018-05-15,1387,2018-05-26,709,Greater Accra,South,Shipped from Abroad,Fashion,Accessories,Polarized Sunglasses,132.36,24.99,1,157.35,Delivered,3,,24,11
2018-10-20,1388,2018-11-08,242,Weija,West,Standard Delivery,Home and Office,Stationery,Parker Pen,864.18,15.56,3,2608.1,Delivered,5,,56,19
2019-10-16,1389,2019-10-31,445,Oti,Central,Standard Delivery,Health and beauty,Personal Care,Avon Soft Musk Spray,818.84,38.89,5,4133.09,Delivered,4,,23,15
2016-06-03,1390,2016-06-19,537,Oti,Central,Express,Electronics,Home Theatre,Sony 5.1 Home Theatre,1453.31,12.12,2,2918.74,Delivered,4,,40,16
2015-09-26,1391,2015-10-04,981,Weija,South,Standard Delivery,Home and Office,Stationery,Parker Pen,390.65,9.27,1,399.92,Returned,1,Not as expected,38,8
2017-05-31,1392,2017-06-06,506,Volta,West,Express,Phones and Tablet,Tablets,iPad Air 4th Gen,1159.93,18.95,1,1178.88,Delivered,1,,60,6
2015-09-19,1393,2015-09-21,632,Weija,Central,Shipped from Abroad,Home and Office,Stationery,Moleskine Notebook,614.15,10.14,1,624.29,Delivered,3,,34,2
2018-03-26,1394,2018-04-02,743,Western,North,Standard Delivery,Home and Office,Furniture,8 Cubes Plastic Wardrobe,766.72,24.23,5,3857.83,Returned,2,Defective,29,7
2015-03-10,1395,2015-03-19,822,Ashanti,West,Express,Fashion,Shoes,Adidas Ultraboost,1143.16,27.67,3,3457.15,Returned,2,Arrived Late,70,9
2017-01-22,1396,2017-02-04,177,Oti,South,Standard Delivery,Home and Office,Furniture,8 Cubes Plastic Wardrobe,692.92,18.23,2,1404.07,Delivered,5,,41,13
2019-05-12,1397,2019-05-23,110,Volta,South,Standard Delivery,Home and Office,Stationery,Parker Pen,630.36,40.02,2,1300.74,Delivered,4,,45,11
2016-08-16,1398,2016-08-23,484,Weija,South,Shipped from Abroad,Home and Office,Stationery,Moleskine Notebook,135.48,19.45,2,290.41,Returned,1,Changed Mind,36,7
2016-01-07,1399,2016-01-14,388,Greater Accra,North,Shipped from Abroad,Electronics,Home Theatre,LG Soundbar,215.41,24.96,1,240.37,Delivered,2,,18,7
2018-01-06,1400,2018-01-16,916,Volta,East,Standard Delivery,Home and Office,Furniture,Ergonomic Office Chair,395.6,43.77,4,1626.17,Returned,1,Changed Mind,46,10
2018-07-01,1401,2018-07-06,67,Weija,West,Standard Delivery,Electronics,Smartwatches,Apple Watch Series 6,641.4,43.3,5,3250.3,Delivered,4,,30,5
2015-09-25,1402,2015-10-14,628,Ashanti,West,Shipped from Abroad,Phones and Tablet,Tablets,iPad Air 4th Gen,1206.18,13.57,2,2425.93,Delivered,5,,34,19
2016-07-10,1403,2016-07-13,840,Western,South,Standard Delivery,Electronics,Home Theatre,Sony 5.1 Home Theatre,998.06,18.98,1,1017.04,Cancelled,2,Not as expected,41,3
2017-06-23,1404,2017-07-01,784,Ashanti,West,Shipped from Abroad,Fashion,Clothing,100% Cotton 4 Piece T-Shirts,1353.86,43.61,1,1397.47,Returned,2,Arrived Late,57,8
2016-04-22,1405,2016-04-29,799,Volta,North,Shipped from Abroad,Home and Office,Stationery,Parker Pen,998.76,7.49,4,4002.53,Returned,2,Defective,62,7
2019-09-12,1406,2019-09-25,945,Western,West,Shipped from Abroad,Fashion,Shoes,Nike Air Max,1170.67,18.87,3,3530.88,Delivered,5,,46,13
2016-01-19,1407,2016-01-30,684,Western,North,Shipped from Abroad,Fashion,Accessories,Polarized Sunglasses,28.32,39.38,5,180.98,Delivered,3,,40,11
2015-02-14,1408,2015-02-27,358,Western,West,Shipped from Abroad,Electronics,Smartwatches,Samsung Galaxy Watch 3,744.01,40.88,2,1528.9,Returned,2,Not as expected,58,13
2020-12-20,1409,2021-01-04,434,Oti,East,Shipped from Abroad,Phones and Tablet,Mobile phones,Samsung Galaxy A02,453.98,45.83,2,953.79,Returned,1,Changed Mind,65,15
2020-07-19,1410,2020-07-22,690,Greater Accra,North,Shipped from Abroad,Health and beauty,Personal Care,Avon Soft Musk Spray,341.18,37.87,3,1061.41,Delivered,2,,22,3
2015-09-13,1411,2015-09-29,525,Western,Central,Express,Phones and Tablet,Tablets,iPad Air 4th Gen,78.04,22.96,2,179.04,Delivered,4,,69,16
2019-06-09,1412,2019-06-22,411,Upper East,South,Shipped from Abroad,Fashion,Shoes,Nike Air Max,683.29,23.12,1,706.41,Returned,2,Arrived Late,31,13
2018-03-10,1413,2018-03-20,999,Volta,West,Shipped from Abroad,Home and Office,Stationery,Parker Pen,515.61,5.78,5,2583.83,Delivered,2,,68,10
2019-02-18,1414,2019-03-02,552,Weija,North,Shipped from Abroad,Home and Office,Furniture,8 Cubes Plastic Wardrobe,1487.4,46.04,3,4508.24,Delivered,1,,56,12
2015-11-14,1415,2015-12-01,618,Upper East,Central,Shipped from Abroad,Fashion,Accessories,Leather Wallet,758.86,25.74,3,2302.32,Delivered,2,,20,17
2019-12-30,1416,2020-01-15,251,Upper East,South,Shipped from Abroad,Phones and Tablet,Mobile phones,iPhone 12,597.61,6.74,2,1201.96,Delivered,1,,50,16
2016-10-28,1417,2016-11-14,118,Upper East,South,Express,Home and Office,Stationery,Moleskine Notebook,649.08,38.96,2,1337.12,Delivered,3,,62,17
2019-01-11,1418,2019-01-14,244,Greater Accra,South,Shipped from Abroad,Fashion,Accessories,Polarized Sunglasses,971.54,28.87,2,1971.95,Delivered,4,,30,3
2016-04-19,1419,2016-04-26,443,Weija,North,Standard Delivery,Fashion,Accessories,Leather Wallet,137.05,19.42,5,704.67,Delivered,5,,19,7
2019-11-11,1420,2019-11-21,340,Volta,East,Standard Delivery,Home and Office,Furniture,Ergonomic Office Chair,1433.59,7.94,1,1441.53,Delivered,3,,44,10
2017-09-03,1421,2017-09-12,568,Volta,North,Standard Delivery,Phones and Tablet,Tablets,iPad Air 4th Gen,1034.58,46.04,1,1080.62,Delivered,1,,25,9
2018-12-20,1422,2018-12-30,448,Ashanti,West,Express,Electronics,Home Theatre,LG Soundbar,350.63,34.05,2,735.31,Returned,1,Defective,46,10
2019-06-01,1423,2019-06-06,696,Western,South,Shipped from Abroad,Health and beauty,Makeup,Maybelline Foundation,886.51,34.37,1,920.88,Cancelled,2,Changed Mind,21,5
2018-11-29,1424,2018-12-09,180,Ashanti,West,Express,Fashion,Clothing,Men's Denim Jacket,705.83,11.77,2,1423.43,Delivered,3,,67,10
2017-04-07,1425,2017-04-23,649,Upper East,West,Shipped from Abroad,Phones and Tablet,Tablets,iPad Air 4th Gen,188.33,45.33,3,610.32,Delivered,3,,24,16
2019-09-12,1426,2019-09-24,673,Oti,Central,Express,Fashion,Clothing,Men's Denim Jacket,1044.23,39.2,3,3171.89,Delivered,3,,27,12
2018-10-06,1427,2018-10-21,154,Weija,West,Express,Fashion,Accessories,Polarized Sunglasses,137.93,28.24,4,579.96,Delivered,4,,42,15
2015-05-30,1428,2015-06-08,361,Volta,Central,Standard Delivery,Electronics,Smartwatches,Apple Watch Series 6,1363.0,37.7,2,2763.7,Delivered,1,,65,9
2019-03-14,1429,2019-03-29,790,Upper East,Central,Express,Electronics,Smartwatches,Apple Watch Series 6,1268.64,11.09,2,2548.37,Cancelled,1,Defective,36,15
2015-10-04,1430,2015-10-18,557,Upper East,South,Shipped from Abroad,Fashion,Accessories,Polarized Sunglasses,719.95,8.17,3,2168.02,Delivered,4,,49,14
2017-09-03,1431,2017-09-20,471,Upper East,South,Express,Fashion,Accessories,Polarized Sunglasses,1242.18,29.8,4,4998.52,Delivered,2,,65,17
2017-04-29,1432,2017-05-10,287,Volta,Central,Standard Delivery,Electronics,Home Theatre,LG Soundbar,100.55,5.09,1,105.64,Returned,1,Defective,28,11
2017-12-07,1433,2017-12-15,5,Oti,West,Shipped from Abroad,Health and beauty,Personal Care,Aichun Beauty Essential Oil,1174.47,40.42,1,1214.89,Cancelled,1,Changed Mind,42,8
2018-12-22,1434,2018-12-27,289,Greater Accra,South,Express,Electronics,Home Theatre,LG Soundbar,1052.53,33.52,5,5296.17,Delivered,2,,40,5
2016-01-12,1435,2016-01-31,782,Ashanti,North,Shipped from Abroad,Phones and Tablet,Tablets,Amazon Fire HD 8 Kids Tablet,1332.2,40.3,1,1372.5,Delivered,1,,45,19
2017-02-03,1436,2017-02-19,689,Oti,North,Shipped from Abroad,Electronics,Smartwatches,Apple Watch Series 6,741.59,24.12,1,765.71,Returned,1,Defective,20,16
2015-10-09,1437,2015-10-19,429,Western,Central,Shipped from Abroad,Phones and Tablet,Tablets,Amazon Fire HD 8 Kids Tablet,431.41,32.05,3,1326.28,Delivered,4,,55,10
2016-03-14,1438,2016-03-24,222,Greater Accra,West,Standard Delivery,Electronics,Home Theatre,Sony 5.1 Home Theatre,1089.76,49.85,1,1139.61,Returned,2,Not as expected,63,10
2019-03-12,1439,2019-03-27,612,Volta,South,Express,Phones and Tablet,Mobile phones,iPhone 12,1234.53,47.57,2,2516.63,Delivered,3,,35,15
2018-01-11,1440,2018-01-27,605,Oti,South,Express,Home and Office,Stationery,Moleskine Notebook,1046.38,35.0,1,1081.38,Delivered,3,,43,16
2019-11-30,1441,2019-12-14,370,Upper East,South,Shipped from Abroad,Electronics,Home Theatre,LG Soundbar,770.33,25.39,1,795.72,Delivered,1,,24,14
2016-03-31,1442,2016-04-12,271,Upper East,West,Shipped from Abroad,Home and Office,Furniture,8 Cubes Plastic Wardrobe,841.99,12.89,1,854.88,Delivered,3,,33,12
2020-08-22,1443,2020-08-27,707,Oti,Central,Express,Health and beauty,Personal Care,Avon Soft Musk Spray,271.98,46.18,5,1406.08,Delivered,3,,32,5
2020-06-27,1444,2020-07-08,667,Oti,South,Shipped from Abroad,Home and Office,Stationery,Parker Pen,417.95,42.56,1,460.51,Delivered,3,,33,11
2020-08-22,1445,2020-09-07,436,Greater Accra,South,Standard Delivery,Fashion,Shoes,Nike Air Max,501.28,29.14,4,2034.26,Cancelled,2,Arrived Late,66,16
2017-05-25,1446,2017-05-30,574,Ashanti,West,Standard Delivery,Health and beauty,Makeup,MAC Lipstick,424.05,36.09,1,460.14,Delivered,4,,62,5
2016-01-07,1447,2016-01-18,837,Oti,North,Standard Delivery,Home and Office,Stationery,Parker Pen,119.97,39.71,4,519.59,Delivered,1,,26,11
2016-01-05,1448,2016-01-18,784,Upper East,West,Shipped from Abroad,Fashion,Shoes,Adidas Ultraboost,564.87,48.51,3,1743.12,Delivered,2,,57,13
2020-02-19,1449,2020-02-25,599,Greater Accra,Central,Express,Phones and Tablet,Mobile phones,Infinix Smart HD X612,940.98,44.69,5,4749.59,Delivered,3,,47,6
2018-06-02,1450,2018-06-18,904,Greater Accra,West,Standard Delivery,Fashion,Accessories,Leather Wallet,1062.74,8.43,4,4259.39,Delivered,3,,41,16
2020-05-10,1451,2020-05-23,53,Ashanti,West,Express,Home and Office,Furniture,Ergonomic Office Chair,891.49,8.24,1,899.73,Delivered,3,,21,13
2017-10-04,1452,2017-10-18,78,Volta,South,Standard Delivery,Electronics,Smartwatches,Apple Watch Series 6,36.89,42.73,3,153.4,Delivered,1,,35,14
2017-06-19,1453,2017-07-08,618,Upper East,East,Express,Home and Office,Furniture,8 Cubes Plastic Wardrobe,469.75,36.78,1,506.53,Delivered,5,,20,19
2017-05-25,1454,2017-06-10,714,Ashanti,North,Standard Delivery,Home and Office,Stationery,Moleskine Notebook,983.3,8.72,3,2958.62,Returned,2,Changed Mind,61,16
2017-09-05,1455,2017-09-07,313,Upper East,Central,Express,Electronics,Smartwatches,Samsung Galaxy Watch 3,1349.47,15.5,5,6762.85,Returned,1,Changed Mind,61,2
2016-07-28,1456,2016-08-12,40,Weija,Central,Shipped from Abroad,Home and Office,Furniture,Ergonomic Office Chair,1470.5,38.22,4,5920.22,Cancelled,1,Arrived Late,28,15
2016-03-31,1457,2016-04-19,619,Upper East,West,Standard Delivery,Health and beauty,Personal Care,Aichun Beauty Essential Oil,380.87,18.55,2,780.29,Delivered,3,,22,19
2015-04-09,1458,2015-04-11,269,Upper East,South,Shipped from Abroad,Fashion,Shoes,Adidas Ultraboost,552.78,11.55,2,1117.11,Delivered,4,,18,2
2016-04-11,1459,2016-04-16,858,Western,Central,Shipped from Abroad,Fashion,Accessories,Polarized Sunglasses,1302.38,44.46,3,3951.6,Delivered,3,,45,5
2020-07-31,1460,2020-08-11,330,Upper East,North,Shipped from Abroad,Electronics,Smartwatches,Samsung Galaxy Watch 3,1008.37,33.68,3,3058.79,Delivered,4,,48,11
2016-12-07,1461,2016-12-24,676,Western,East,Express,Phones and Tablet,Mobile phones,Infinix Smart HD X612,1097.47,6.66,1,1104.13,Delivered,3,,45,17
2020-09-25,1462,2020-10-03,718,Upper East,South,Shipped from Abroad,Home and Office,Furniture,8 Cubes Plastic Wardrobe,694.8,41.43,5,3515.43,Delivered,1,,20,8
2018-01-29,1463,2018-02-12,122,Western,West,Standard Delivery,Health and beauty,Personal Care,Avon Soft Musk Spray,875.24,46.47,3,2672.19,Cancelled,2,Not as expected,23,14
2018-07-23,1464,2018-08-03,571,Weija,South,Standard Delivery,Fashion,Clothing,Men's Denim Jacket,397.69,10.9,3,1203.97,Delivered,2,,22,11
2016-04-23,1465,2016-04-27,378,Volta,South,Standard Delivery,Phones and Tablet,Tablets,iPad Air 4th Gen,282.19,17.94,2,582.32,Returned,2,Not as expected,44,4
2017-05-06,1466,2017-05-20,505,Western,Central,Standard Delivery,Fashion,Accessories,Leather Wallet,279.34,5.69,1,285.03,Delivered,1,,51,14
2018-01-18,1467,2018-01-21,708,Upper East,East,Standard Delivery,Electronics,Digital Cameras,Canon EOS 600D 18MP CMOS DSLR,517.62,11.75,2,1046.99,Delivered,4,,49,3
2017-01-20,1468,2017-01-30,311,Oti,East,Shipped from Abroad,Fashion,Accessories,Polarized Sunglasses,420.27,23.12,4,1704.2,Delivered,4,,22,10
2015-02-17,1469,2015-02-21,122,Oti,Central,Express,Fashion,Clothing,Men's Denim Jacket,595.92,36.97,2,1228.81,Returned,2,Not as expected,23,4
2015-01-09,1470,2015-01-17,658,Volta,East,Standard Delivery,Phones and Tablet,Mobile phones,Samsung Galaxy A02,1095.95,41.57,2,2233.47,Delivered,2,,27,8
2019-05-03,1471,2019-05-15,728,Oti,East,Shipped from Abroad,Health and beauty,Makeup,MAC Lipstick,646.56,34.34,4,2620.58,Cancelled,1,Arrived Late,29,12
2020-01-01,1472,2020-01-18,440,Weija,Central,Shipped from Abroad,Health and beauty,Makeup,Maybelline Foundation,399.74,17.61,3,1216.83,Returned,1,Arrived Late,67,17
2016-11-09,1473,2016-11-25,527,Western,Central,Shipped from Abroad,Phones and Tablet,Tablets,iPad Air 4th Gen,684.08,49.56,4,2785.88,Delivered,2,,43,16
2015-10-25,1474,2015-11-06,282,Ashanti,Central,Shipped from Abroad,Fashion,Shoes,Nike Air Max,584.36,19.66,4,2357.1,Delivered,5,,21,12
2019-07-25,1475,2019-08-05,558,Volta,East,Express,Health and beauty,Makeup,MAC Lipstick,630.69,47.27,5,3200.72,Returned,2,Changed Mind,18,11
2017-08-17,1476,2017-08-28,737,Upper East,East,Standard Delivery,Fashion,Shoes,Adidas Ultraboost,959.18,18.73,4,3855.45,Delivered,2,,33,11
2017-01-27,1477,2017-02-07,816,Upper East,Central,Express,Electronics,Smartwatches,Samsung Galaxy Watch 3,343.53,33.21,5,1750.86,Delivered,3,,21,11
2016-10-09,1478,2016-10-23,533,Western,East,Express,Health and beauty,Makeup,Maybelline Foundation,48.25,21.78,2,118.28,Delivered,2,,70,14
2020-01-11,1479,2020-01-20,772,Greater Accra,East,Standard Delivery,Electronics,Home Theatre,Sony 5.1 Home Theatre,98.21,17.09,3,311.72,Delivered,1,,66,9
2020-02-10,1480,2020-02-20,434,Oti,East,Standard Delivery,Phones and Tablet,Mobile phones,Infinix Smart HD X612,1026.24,30.6,2,2083.08,Returned,1,Defective,65,10
2017-10-02,1481,2017-10-20,352,Weija,East,Standard Delivery,Home and Office,Furniture,Ergonomic Office Chair,662.88,9.88,3,1998.52,Delivered,4,,40,18
2018-09-12,1482,2018-09-22,107,Western,West,Shipped from Abroad,Electronics,Digital Cameras,Sony Alpha a6000,1296.34,24.48,2,2617.16,Delivered,4,,55,10
2017-02-19,1483,2017-02-26,961,Western,South,Shipped from Abroad,Fashion,Clothing,100% Cotton 4 Piece T-Shirts,786.3,33.33,5,3964.83,Returned,2,Defective,20,7
2016-02-21,1484,2016-03-03,617,Western,South,Shipped from Abroad,Health and beauty,Personal Care,Avon Soft Musk Spray,1184.13,27.27,2,2395.53,Returned,1,Defective,53,11
2018-11-18,1485,2018-11-24,66,Weija,Central,Express,Health and beauty,Makeup,MAC Lipstick,1339.38,6.51,2,2685.27,Delivered,1,,36,6
2016-08-06,1486,2016-08-14,874,Greater Accra,West,Shipped from Abroad,Electronics,Digital Cameras,Sony Alpha a6000,498.69,19.81,5,2513.26,Delivered,3,,30,8
2017-02-16,1487,2017-02-26,893,Volta,West,Shipped from Abroad,Phones and Tablet,Mobile phones,iPhone 12,717.08,29.05,5,3614.45,Cancelled,2,Arrived Late,50,10
2019-08-10,1488,2019-08-21,453,Oti,West,Shipped from Abroad,Phones and Tablet,Tablets,Amazon Fire HD 8 Kids Tablet,1418.6,36.18,2,2873.38,Delivered,3,,20,11
2016-09-06,1489,2016-09-09,488,Volta,West,Express,Health and beauty,Personal Care,Avon Soft Musk Spray,1269.89,7.87,4,5087.43,Returned,1,Changed Mind,43,3
2016-06-01,1490,2016-06-21,824,Weija,Central,Shipped from Abroad,Phones and Tablet,Mobile phones,iPhone 12,145.46,49.92,3,486.3,Returned,1,Arrived Late,41,20
2019-11-25,1491,2019-12-10,518,Oti,Central,Standard Delivery,Home and Office,Stationery,Moleskine Notebook,260.7,29.25,5,1332.75,Returned,2,Arrived Late,57,15
2015-08-17,1492,2015-08-26,463,Volta,East,Standard Delivery,Phones and Tablet,Tablets,iPad Air 4th Gen,118.55,30.08,2,267.18,Returned,1,Changed Mind,55,9
2015-03-30,1493,2015-04-03,554,Ashanti,North,Express,Home and Office,Stationery,Parker Pen,1463.98,36.6,2,2964.56,Delivered,1,,62,4
2015-10-08,1494,2015-10-13,412,Weija,North,Express,Home and Office,Stationery,Moleskine Notebook,1439.7,17.66,4,5776.46,Returned,2,Defective,62,5
2019-09-02,1495,2019-09-15,980,Ashanti,South,Shipped from Abroad,Electronics,Smartwatches,Samsung Galaxy Watch 3,216.55,38.32,4,904.52,Returned,2,Defective,45,13
2018-07-18,1496,2018-08-02,211,Volta,North,Express,Home and Office,Furniture,8 Cubes Plastic Wardrobe,476.13,48.21,3,1476.6,Delivered,4,,29,15
2018-03-26,1497,2018-03-29,858,Western,South,Shipped from Abroad,Health and beauty,Personal Care,Aichun Beauty Essential Oil,1269.49,28.46,1,1297.95,Delivered,1,,45,3
2019-01-12,1498,2019-01-21,630,Volta,South,Standard Delivery,Home and Office,Stationery,Moleskine Notebook,369.45,16.66,1,386.11,Delivered,4,,39,9
2020-09-01,1499,2020-09-15,110,Weija,South,Shipped from Abroad,Home and Office,Stationery,Moleskine Notebook,719.39,43.71,5,3640.66,Delivered,5,,45,14
2015-03-26,1500,2015-04-12,573,Oti,West,Express,Fashion,Accessories,Leather Wallet,126.62,5.3,5,638.4,Delivered,5,,44,17
2016-11-15,1501,2016-11-18,537,Western,Central,Standard Delivery,Fashion,Accessories,Polarized Sunglasses,613.15,49.68,4,2502.28,Delivered,1,,40,3
2019-03-16,1502,2019-03-20,288,Oti,East,Standard Delivery,Electronics,Smartwatches,Samsung Galaxy Watch 3,1342.96,20.24,4,5392.08,Returned,1,Not as expected,44,4
2015-10-17,1503,2015-11-02,990,Volta,North,Standard Delivery,Home and Office,Stationery,Moleskine Notebook,573.73,9.06,4,2303.98,Delivered,2,,22,16
2017-02-10,1504,2017-02-17,966,Upper East,East,Express,Health and beauty,Personal Care,Avon Soft Musk Spray,299.47,25.9,3,924.31,Delivered,1,,62,7
2020-06-24,1505,2020-06-29,518,Ashanti,East,Express,Health and beauty,Personal Care,Aichun Beauty Essential Oil,119.81,24.94,2,264.56,Delivered,5,,57,5
2020-06-01,1506,2020-06-21,583,Greater Accra,Central,Shipped from Abroad,Health and beauty,Makeup,MAC Lipstick,141.54,31.9,3,456.52,Returned,2,Arrived Late,51,20
2016-11-29,1507,2016-12-12,821,Upper East,North,Standard Delivery,Phones and Tablet,Mobile phones,Infinix Smart HD X612,681.89,19.48,2,1383.26,Delivered,4,,63,13
2016-03-17,1508,2016-03-29,737,Volta,East,Express,Phones and Tablet,Mobile phones,Samsung Galaxy A02,154.85,23.35,3,487.9,Delivered,2,,33,12
2016-02-23,1509,2016-03-09,909,Weija,South,Standard Delivery,Fashion,Shoes,Nike Air Max,463.43,47.78,3,1438.07,Returned,1,Arrived Late,60,15
2015-01-02,1510,2015-01-15,356,Ashanti,East,Shipped from Abroad,Health and beauty,Personal Care,Aichun Beauty Essential Oil,1375.09,43.48,5,6918.93,Delivered,4,,53,13
2016-05-26,1511,2016-05-30,871,Ashanti,East,Standard Delivery,Home and Office,Stationery,Parker Pen,136.11,12.73,3,421.06,Delivered,3,,47,4
2019-09-12,1512,2019-09-20,949,Volta,Central,Shipped from Abroad,Electronics,Smartwatches,Apple Watch Series 6,334.97,8.71,3,1013.62,Delivered,3,,33,8
2017-06-27,1513,2017-07-05,302,Weija,East,Express,Electronics,Digital Cameras,Nikon D3500,269.93,23.11,3,832.9,Delivered,2,,27,8
2018-06-20,1514,2018-06-27,940,Volta,Central,Shipped from Abroad,Phones and Tablet,Mobile phones,Infinix Smart HD X612,728.16,21.41,5,3662.21,Delivered,2,,58,7
2015-03-15,1515,2015-03-17,494,Oti,East,Express,Phones and Tablet,Mobile phones,Samsung Galaxy A02,243.64,10.48,2,497.76,Delivered,2,,69,2
2019-02-11,1516,2019-02-28,252,Volta,South,Standard Delivery,Home and Office,Stationery,Moleskine Notebook,286.94,15.41,3,876.23,Returned,1,Changed Mind,67,17
2019-05-07,1517,2019-05-25,354,Greater Accra,South,Shipped from Abroad,Home and Office,Furniture,Ergonomic Office Chair,1185.57,39.57,4,4781.85,Delivered,2,,26,18
2017-03-12,1518,2017-03-28,711,Greater Accra,North,Express,Electronics,Home Theatre,LG Soundbar,797.87,34.84,1,832.71,Delivered,3,,28,16
2016-03-07,1519,2016-03-24,554,Weija,Central,Shipped from Abroad,Home and Office,Furniture,Ergonomic Office Chair,763.62,10.88,5,3828.98,Delivered,3,,62,17
2015-05-27,1520,2015-06-07,490,Volta,South,Shipped from Abroad,Home and Office,Furniture,8 Cubes Plastic Wardrobe,1426.31,34.06,1,1460.37,Delivered,1,,51,11
2018-07-25,1521,2018-08-05,986,Volta,Central,Standard Delivery,Phones and Tablet,Mobile phones,Infinix Smart HD X612,328.38,19.08,4,1332.6,Returned,1,Arrived Late,42,11
2015-08-15,1522,2015-08-23,79,Volta,East,Shipped from Abroad,Home and Office,Stationery,Parker Pen,298.75,22.73,1,321.48,Delivered,4,,50,8
2018-11-01,1523,2018-11-11,901,Weija,Central,Express,Electronics,Smartwatches,Samsung Galaxy Watch 3,688.84,22.79,1,711.63,Delivered,2,,46,10
2018-08-17,1524,2018-08-22,562,Upper East,East,Standard Delivery,Fashion,Accessories,Polarized Sunglasses,120.9,5.04,2,246.84,Returned,2,Defective,70,5
2016-07-19,1525,2016-08-04,19,Volta,Central,Express,Health and beauty,Makeup,MAC Lipstick,851.43,48.94,3,2603.23,Returned,1,Not as expected,44,16
2017-05-05,1526,2017-05-20,587,Weija,North,Standard Delivery,Health and beauty,Personal Care,Avon Soft Musk Spray,119.22,44.37,2,282.81,Delivered,1,,69,15
2020-08-02,1527,2020-08-09,911,Ashanti,West,Standard Delivery,Home and Office,Stationery,Moleskine Notebook,1488.33,49.03,4,6002.35,Delivered,3,,61,7
2019-02-06,1528,2019-02-26,605,Volta,North,Express,Health and beauty,Personal Care,Aichun Beauty Essential Oil,444.41,13.27,2,902.09,Delivered,4,,43,20
2015-11-14,1529,2015-12-02,836,Upper East,South,Shipped from Abroad,Phones and Tablet,Tablets,iPad Air 4th Gen,1434.79,16.58,1,1451.37,Delivered,2,,26,18
2015-07-16,1530,2015-08-05,957,Greater Accra,Central,Shipped from Abroad,Health and beauty,Makeup,MAC Lipstick,1460.11,46.09,1,1506.2,Delivered,5,,22,20
2015-03-09,1531,2015-03-26,315,Western,North,Express,Health and beauty,Personal Care,Avon Soft Musk Spray,1491.69,49.65,2,3033.03,Delivered,4,,68,17
2020-08-05,1532,2020-08-18,643,Ashanti,Central,Express,Fashion,Clothing,Men's Denim Jacket,506.17,8.89,1,515.06,Delivered,3,,32,13
2020-04-14,1533,2020-05-01,197,Western,East,Standard Delivery,Health and beauty,Personal Care,Aichun Beauty Essential Oil,1234.59,26.78,4,4965.14,Delivered,5,,50,17
2019-08-09,1534,2019-08-24,535,Volta,West,Standard Delivery,Phones and Tablet,Mobile phones,iPhone 12,720.07,20.16,2,1460.3,Returned,2,Defective,26,15
2015-07-30,1535,2015-08-04,587,Volta,West,Standard Delivery,Fashion,Shoes,Adidas Ultraboost,366.77,17.38,5,1851.23,Delivered,1,,69,5
2017-10-26,1536,2017-11-05,436,Ashanti,South,Express,Health and beauty,Makeup,Maybelline Foundation,1057.29,45.3,4,4274.46,Delivered,5,,66,10
2019-08-18,1537,2019-08-28,191,Upper East,East,Shipped from Abroad,Phones and Tablet,Mobile phones,Infinix Smart HD X612,194.18,41.83,1,236.01,Delivered,4,,69,10
2015-01-20,1538,2015-02-06,67,Weija,East,Shipped from Abroad,Health and beauty,Makeup,Maybelline Foundation,394.94,31.73,5,2006.43,Delivered,3,,30,17
2018-10-05,1539,2018-10-09,246,Western,South,Shipped from Abroad,Health and beauty,Personal Care,Avon Soft Musk Spray,724.76,17.11,1,741.87,Delivered,3,,68,4
2016-07-12,1540,2016-07-31,348,Upper East,North,Shipped from Abroad,Fashion,Accessories,Leather Wallet,665.73,8.15,2,1339.61,Delivered,4,,60,19
2015-12-23,1541,2015-12-25,396,Ashanti,Central,Shipped from Abroad,Electronics,Home Theatre,Sony 5.1 Home Theatre,506.25,42.95,4,2067.95,Delivered,1,,49,2
2019-02-18,1542,2019-03-10,23,Ashanti,East,Express,Health and beauty,Personal Care,Avon Soft Musk Spray,1429.4,16.4,5,7163.4,Delivered,3,,23,20
2016-07-24,1543,2016-08-01,87,Oti,East,Standard Delivery,Fashion,Accessories,Leather Wallet,1418.6,46.37,4,5720.77,Delivered,1,,37,8
2015-10-15,1544,2015-10-23,828,Oti,West,Standard Delivery,Phones and Tablet,Tablets,Amazon Fire HD 8 Kids Tablet,1116.36,30.86,1,1147.22,Delivered,3,,62,8
2015-09-07,1545,2015-09-17,421,Oti,North,Shipped from Abroad,Fashion,Clothing,100% Cotton 4 Piece T-Shirts,774.05,25.82,1,799.87,Delivered,4,,19,10
2020-08-08,1546,2020-08-20,222,Volta,East,Standard Delivery,Fashion,Clothing,100% Cotton 4 Piece T-Shirts,558.19,29.09,1,587.28,Cancelled,2,Not as expected,63,12
2019-03-27,1547,2019-04-15,970,Oti,North,Shipped from Abroad,Phones and Tablet,Mobile phones,Samsung Galaxy A02,455.96,32.54,5,2312.34,Delivered,2,,27,19
2017-06-27,1548,2017-07-11,92,Ashanti,West,Shipped from Abroad,Health and beauty,Personal Care,Avon Soft Musk Spray,1308.55,7.44,1,1315.99,Delivered,1,,53,14
2016-01-12,1549,2016-01-22,995,Volta,South,Shipped from Abroad,Electronics,Home Theatre,Sony 5.1 Home Theatre,17.88,25.61,1,43.49,Delivered,2,,58,10
2019-05-16,1550,2019-06-04,986,Volta,East,Express,Fashion,Accessories,Leather Wallet,86.71,48.62,5,482.17,Returned,1,Not as expected,42,19
2017-11-22,1551,2017-11-25,697,Weija,West,Shipped from Abroad,Electronics,Home Theatre,Sony 5.1 Home Theatre,1110.37,31.92,5,5583.77,Delivered,1,,63,3
2018-11-13,1552,2018-11-15,497,Oti,West,Shipped from Abroad,Health and beauty,Personal Care,Avon Soft Musk Spray,578.5,32.73,3,1768.23,Delivered,1,,45,2
2020-10-31,1553,2020-11-20,499,Volta,East,Standard Delivery,Phones and Tablet,Tablets,Amazon Fire HD 8 Kids Tablet,889.01,43.09,5,4488.14,Delivered,1,,22,20
2020-06-08,1554,2020-06-25,341,Ashanti,East,Express,Fashion,Accessories,Polarized Sunglasses,497.61,29.37,3,1522.2,Returned,1,Defective,48,17
2018-11-26,1555,2018-12-03,398,Weija,South,Express,Electronics,Home Theatre,Sony 5.1 Home Theatre,1440.83,21.46,2,2903.12,Returned,2,Changed Mind,50,7
2015-02-22,1556,2015-03-14,321,Upper East,North,Standard Delivery,Fashion,Clothing,Men's Denim Jacket,683.23,13.3,5,3429.45,Delivered,1,,22,20
2018-12-26,1557,2019-01-09,578,Western,Central,Express,Health and beauty,Makeup,Maybelline Foundation,545.85,25.78,5,2755.03,Delivered,2,,23,14
2017-01-28,1558,2017-02-13,496,Ashanti,South,Shipped from Abroad,Phones and Tablet,Tablets,Amazon Fire HD 8 Kids Tablet,1458.86,42.75,2,2960.47,Delivered,1,,44,16
2020-09-28,1559,2020-10-08,92,Volta,Central,Express,Fashion,Accessories,Leather Wallet,199.74,37.95,2,437.43,Returned,1,Defective,53,10
2015-04-02,1560,2015-04-04,196,Upper East,West,Express,Electronics,Digital Cameras,Sony Alpha a6000,768.98,49.13,2,1587.09,Delivered,1,,35,2
2015-05-16,1561,2015-05-29,40,Ashanti,Central,Express,Home and Office,Stationery,Moleskine Notebook,1280.37,32.29,4,5153.77,Returned,1,Defective,28,13
2018-10-09,1562,2018-10-11,866,Weija,South,Shipped from Abroad,Home and Office,Furniture,Ergonomic Office Chair,619.31,26.64,5,3123.19,Delivered,4,,50,2
2017-08-16,1563,2017-08-22,69,Western,North,Express,Home and Office,Stationery,Parker Pen,770.16,32.03,2,1572.35,Delivered,4,,70,6
2017-08-22,1564,2017-09-02,130,Weija,West,Express,Electronics,Digital Cameras,Sony Alpha a6000,394.28,48.77,4,1625.89,Delivered,4,,53,11
2015-10-14,1565,2015-10-16,209,Ashanti,South,Express,Health and beauty,Personal Care,Aichun Beauty Essential Oil,13.17,13.36,2,39.7,Delivered,3,,68,2
2020-11-29,1566,2020-12-16,50,Greater Accra,Central,Standard Delivery,Fashion,Shoes,Adidas Ultraboost,743.37,16.22,3,2246.33,Delivered,3,,43,17
2015-05-04,1567,2015-05-13,317,Upper East,West,Shipped from Abroad,Electronics,Digital Cameras,Nikon D3500,621.46,46.41,1,667.87,Delivered,5,,26,9
2015-01-05,1568,2015-01-18,981,Western,North,Shipped from Abroad,Electronics,Smartwatches,Samsung Galaxy Watch 3,1212.92,47.68,3,3686.44,Delivered,2,,38,13
2016-07-12,1569,2016-07-18,545,Upper East,South,Express,Phones and Tablet,Mobile phones,iPhone 12,234.16,45.35,4,981.99,Delivered,3,,53,6
2017-12-30,1570,2018-01-02,97,Oti,South,Express,Electronics,Digital Cameras,Canon EOS 600D 18MP CMOS DSLR,511.68,48.51,4,2095.23,Delivered,5,,61,3
2015-01-10,1571,2015-01-18,711,Ashanti,East,Express,Electronics,Digital Cameras,Nikon D3500,1172.68,5.95,4,4696.67,Delivered,3,,28,8
2020-11-10,1572,2020-11-30,49,Volta,South,Express,Phones and Tablet,Mobile phones,Samsung Galaxy A02,1284.07,16.92,5,6437.27,Delivered,3,,44,20
2018-04-09,1573,2018-04-19,626,Volta,North,Shipped from Abroad,Fashion,Accessories,Polarized Sunglasses,241.94,29.4,1,271.34,Delivered,5,,39,10
2019-05-26,1574,2019-05-28,917,Volta,West,Express,Health and beauty,Personal Care,Avon Soft Musk Spray,1112.79,47.1,2,2272.68,Delivered,1,,25,2
2016-11-12,1575,2016-11-26,498,Oti,South,Standard Delivery,Phones and Tablet,Tablets,iPad Air 4th Gen,926.94,36.93,3,2817.75,Returned,1,Changed Mind,70,14
2016-12-25,1576,2016-12-27,778,Weija,South,Express,Fashion,Accessories,Leather Wallet,428.88,25.3,2,883.06,Returned,2,Arrived Late,25,2
2016-09-06,1577,2016-09-22,521,Ashanti,East,Standard Delivery,Phones and Tablet,Tablets,Amazon Fire HD 8 Kids Tablet,196.5,44.37,5,1026.87,Returned,2,Defective,19,16
2016-06-25,1578,2016-06-30,873,Upper East,West,Standard Delivery,Fashion,Accessories,Leather Wallet,399.11,40.76,2,838.98,Delivered,1,,33,5
2015-03-21,1579,2015-04-08,5,Volta,Central,Standard Delivery,Fashion,Clothing,100% Cotton 4 Piece T-Shirts,814.59,47.4,5,4120.35,Returned,2,Defective,42,18
2017-08-09,1580,2017-08-12,226,Weija,North,Express,Fashion,Accessories,Polarized Sunglasses,1310.84,45.65,3,3978.17,Delivered,5,,23,3
2020-06-26,1581,2020-07-01,201,Greater Accra,West,Shipped from Abroad,Phones and Tablet,Tablets,iPad Air 4th Gen,1243.01,32.06,5,6247.11,Delivered,3,,50,5
2019-03-22,1582,2019-04-06,853,Ashanti,East,Standard Delivery,Phones and Tablet,Tablets,Amazon Fire HD 8 Kids Tablet,773.12,29.54,1,802.66,Delivered,2,,64,15
2019-11-22,1583,2019-12-02,89,Upper East,East,Standard Delivery,Health and beauty,Personal Care,Aichun Beauty Essential Oil,1283.69,29.42,3,3880.49,Delivered,1,,68,10
2020-10-23,1584,2020-10-25,218,Oti,North,Standard Delivery,Fashion,Shoes,Nike Air Max,939.03,48.25,5,4743.4,Returned,2,Arrived Late,57,2
2017-10-30,1585,2017-11-08,529,Volta,Central,Standard Delivery,Phones and Tablet,Tablets,iPad Air 4th Gen,814.7,39.21,5,4112.71,Returned,1,Arrived Late,42,9
2017-10-31,1586,2017-11-04,183,Oti,South,Express,Health and beauty,Makeup,Maybelline Foundation,1002.69,7.1,2,2012.48,Delivered,4,,27,4
2018-12-22,1587,2019-01-01,862,Upper East,Central,Express,Health and beauty,Personal Care,Aichun Beauty Essential Oil,1053.73,46.14,2,2153.6,Delivered,4,,32,10
2019-09-05,1588,2019-09-10,254,Volta,East,Standard Delivery,Phones and Tablet,Tablets,Amazon Fire HD 8 Kids Tablet,1496.2,48.93,4,6033.73,Delivered,5,,22,5
2017-01-12,1589,2017-01-24,575,Ashanti,East,Standard Delivery,Phones and Tablet,Tablets,iPad Air 4th Gen,149.23,17.81,5,763.96,Delivered,3,,20,12
2017-01-15,1590,2017-01-22,678,Weija,West,Shipped from Abroad,Electronics,Smartwatches,Apple Watch Series 6,383.26,22.05,1,405.31,Delivered,4,,36,7
2017-07-14,1591,2017-08-03,997,Upper East,Central,Shipped from Abroad,Fashion,Shoes,Adidas Ultraboost,1180.99,41.14,4,4765.1,Delivered,1,,52,20
2015-08-03,1592,2015-08-06,838,Western,Central,Shipped from Abroad,Home and Office,Stationery,Parker Pen,417.52,45.38,1,462.9,Returned,1,Arrived Late,29,3
2016-06-09,1593,2016-06-18,120,Greater Accra,East,Express,Fashion,Clothing,Men's Denim Jacket,295.32,10.91,2,601.55,Delivered,1,,26,9
2019-06-16,1594,2019-06-25,613,Greater Accra,West,Express,Health and beauty,Personal Care,Aichun Beauty Essential Oil,503.53,16.85,2,1023.91,Cancelled,2,Defective,18,9
2020-09-30,1595,2020-10-10,667,Oti,South,Shipped from Abroad,Electronics,Digital Cameras,Nikon D3500,675.07,35.71,3,2060.92,Delivered,3,,33,10
2019-09-12,1596,2019-09-28,932,Upper East,West,Shipped from Abroad,Home and Office,Furniture,8 Cubes Plastic Wardrobe,279.61,13.1,2,572.32,Delivered,4,,34,16
2019-01-16,1597,2019-01-23,713,Weija,North,Shipped from Abroad,Electronics,Smartwatches,Apple Watch Series 6,1014.04,18.08,4,4074.24,Delivered,1,,66,7
2017-02-19,1598,2017-03-05,157,Volta,North,Shipped from Abroad,Health and beauty,Personal Care,Avon Soft Musk Spray,1441.76,28.13,5,7236.93,Delivered,2,,42,14
2015-10-16,1599,2015-10-25,445,Oti,Central,Shipped from Abroad,Electronics,Smartwatches,Samsung Galaxy Watch 3,513.78,6.93,4,2062.05,Delivered,2,,23,9
2017-01-06,1600,2017-01-25,855,Upper East,East,Standard Delivery,Phones and Tablet,Mobile phones,Infinix Smart HD X612,165.4,32.05,3,528.25,Delivered,3,,42,19
2020-04-21,1601,2020-05-05,834,Volta,West,Shipped from Abroad,Home and Office,Furniture,8 Cubes Plastic Wardrobe,998.65,36.93,3,3032.88,Delivered,1,,30,14
2020-10-20,1602,2020-10-29,349,Ashanti,East,Express,Phones and Tablet,Mobile phones,Samsung Galaxy A02,414.32,31.08,2,859.72,Delivered,1,,18,9
2020-03-02,1603,2020-03-11,771,Western,West,Express,Health and beauty,Personal Care,Avon Soft Musk Spray,44.53,25.72,5,248.37,Delivered,3,,30,9
2020-07-26,1604,2020-08-05,854,Upper East,Central,Standard Delivery,Electronics,Smartwatches,Apple Watch Series 6,1350.08,11.6,4,5411.92,Returned,2,Changed Mind,27,10
2018-06-11,1605,2018-06-16,217,Western,East,Shipped from Abroad,Home and Office,Stationery,Moleskine Notebook,113.89,15.76,4,471.32,Delivered,3,,34,5
2019-02-13,1606,2019-03-01,452,Upper East,East,Express,Electronics,Home Theatre,Sony 5.1 Home Theatre,1095.6,21.85,4,4404.25,Returned,2,Defective,60,16
2020-07-14,1607,2020-07-27,369,Oti,North,Standard Delivery,Electronics,Digital Cameras,Canon EOS 600D 18MP CMOS DSLR,1253.4,44.09,2,2550.89,Delivered,2,,48,13
2019-06-05,1608,2019-06-19,547,Greater Accra,Central,Express,Electronics,Smartwatches,Apple Watch Series 6,111.94,23.38,4,471.14,Cancelled,1,Arrived Late,57,14
2019-06-22,1609,2019-07-06,674,Western,East,Shipped from Abroad,Home and Office,Furniture,8 Cubes Plastic Wardrobe,886.31,46.62,3,2705.55,Delivered,5,,58,14
2015-05-16,1610,2015-05-26,355,Ashanti,North,Express,Phones and Tablet,Mobile phones,iPhone 12,46.07,47.8,2,139.94,Returned,1,Defective,63,10
2019-12-06,1611,2019-12-21,863,Western,South,Standard Delivery,Phones and Tablet,Mobile phones,Samsung Galaxy A02,236.66,42.33,3,752.31,Delivered,1,,57,15
2015-04-22,1612,2015-04-27,477,Greater Accra,Central,Standard Delivery,Fashion,Shoes,Adidas Ultraboost,638.28,22.84,4,2575.96,Delivered,3,,70,5
2018-12-03,1613,2018-12-13,946,Volta,North,Express,Fashion,Clothing,100% Cotton 4 Piece T-Shirts,1297.11,16.61,5,6502.16,Returned,1,Arrived Late,42,10
2015-02-20,1614,2015-02-28,629,Weija,South,Shipped from Abroad,Fashion,Accessories,Leather Wallet,278.91,36.59,3,873.32,Delivered,1,,69,8
2020-05-19,1615,2020-06-03,72,Volta,East,Express,Fashion,Clothing,Men's Denim Jacket,882.72,32.13,3,2680.29,Returned,1,Changed Mind,49,15
2020-02-13,1616,2020-02-26,509,Volta,North,Express,Home and Office,Stationery,Moleskine Notebook,310.97,9.7,5,1564.55,Delivered,4,,38,13
2019-07-26,1617,2019-08-10,78,Weija,East,Shipped from Abroad,Health and beauty,Personal Care,Avon Soft Musk Spray,1471.64,24.15,4,5910.71,Returned,1,Defective,35,15
2016-12-30,1618,2017-01-13,407,Volta,East,Standard Delivery,Health and beauty,Personal Care,Avon Soft Musk Spray,1107.9,33.25,5,5572.75,Returned,2,Not as expected,23,14
2016-02-07,1619,2016-02-27,467,Greater Accra,East,Shipped from Abroad,Electronics,Digital Cameras,Canon EOS 600D 18MP CMOS DSLR,487.93,43.81,5,2483.46,Delivered,2,,70,20
2016-08-24,1620,2016-09-11,364,Volta,West,Express,Health and beauty,Personal Care,Aichun Beauty Essential Oil,414.41,22.7,1,437.11,Delivered,2,,54,18
2017-02-03,1621,2017-02-08,902,Volta,North,Shipped from Abroad,Fashion,Clothing,Men's Denim Jacket,952.82,31.03,4,3842.31,Cancelled,1,Not as expected,48,5
2019-05-06,1622,2019-05-14,956,Greater Accra,Central,Express,Health and beauty,Makeup,Maybelline Foundation,1480.62,45.66,3,4487.52,Delivered,4,,28,8
2018-12-05,1623,2018-12-12,110,Weija,West,Shipped from Abroad,Fashion,Accessories,Polarized Sunglasses,962.23,11.81,5,4822.96,Returned,1,Not as expected,45,7
2015-03-24,1624,2015-04-07,203,Western,North,Standard Delivery,Phones and Tablet,Mobile phones,Infinix Smart HD X612,1330.79,9.86,1,1340.65,Delivered,5,,64,14
2016-07-04,1625,2016-07-19,866,Greater Accra,South,Shipped from Abroad,Home and Office,Stationery,Moleskine Notebook,1307.11,28.84,5,6564.39,Returned,2,Changed Mind,50,15
2017-05-17,1626,2017-06-05,611,Weija,East,Express,Phones and Tablet,Mobile phones,iPhone 12,40.12,26.93,4,187.41,Delivered,3,,69,19
2016-11-11,1627,2016-11-28,576,Western,North,Shipped from Abroad,Home and Office,Furniture,8 Cubes Plastic Wardrobe,784.0,20.77,3,2372.77,Returned,1,Defective,59,17
2020-06-14,1628,2020-06-29,963,Volta,West,Standard Delivery,Home and Office,Stationery,Moleskine Notebook,693.73,45.81,1,739.54,Delivered,2,,28,15
2020-04-07,1629,2020-04-23,453,Western,West,Standard Delivery,Electronics,Home Theatre,Sony 5.1 Home Theatre,669.99,5.29,4,2685.25,Delivered,3,,20,16
2016-10-27,1630,2016-11-16,183,Western,South,Standard Delivery,Health and beauty,Makeup,MAC Lipstick,24.05,34.27,3,106.42,Delivered,3,,27,20
2019-12-08,1631,2019-12-24,36,Greater Accra,North,Standard Delivery,Fashion,Shoes,Adidas Ultraboost,1255.37,15.22,5,6292.07,Returned,1,Arrived Late,69,16
2015-05-06,1632,2015-05-15,721,Weija,East,Standard Delivery,Fashion,Clothing,Men's Denim Jacket,613.62,45.44,3,1886.3,Delivered,4,,57,9
2019-08-27,1633,2019-09-05,734,Oti,Central,Shipped from Abroad,Home and Office,Furniture,8 Cubes Plastic Wardrobe,697.67,9.91,5,3498.26,Returned,1,Defective,41,9
2015-10-25,1634,2015-10-27,516,Western,Central,Express,Phones and Tablet,Mobile phones,iPhone 12,635.56,11.36,4,2553.6,Delivered,3,,20,2
2015-07-13,1635,2015-07-21,599,Weija,West,Express,Phones and Tablet,Mobile phones,Infinix Smart HD X612,327.08,33.38,3,1014.62,Delivered,3,,47,8
2020-04-11,1636,2020-04-19,96,Weija,Central,Shipped from Abroad,Phones and Tablet,Mobile phones,iPhone 12,1470.21,29.55,2,2969.97,Delivered,4,,40,8
2017-06-03,1637,2017-06-23,50,Ashanti,East,Standard Delivery,Phones and Tablet,Mobile phones,Infinix Smart HD X612,871.54,24.07,4,3510.23,Delivered,5,,43,20
2015-01-05,1638,2015-01-25,98,Oti,East,Express,Fashion,Shoes,Nike Air Max,1142.43,11.8,4,4581.52,Cancelled,2,Arrived Late,36,20
2017-06-11,1639,2017-06-23,647,Western,South,Shipped from Abroad,Fashion,Shoes,Nike Air Max,1318.61,35.02,4,5309.46,Delivered,2,,19,12
2017-09-13,1640,2017-10-03,348,Greater Accra,East,Standard Delivery,Phones and Tablet,Mobile phones,iPhone 12,680.21,13.82,4,2734.66,Delivered,3,,60,20
2017-05-17,1641,2017-06-06,293,Upper East,East,Standard Delivery,Health and beauty,Personal Care,Aichun Beauty Essential Oil,1017.64,13.24,2,2048.52,Returned,1,Arrived Late,49,20
2015-09-27,1642,2015-09-29,373,Oti,West,Standard Delivery,Electronics,Smartwatches,Apple Watch Series 6,114.23,14.23,1,128.46,Returned,1,Defective,36,2
2015-08-16,1643,2015-09-02,789,Volta,East,Standard Delivery,Home and Office,Furniture,8 Cubes Plastic Wardrobe,1498.13,21.02,2,3017.28,Delivered,4,,21,17
2018-09-22,1644,2018-10-07,93,Weija,South,Shipped from Abroad,Phones and Tablet,Mobile phones,iPhone 12,1114.9,40.19,1,1155.09,Delivered,3,,41,15
2020-03-30,1645,2020-04-08,119,Weija,West,Shipped from Abroad,Fashion,Accessories,Leather Wallet,597.4,27.47,5,3014.47,Delivered,3,,21,9
2019-02-02,1646,2019-02-08,998,Volta,Central,Standard Delivery,Health and beauty,Makeup,Maybelline Foundation,87.08,35.37,3,296.61,Delivered,5,,46,6
2019-08-22,1647,2019-09-05,841,Upper East,East,Shipped from Abroad,Phones and Tablet,Mobile phones,iPhone 12,967.31,26.9,3,2928.83,Delivered,2,,61,14
2017-04-08,1648,2017-04-16,546,Oti,West,Express,Electronics,Digital Cameras,Sony Alpha a6000,294.93,45.84,5,1520.49,Delivered,1,,62,8
2015-08-17,1649,2015-09-02,854,Weija,West,Express,Fashion,Accessories,Polarized Sunglasses,1351.07,32.12,1,1383.19,Delivered,1,,27,16
2020-08-15,1650,2020-09-02,75,Upper East,Central,Express,Home and Office,Furniture,Ergonomic Office Chair,712.69,32.75,3,2170.82,Returned,2,Changed Mind,26,18
2015-12-11,1651,2015-12-25,791,Volta,Central,Shipped from Abroad,Phones and Tablet,Mobile phones,Infinix Smart HD X612,753.34,47.82,1,801.16,Delivered,4,,39,14
2017-08-15,1652,2017-08-18,117,Upper East,Central,Standard Delivery,Home and Office,Furniture,Ergonomic Office Chair,673.96,18.65,4,2714.49,Cancelled,1,Not as expected,26,3
2017-10-22,1653,2017-10-28,367,Oti,South,Standard Delivery,Home and Office,Furniture,8 Cubes Plastic Wardrobe,1350.25,37.77,1,1388.02,Delivered,4,,19,6
2015-06-14,1654,2015-06-24,738,Western,North,Standard Delivery,Electronics,Home Theatre,LG Soundbar,1275.25,12.83,1,1288.08,Delivered,4,,63,10
2015-02-27,1655,2015-03-17,800,Weija,West,Shipped from Abroad,Phones and Tablet,Tablets,iPad Air 4th Gen,1382.21,8.59,2,2773.01,Returned,1,Arrived Late,30,18
2020-08-22,1656,2020-08-24,804,Western,North,Express,Phones and Tablet,Tablets,iPad Air 4th Gen,745.61,23.92,4,3006.36,Cancelled,2,Not as expected,68,2
2016-08-27,1657,2016-09-03,951,Greater Accra,North,Shipped from Abroad,Home and Office,Stationery,Parker Pen,690.21,20.33,1,710.54,Delivered,2,,48,7
2016-05-15,1658,2016-05-27,179,Western,South,Express,Fashion,Clothing,100% Cotton 4 Piece T-Shirts,1164.63,18.71,3,3512.6,Delivered,1,,58,12
2015-01-31,1659,2015-02-18,433,Volta,Central,Shipped from Abroad,Home and Office,Furniture,8 Cubes Plastic Wardrobe,1189.37,26.54,3,3594.65,Delivered,3,,63,18
2018-08-06,1660,2018-08-10,503,Volta,West,Shipped from Abroad,Electronics,Smartwatches,Apple Watch Series 6,382.27,48.25,5,1959.6,Delivered,1,,23,4
2017-02-13,1661,2017-02-19,240,Western,Central,Standard Delivery,Health and beauty,Personal Care,Aichun Beauty Essential Oil,39.81,24.75,1,64.56,Returned,1,Changed Mind,40,6
2017-12-19,1662,2018-01-02,315,Western,West,Shipped from Abroad,Phones and Tablet,Tablets,iPad Air 4th Gen,909.94,33.97,3,2763.79,Cancelled,1,Changed Mind,68,14
2016-10-30,1663,2016-11-10,515,Volta,Central,Standard Delivery,Fashion,Accessories,Polarized Sunglasses,648.32,48.0,2,1344.64,Delivered,2,,66,11
2019-06-08,1664,2019-06-27,944,Ashanti,East,Standard Delivery,Electronics,Digital Cameras,Nikon D3500,59.87,25.16,4,264.64,Delivered,2,,53,19
2015-05-24,1665,2015-06-05,178,Weija,West,Express,Phones and Tablet,Tablets,Amazon Fire HD 8 Kids Tablet,1490.73,35.88,2,3017.34,Delivered,3,,18,12
2018-04-19,1666,2018-04-21,171,Weija,North,Express,Fashion,Accessories,Leather Wallet,1104.9,5.38,1,1110.28,Returned,1,Not as expected,53,2
2019-01-06,1667,2019-01-22,568,Greater Accra,East,Express,Health and beauty,Personal Care,Avon Soft Musk Spray,657.36,40.13,3,2012.21,Delivered,2,,25,16
2019-05-28,1668,2019-06-08,864,Western,South,Express,Home and Office,Furniture,8 Cubes Plastic Wardrobe,650.08,45.0,3,1995.24,Delivered,4,,59,11
2018-08-25,1669,2018-09-06,81,Greater Accra,West,Standard Delivery,Health and beauty,Makeup,MAC Lipstick,1065.72,11.58,3,3208.74,Delivered,1,,40,12
2018-09-08,1670,2018-09-18,149,Weija,Central,Express,Health and beauty,Personal Care,Avon Soft Musk Spray,1153.26,45.2,4,4658.24,Returned,1,Arrived Late,46,10
2020-12-15,1671,2020-12-19,566,Oti,South,Express,Home and Office,Furniture,8 Cubes Plastic Wardrobe,115.04,48.71,5,623.91,Delivered,2,,29,4
2020-08-10,1672,2020-08-21,329,Volta,West,Standard Delivery,Electronics,Home Theatre,Sony 5.1 Home Theatre,1428.97,8.78,3,4295.69,Delivered,3,,33,11
2020-05-09,1673,2020-05-25,201,Oti,South,Shipped from Abroad,Fashion,Accessories,Leather Wallet,640.18,49.01,5,3249.91,Delivered,1,,50,16
2017-12-21,1674,2018-01-05,439,Upper East,West,Standard Delivery,Electronics,Smartwatches,Apple Watch Series 6,1315.46,43.71,2,2674.63,Cancelled,2,Arrived Late,67,15
2020-06-03,1675,2020-06-07,798,Oti,South,Shipped from Abroad,Health and beauty,Makeup,Maybelline Foundation,368.45,28.74,2,765.64,Returned,2,Arrived Late,30,4
2020-06-27,1676,2020-07-03,341,Oti,South,Shipped from Abroad,Health and beauty,Makeup,Maybelline Foundation,116.53,13.99,3,363.58,Returned,1,Not as expected,48,6
2019-04-20,1677,2019-04-23,743,Volta,West,Shipped from Abroad,Fashion,Shoes,Adidas Ultraboost,864.99,10.94,1,875.93,Delivered,4,,29,3
2020-01-20,1678,2020-01-31,992,Upper East,West,Shipped from Abroad,Home and Office,Furniture,Ergonomic Office Chair,927.99,13.99,1,941.98,Cancelled,1,Not as expected,53,11
2018-03-10,1679,2018-03-18,491,Oti,South,Standard Delivery,Home and Office,Stationery,Parker Pen,1449.98,40.42,4,5840.34,Delivered,3,,64,8
2016-06-01,1680,2016-06-12,782,Weija,West,Shipped from Abroad,Phones and Tablet,Mobile phones,Infinix Smart HD X612,277.89,16.9,4,1128.46,Delivered,3,,45,11
2019-06-15,1681,2019-06-19,23,Western,Central,Shipped from Abroad,Phones and Tablet,Mobile phones,Infinix Smart HD X612,946.94,30.09,2,1923.97,Returned,1,Not as expected,23,4
2020-08-09,1682,2020-08-26,766,Western,Central,Standard Delivery,Electronics,Digital Cameras,Sony Alpha a6000,1245.91,47.44,4,5031.08,Returned,1,Defective,23,17
2018-11-10,1683,2018-11-18,977,Western,West,Standard Delivery,Phones and Tablet,Tablets,Amazon Fire HD 8 Kids Tablet,297.25,18.52,3,910.27,Returned,2,Defective,47,8
2019-08-08,1684,2019-08-24,326,Upper East,South,Express,Electronics,Digital Cameras,Sony Alpha a6000,153.55,42.85,2,349.95,Returned,1,Not as expected,21,16
2017-01-10,1685,2017-01-24,75,Volta,South,Shipped from Abroad,Phones and Tablet,Mobile phones,Samsung Galaxy A02,1140.93,33.28,5,5737.93,Returned,2,Arrived Late,26,14
2015-05-23,1686,2015-06-08,924,Upper East,East,Express,Electronics,Digital Cameras,Sony Alpha a6000,447.34,6.57,5,2243.27,Delivered,4,,54,16
2015-06-28,1687,2015-07-12,494,Upper East,North,Shipped from Abroad,Health and beauty,Personal Care,Aichun Beauty Essential Oil,1006.74,19.81,3,3040.03,Delivered,5,,69,14
2018-07-20,1688,2018-07-27,906,Volta,South,Express,Fashion,Shoes,Adidas Ultraboost,637.9,23.89,4,2575.49,Delivered,1,,53,7
2020-09-04,1689,2020-09-20,624,Weija,East,Express,Home and Office,Stationery,Parker Pen,1307.26,17.06,3,3938.84,Delivered,3,,54,16
2016-01-28,1690,2016-02-11,601,Volta,West,Express,Health and beauty,Personal Care,Aichun Beauty Essential Oil,959.34,11.57,1,970.91,Delivered,1,,44,14
2020-06-20,1691,2020-07-07,817,Ashanti,South,Standard Delivery,Phones and Tablet,Mobile phones,Infinix Smart HD X612,1305.74,30.94,4,5253.9,Delivered,5,,40,17
2019-01-29,1692,2019-02-15,140,Western,North,Standard Delivery,Fashion,Clothing,Men's Denim Jacket,1169.3,18.46,4,4695.66,Returned,1,Not as expected,22,17
2015-05-25,1693,2015-06-07,948,Weija,Central,Express,Phones and Tablet,Mobile phones,Samsung Galaxy A02,1104.31,43.24,5,5564.79,Delivered,3,,33,13
2019-07-28,1694,2019-07-30,428,Weija,West,Express,Home and Office,Furniture,Ergonomic Office Chair,940.04,39.58,5,4739.78,Returned,1,Not as expected,26,2
2020-10-24,1695,2020-10-29,597,Upper East,South,Shipped from Abroad,Home and Office,Furniture,Ergonomic Office Chair,661.82,33.5,4,2680.78,Delivered,4,,55,5
2019-09-11,1696,2019-09-27,308,Oti,East,Shipped from Abroad,Electronics,Digital Cameras,Nikon D3500,588.36,6.23,3,1771.31,Delivered,3,,49,16
2017-07-26,1697,2017-08-13,639,Upper East,North,Express,Phones and Tablet,Tablets,Amazon Fire HD 8 Kids Tablet,298.56,26.97,4,1221.21,Delivered,2,,22,18
2015-02-18,1698,2015-02-26,412,Western,East,Shipped from Abroad,Electronics,Smartwatches,Samsung Galaxy Watch 3,606.81,21.35,3,1841.78,Returned,1,Not as expected,62,8
2019-10-18,1699,2019-10-21,856,Weija,North,Express,Home and Office,Furniture,Ergonomic Office Chair,1069.83,24.71,4,4304.03,Returned,1,Not as expected,19,3
2015-09-10,1700,2015-09-17,486,Oti,North,Express,Home and Office,Stationery,Parker Pen,858.91,32.29,4,3467.93,Delivered,5,,39,7
2019-11-19,1701,2019-12-02,688,Weija,North,Standard Delivery,Electronics,Home Theatre,LG Soundbar,1393.11,32.86,1,1425.97,Delivered,2,,46,13
2016-06-28,1702,2016-07-08,898,Greater Accra,East,Express,Fashion,Shoes,Adidas Ultraboost,612.98,33.54,4,2485.46,Delivered,2,,55,10
2016-06-02,1703,2016-06-19,882,Western,South,Standard Delivery,Health and beauty,Personal Care,Aichun Beauty Essential Oil,1439.55,17.11,4,5775.31,Delivered,3,,66,17
2016-12-22,1704,2017-01-09,877,Greater Accra,North,Express,Home and Office,Stationery,Moleskine Notebook,477.2,35.8,5,2421.8,Delivered,2,,51,18
2017-11-18,1705,2017-12-03,211,Western,East,Express,Electronics,Digital Cameras,Canon EOS 600D 18MP CMOS DSLR,219.37,22.69,4,900.17,Returned,2,Not as expected,29,15
2020-12-29,1706,2021-01-04,623,Oti,Central,Shipped from Abroad,Electronics,Home Theatre,Sony 5.1 Home Theatre,1178.64,44.15,2,2401.43,Returned,2,Defective,49,6
2019-12-03,1707,2019-12-07,879,Upper East,East,Standard Delivery,Home and Office,Furniture,8 Cubes Plastic Wardrobe,919.59,39.75,2,1878.93,Cancelled,1,Arrived Late,41,4
2020-07-04,1708,2020-07-13,833,Ashanti,West,Standard Delivery,Electronics,Home Theatre,Sony 5.1 Home Theatre,356.14,20.44,2,732.72,Delivered,3,,24,9
2015-04-28,1709,2015-05-18,178,Weija,East,Standard Delivery,Phones and Tablet,Tablets,Amazon Fire HD 8 Kids Tablet,1005.68,27.62,5,5056.02,Delivered,3,,18,20
2018-05-31,1710,2018-06-16,107,Greater Accra,West,Shipped from Abroad,Home and Office,Stationery,Parker Pen,1118.8,35.45,1,1154.25,Delivered,3,,55,16
2018-07-24,1711,2018-08-03,760,Ashanti,North,Shipped from Abroad,Electronics,Digital Cameras,Sony Alpha a6000,521.65,17.69,2,1060.99,Delivered,4,,58,10
2018-09-14,1712,2018-09-22,939,Western,West,Standard Delivery,Phones and Tablet,Tablets,iPad Air 4th Gen,1284.96,37.93,5,6462.73,Delivered,5,,22,8
2017-11-14,1713,2017-12-02,628,Oti,Central,Express,Phones and Tablet,Tablets,Amazon Fire HD 8 Kids Tablet,1095.2,16.69,2,2207.09,Delivered,3,,34,18
2015-06-17,1714,2015-06-23,278,Ashanti,West,Express,Phones and Tablet,Mobile phones,iPhone 12,738.51,48.27,4,3002.31,Cancelled,2,Changed Mind,64,6
2017-01-14,1715,2017-01-30,482,Weija,West,Express,Phones and Tablet,Mobile phones,iPhone 12,1065.58,26.45,2,2157.61,Returned,1,Not as expected,39,16
2017-12-09,1716,2017-12-24,461,Volta,North,Standard Delivery,Electronics,Smartwatches,Samsung Galaxy Watch 3,1426.87,47.29,2,2901.03,Cancelled,1,Defective,56,15
2017-11-09,1717,2017-11-26,126,Volta,West,Standard Delivery,Health and beauty,Personal Care,Avon Soft Musk Spray,1402.06,39.56,1,1441.62,Cancelled,2,Defective,55,17
2017-04-21,1718,2017-05-02,778,Greater Accra,West,Shipped from Abroad,Health and beauty,Makeup,Maybelline Foundation,890.58,27.23,5,4480.13,Delivered,1,,25,11
2017-09-10,1719,2017-09-30,343,Volta,North,Standard Delivery,Phones and Tablet,Mobile phones,Infinix Smart HD X612,696.24,47.66,3,2136.38,Delivered,1,,38,20
2019-11-25,1720,2019-11-28,693,Weija,West,Shipped from Abroad,Health and beauty,Makeup,Maybelline Foundation,1071.5,32.58,4,4318.58,Delivered,1,,29,3
2018-09-30,1721,2018-10-10,942,Weija,North,Standard Delivery,Phones and Tablet,Mobile phones,iPhone 12,1135.44,13.26,3,3419.58,Delivered,2,,26,10
2019-05-18,1722,2019-05-24,925,Western,West,Express,Fashion,Accessories,Leather Wallet,729.27,5.17,1,734.44,Delivered,4,,70,6
2017-07-02,1723,2017-07-12,382,Greater Accra,North,Standard Delivery,Home and Office,Furniture,Ergonomic Office Chair,924.97,17.96,1,942.93,Returned,1,Defective,37,10
2016-01-20,1724,2016-01-25,984,Oti,East,Standard Delivery,Fashion,Accessories,Polarized Sunglasses,961.52,40.56,4,3886.64,Returned,2,Defective,24,5
2020-12-04,1725,2020-12-21,996,Ashanti,Central,Shipped from Abroad,Fashion,Clothing,100% Cotton 4 Piece T-Shirts,1304.81,35.65,1,1340.46,Returned,2,Changed Mind,30,17
2019-07-12,1726,2019-07-23,678,Greater Accra,Central,Standard Delivery,Electronics,Home Theatre,Sony 5.1 Home Theatre,418.56,28.57,3,1284.25,Returned,1,Changed Mind,36,11
2018-03-04,1727,2018-03-21,402,Volta,Central,Shipped from Abroad,Phones and Tablet,Tablets,Amazon Fire HD 8 Kids Tablet,1275.94,33.93,1,1309.87,Delivered,2,,29,17
2016-03-29,1728,2016-04-01,41,Weija,South,Shipped from Abroad,Health and beauty,Personal Care,Aichun Beauty Essential Oil,1414.8,15.28,1,1430.08,Returned,1,Changed Mind,28,3
2019-04-12,1729,2019-04-18,209,Ashanti,South,Shipped from Abroad,Health and beauty,Makeup,Maybelline Foundation,19.07,45.36,1,64.43,Delivered,4,,68,6
2016-08-12,1730,2016-08-16,775,Weija,Central,Standard Delivery,Electronics,Home Theatre,Sony 5.1 Home Theatre,332.13,5.99,3,1002.38,Delivered,4,,36,4
2017-11-19,1731,2017-11-25,885,Upper East,North,Standard Delivery,Electronics,Digital Cameras,Nikon D3500,1404.84,29.23,1,1434.07,Delivered,3,,40,6
2019-05-14,1732,2019-05-27,363,Volta,North,Standard Delivery,Fashion,Shoes,Adidas Ultraboost,100.01,48.51,5,548.56,Delivered,3,,53,13
2016-05-16,1733,2016-05-21,525,Weija,North,Standard Delivery,Electronics,Home Theatre,Sony 5.1 Home Theatre,1383.91,28.64,1,1412.55,Delivered,1,,69,5
2016-11-25,1734,2016-12-04,941,Volta,Central,Standard Delivery,Home and Office,Furniture,Ergonomic Office Chair,378.99,46.3,3,1183.27,Delivered,4,,65,9
2019-10-26,1735,2019-11-06,950,Western,West,Express,Electronics,Digital Cameras,Nikon D3500,1115.38,30.18,3,3376.32,Delivered,1,,41,11
2015-09-14,1736,2015-09-18,586,Upper East,West,Shipped from Abroad,Home and Office,Stationery,Moleskine Notebook,495.13,27.84,5,2503.49,Delivered,3,,45,4
2018-08-07,1737,2018-08-10,430,Greater Accra,Central,Shipped from Abroad,Home and Office,Stationery,Moleskine Notebook,1245.16,46.54,1,1291.7,Returned,1,Defective,53,3
2018-05-04,1738,2018-05-21,307,Western,West,Shipped from Abroad,Health and beauty,Personal Care,Aichun Beauty Essential Oil,763.19,11.36,1,774.55,Cancelled,1,Not as expected,50,17
2015-07-06,1739,2015-07-12,292,Greater Accra,North,Standard Delivery,Health and beauty,Makeup,MAC Lipstick,1404.1,30.28,1,1434.38,Delivered,3,,28,6
2020-12-03,1740,2020-12-05,873,Oti,South,Standard Delivery,Home and Office,Stationery,Parker Pen,342.74,9.87,3,1038.09,Delivered,1,,33,2
2018-04-18,1741,2018-04-26,173,Volta,West,Express,Phones and Tablet,Mobile phones,Infinix Smart HD X612,1128.03,30.42,5,5670.57,Delivered,2,,47,8
2018-06-15,1742,2018-06-27,324,Volta,Central,Express,Fashion,Shoes,Adidas Ultraboost,760.64,35.32,4,3077.88,Returned,1,Changed Mind,34,12
2020-12-04,1743,2020-12-19,255,Weija,Central,Express,Home and Office,Stationery,Moleskine Notebook,811.21,35.14,3,2468.77,Delivered,3,,24,15
2019-02-21,1744,2019-03-02,382,Upper East,North,Express,Fashion,Clothing,100% Cotton 4 Piece T-Shirts,856.1,29.33,5,4309.83,Delivered,1,,37,9
2017-07-14,1745,2017-07-19,341,Western,East,Express,Fashion,Shoes,Nike Air Max,1000.66,11.42,3,3013.4,Returned,2,Not as expected,48,5
2016-02-03,1746,2016-02-10,920,Volta,South,Express,Home and Office,Furniture,8 Cubes Plastic Wardrobe,487.61,47.66,3,1510.49,Returned,2,Changed Mind,50,7
2016-06-06,1747,2016-06-14,135,Ashanti,South,Standard Delivery,Phones and Tablet,Tablets,iPad Air 4th Gen,166.54,42.0,1,208.54,Delivered,4,,41,8
2015-08-13,1748,2015-08-18,14,Volta,South,Standard Delivery,Health and beauty,Makeup,Maybelline Foundation,447.77,6.34,1,454.11,Returned,2,Defective,22,5
2020-07-09,1749,2020-07-19,841,Upper East,West,Express,Phones and Tablet,Tablets,iPad Air 4th Gen,507.15,27.96,1,535.11,Delivered,2,,61,10
2015-09-07,1750,2015-09-10,345,Volta,North,Shipped from Abroad,Electronics,Smartwatches,Samsung Galaxy Watch 3,103.07,18.38,4,430.66,Returned,2,Arrived Late,19,3
2019-01-31,1751,2019-02-13,258,Volta,East,Shipped from Abroad,Electronics,Smartwatches,Samsung Galaxy Watch 3,1039.12,43.97,4,4200.45,Delivered,2,,42,13
2015-10-05,1752,2015-10-16,204,Upper East,North,Shipped from Abroad,Health and beauty,Personal Care,Aichun Beauty Essential Oil,344.27,45.45,5,1766.8,Returned,2,Changed Mind,35,11
2017-11-18,1753,2017-11-29,725,Western,South,Standard Delivery,Phones and Tablet,Tablets,iPad Air 4th Gen,573.45,31.33,5,2898.58,Delivered,3,,32,11
2020-01-13,1754,2020-01-15,821,Upper East,Central,Standard Delivery,Electronics,Home Theatre,LG Soundbar,22.45,5.97,3,73.32,Returned,2,Defective,63,2
2017-08-31,1755,2017-09-13,26,Volta,East,Standard Delivery,Home and Office,Furniture,Ergonomic Office Chair,31.23,24.67,3,118.36,Delivered,4,,60,13
2015-05-04,1756,2015-05-21,554,Oti,East,Express,Health and beauty,Makeup,Maybelline Foundation,199.47,47.27,4,845.15,Delivered,5,,62,17
2020-12-30,1757,2021-01-14,858,Oti,East,Standard Delivery,Electronics,Digital Cameras,Nikon D3500,123.16,24.18,4,516.82,Delivered,3,,45,15
2016-10-18,1758,2016-10-21,235,Weija,East,Shipped from Abroad,Fashion,Shoes,Adidas Ultraboost,407.07,9.6,4,1637.88,Delivered,1,,40,3
2017-03-19,1759,2017-03-25,647,Weija,West,Express,Electronics,Home Theatre,LG Soundbar,424.2,38.69,2,887.09,Delivered,4,,19,6
2020-03-30,1760,2020-04-04,702,Volta,West,Standard Delivery,Fashion,Accessories,Leather Wallet,548.45,28.37,3,1673.72,Returned,2,Defective,69,5
2016-06-13,1761,2016-06-18,283,Western,East,Express,Phones and Tablet,Mobile phones,iPhone 12,662.16,27.59,3,2014.07,Delivered,2,,61,5
2020-07-29,1762,2020-08-10,827,Upper East,East,Express,Health and beauty,Makeup,Maybelline Foundation,539.08,33.57,3,1650.81,Delivered,3,,41,12
2016-09-25,1763,2016-10-01,198,Ashanti,North,Standard Delivery,Phones and Tablet,Mobile phones,Infinix Smart HD X612,411.43,48.56,1,459.99,Delivered,1,,42,6
2015-02-28,1764,2015-03-06,206,Western,West,Express,Phones and Tablet,Mobile phones,Infinix Smart HD X612,387.72,28.5,5,1967.1,Delivered,5,,69,6
2020-05-21,1765,2020-06-02,240,Weija,East,Standard Delivery,Home and Office,Furniture,8 Cubes Plastic Wardrobe,1097.08,43.88,4,4432.2,Delivered,2,,40,12
2015-01-14,1766,2015-01-22,927,Western,South,Shipped from Abroad,Phones and Tablet,Tablets,Amazon Fire HD 8 Kids Tablet,1405.56,47.67,1,1453.23,Delivered,2,,23,8
2019-08-09,1767,2019-08-20,447,Weija,South,Standard Delivery,Fashion,Accessories,Polarized Sunglasses,905.19,10.49,2,1820.87,Delivered,2,,57,11
2017-03-12,1768,2017-03-25,272,Weija,North,Express,Phones and Tablet,Tablets,Amazon Fire HD 8 Kids Tablet,1263.15,22.58,2,2548.88,Returned,1,Arrived Late,19,13
2016-09-13,1769,2016-09-27,121,Oti,Central,Shipped from Abroad,Electronics,Home Theatre,LG Soundbar,159.42,35.17,1,194.59,Cancelled,2,Defective,49,14
2018-04-20,1770,2018-05-06,918,Greater Accra,East,Standard Delivery,Fashion,Accessories,Leather Wallet,223.81,19.33,4,914.57,Delivered,1,,25,16
2017-02-23,1771,2017-02-28,274,Upper East,East,Express,Fashion,Shoes,Nike Air Max,631.24,22.62,5,3178.82,Returned,2,Not as expected,27,5
2016-05-23,1772,2016-06-09,119,Greater Accra,East,Standard Delivery,Home and Office,Furniture,Ergonomic Office Chair,424.52,28.0,3,1301.56,Delivered,3,,21,17
2015-09-26,1773,2015-10-10,593,Ashanti,East,Shipped from Abroad,Fashion,Accessories,Leather Wallet,807.34,25.8,1,833.14,Returned,1,Defective,28,14
2020-01-14,1774,2020-01-24,645,Upper East,East,Express,Electronics,Home Theatre,Sony 5.1 Home Theatre,219.13,38.59,3,695.98,Delivered,3,,51,10
2020-11-21,1775,2020-12-08,434,Greater Accra,West,Standard Delivery,Health and beauty,Personal Care,Aichun Beauty Essential Oil,683.98,39.9,5,3459.8,Delivered,3,,65,17
2016-05-16,1776,2016-06-04,916,Upper East,North,Express,Home and Office,Stationery,Moleskine Notebook,1477.31,23.03,5,7409.58,Delivered,3,,46,19
2016-05-11,1777,2016-05-29,364,Ashanti,West,Express,Electronics,Digital Cameras,Sony Alpha a6000,885.83,38.38,3,2695.87,Delivered,2,,54,18
2016-12-13,1778,2016-12-19,263,Ashanti,North,Shipped from Abroad,Home and Office,Furniture,8 Cubes Plastic Wardrobe,1469.21,34.25,3,4441.88,Delivered,2,,66,6
2018-05-13,1779,2018-05-28,428,Upper East,South,Shipped from Abroad,Home and Office,Stationery,Parker Pen,1435.16,24.74,4,5765.38,Delivered,4,,26,15
2017-11-14,1780,2017-12-04,249,Volta,East,Shipped from Abroad,Fashion,Clothing,Men's Denim Jacket,314.72,5.59,4,1264.47,Returned,1,Changed Mind,57,20
2016-05-01,1781,2016-05-07,199,Greater Accra,West,Standard Delivery,Home and Office,Stationery,Moleskine Notebook,1146.69,21.29,2,2314.67,Delivered,3,,24,6
2018-01-06,1782,2018-01-13,47,Weija,Central,Express,Phones and Tablet,Mobile phones,Samsung Galaxy A02,991.03,25.85,4,3989.97,Delivered,4,,40,7
2019-09-06,1783,2019-09-09,20,Oti,East,Standard Delivery,Health and beauty,Personal Care,Aichun Beauty Essential Oil,910.06,37.52,3,2767.7,Returned,1,Defective,38,3
2016-09-18,1784,2016-09-28,491,Ashanti,West,Shipped from Abroad,Electronics,Smartwatches,Apple Watch Series 6,567.71,26.2,5,2864.75,Delivered,3,,64,10
2017-06-03,1785,2017-06-11,884,Weija,Central,Shipped from Abroad,Home and Office,Stationery,Parker Pen,996.96,26.98,1,1023.94,Delivered,3,,66,8
2017-08-20,1786,2017-08-22,310,Oti,Central,Express,Home and Office,Furniture,Ergonomic Office Chair,1062.91,29.35,3,3218.08,Delivered,1,,45,2
2017-06-04,1787,2017-06-08,413,Greater Accra,North,Standard Delivery,Phones and Tablet,Tablets,iPad Air 4th Gen,485.33,34.72,1,520.05,Delivered,2,,38,4
2020-10-07,1788,2020-10-26,838,Ashanti,North,Shipped from Abroad,Home and Office,Stationery,Parker Pen,476.08,18.86,1,494.94,Returned,1,Arrived Late,29,19
2016-05-21,1789,2016-06-05,321,Western,South,Standard Delivery,Home and Office,Furniture,Ergonomic Office Chair,505.42,49.35,3,1565.61,Delivered,1,,22,15
2019-07-06,1790,2019-07-15,669,Oti,West,Shipped from Abroad,Electronics,Home Theatre,LG Soundbar,380.9,11.18,3,1153.88,Delivered,4,,34,9
2016-02-09,1791,2016-02-24,491,Weija,East,Shipped from Abroad,Phones and Tablet,Mobile phones,Infinix Smart HD X612,48.27,31.99,1,80.26,Delivered,1,,64,15
2018-07-13,1792,2018-07-27,709,Oti,West,Shipped from Abroad,Electronics,Home Theatre,Sony 5.1 Home Theatre,1187.74,19.92,1,1207.66,Cancelled,2,Changed Mind,24,14
2016-05-05,1793,2016-05-21,879,Greater Accra,Central,Standard Delivery,Health and beauty,Personal Care,Aichun Beauty Essential Oil,419.01,10.65,3,1267.68,Delivered,1,,41,16
2020-07-08,1794,2020-07-11,723,Western,West,Express,Home and Office,Furniture,8 Cubes Plastic Wardrobe,1082.68,45.88,4,4376.6,Delivered,5,,28,3
2015-06-21,1795,2015-07-08,502,Upper East,South,Express,Health and beauty,Personal Care,Aichun Beauty Essential Oil,1118.13,40.45,2,2276.71,Delivered,2,,60,17
2020-06-04,1796,2020-06-20,504,Greater Accra,Central,Express,Phones and Tablet,Tablets,iPad Air 4th Gen,1219.35,15.37,2,2454.07,Delivered,1,,43,16
2019-05-06,1797,2019-05-10,491,Weija,Central,Express,Electronics,Smartwatches,Samsung Galaxy Watch 3,1295.31,45.63,2,2636.25,Delivered,3,,64,4
2017-10-19,1798,2017-11-08,312,Volta,South,Shipped from Abroad,Phones and Tablet,Tablets,iPad Air 4th Gen,842.74,32.49,2,1717.97,Returned,1,Changed Mind,54,20
2020-05-16,1799,2020-06-04,510,Ashanti,Central,Shipped from Abroad,Fashion,Accessories,Polarized Sunglasses,1254.95,22.21,2,2532.11,Delivered,3,,49,19
2018-01-28,1800,2018-02-14,240,Oti,East,Express,Fashion,Accessories,Polarized Sunglasses,1042.84,39.86,2,2125.54,Delivered,4,,40,17
2020-03-12,1801,2020-03-30,1000,Weija,West,Standard Delivery,Home and Office,Furniture,Ergonomic Office Chair,1223.88,30.59,5,6149.99,Delivered,2,,65,18
2018-09-06,1802,2018-09-26,667,Greater Accra,North,Express,Health and beauty,Personal Care,Aichun Beauty Essential Oil,133.17,19.25,2,285.59,Delivered,3,,33,20
2020-07-27,1803,2020-07-30,94,Oti,Central,Standard Delivery,Fashion,Accessories,Polarized Sunglasses,1073.68,5.13,3,3226.17,Returned,2,Defective,50,3
2020-11-14,1804,2020-11-24,585,Greater Accra,West,Express,Fashion,Accessories,Polarized Sunglasses,1001.4,43.79,5,5050.79,Delivered,3,,36,10
2015-02-12,1805,2015-02-25,900,Ashanti,North,Standard Delivery,Fashion,Accessories,Polarized Sunglasses,818.35,34.0,3,2489.05,Returned,2,Changed Mind,46,13
2017-08-11,1806,2017-08-31,731,Oti,North,Shipped from Abroad,Fashion,Clothing,100% Cotton 4 Piece T-Shirts,820.96,11.46,4,3295.3,Delivered,4,,50,20
2018-04-14,1807,2018-04-22,48,Ashanti,North,Standard Delivery,Home and Office,Furniture,8 Cubes Plastic Wardrobe,755.9,46.26,3,2313.96,Delivered,4,,44,8
2017-06-22,1808,2017-07-09,375,Greater Accra,West,Shipped from Abroad,Home and Office,Furniture,8 Cubes Plastic Wardrobe,477.02,14.77,3,1445.83,Returned,1,Changed Mind,33,17
2015-07-07,1809,2015-07-19,386,Ashanti,East,Shipped from Abroad,Home and Office,Furniture,Ergonomic Office Chair,117.44,30.65,3,382.97,Delivered,4,,40,12
2018-07-20,1810,2018-08-02,131,Weija,Central,Standard Delivery,Fashion,Accessories,Polarized Sunglasses,1388.01,19.86,4,5571.9,Delivered,3,,62,13
2015-11-25,1811,2015-12-02,713,Volta,Central,Express,Health and beauty,Makeup,MAC Lipstick,575.76,28.64,5,2907.44,Cancelled,2,Not as expected,66,7
2016-09-06,1812,2016-09-10,677,Western,West,Standard Delivery,Home and Office,Stationery,Parker Pen,364.23,16.56,5,1837.71,Delivered,4,,45,4
2019-10-17,1813,2019-10-30,233,Upper East,East,Shipped from Abroad,Health and beauty,Makeup,MAC Lipstick,568.07,35.7,2,1171.84,Delivered,3,,65,13
2018-09-16,1814,2018-09-20,451,Oti,West,Shipped from Abroad,Electronics,Digital Cameras,Nikon D3500,248.87,41.14,3,787.75,Delivered,1,,43,4
2015-06-15,1815,2015-07-05,722,Oti,West,Express,Home and Office,Furniture,8 Cubes Plastic Wardrobe,691.02,44.03,2,1426.07,Delivered,3,,38,20
2017-08-01,1816,2017-08-04,336,Greater Accra,South,Shipped from Abroad,Electronics,Home Theatre,Sony 5.1 Home Theatre,585.42,7.61,4,2349.29,Returned,2,Arrived Late,21,3
2016-05-25,1817,2016-05-30,444,Volta,West,Shipped from Abroad,Fashion,Clothing,100% Cotton 4 Piece T-Shirts,50.16,37.58,4,238.22,Returned,2,Changed Mind,65,5
2016-09-10,1818,2016-09-13,732,Western,East,Shipped from Abroad,Health and beauty,Personal Care,Aichun Beauty Essential Oil,691.85,39.08,4,2806.48,Returned,1,Changed Mind,69,3
2020-05-25,1819,2020-06-10,336,Oti,West,Express,Home and Office,Furniture,8 Cubes Plastic Wardrobe,617.45,26.76,3,1879.11,Returned,1,Arrived Late,21,16
2017-04-16,1820,2017-04-22,789,Ashanti,South,Standard Delivery,Electronics,Smartwatches,Apple Watch Series 6,463.38,9.79,2,936.55,Delivered,3,,21,6
2016-09-10,1821,2016-09-17,919,Greater Accra,East,Shipped from Abroad,Electronics,Home Theatre,Sony 5.1 Home Theatre,153.63,44.26,4,658.78,Delivered,3,,59,7
2018-11-02,1822,2018-11-22,933,Western,Central,Standard Delivery,Home and Office,Stationery,Moleskine Notebook,593.35,39.49,1,632.84,Delivered,3,,37,20
2016-04-04,1823,2016-04-14,581,Greater Accra,North,Shipped from Abroad,Phones and Tablet,Mobile phones,iPhone 12,864.54,25.1,4,3483.26,Delivered,3,,70,10
2020-09-09,1824,2020-09-20,887,Oti,Central,Standard Delivery,Home and Office,Furniture,8 Cubes Plastic Wardrobe,340.19,39.23,1,379.42,Returned,1,Defective,35,11
2015-12-04,1825,2015-12-22,826,Western,North,Express,Health and beauty,Makeup,MAC Lipstick,1055.46,14.96,2,2125.88,Delivered,3,,31,18
2016-01-21,1826,2016-02-06,452,Oti,Central,Shipped from Abroad,Phones and Tablet,Mobile phones,Samsung Galaxy A02,1182.33,19.49,4,4748.81,Cancelled,1,Changed Mind,60,16
2017-09-30,1827,2017-10-08,702,Upper East,North,Standard Delivery,Fashion,Shoes,Adidas Ultraboost,1191.26,30.06,2,2412.58,Delivered,3,,69,8
2017-05-26,1828,2017-05-30,461,Oti,Central,Express,Fashion,Accessories,Polarized Sunglasses,266.33,42.13,5,1373.78,Delivered,3,,56,4
2016-06-24,1829,2016-06-26,408,Western,West,Standard Delivery,Fashion,Clothing,100% Cotton 4 Piece T-Shirts,1445.89,44.84,3,4382.51,Delivered,2,,49,2
2020-09-22,1830,2020-10-06,436,Western,West,Shipped from Abroad,Health and beauty,Makeup,MAC Lipstick,562.39,31.43,2,1156.21,Delivered,3,,66,14
2019-10-11,1831,2019-10-15,318,Western,North,Standard Delivery,Home and Office,Furniture,8 Cubes Plastic Wardrobe,599.11,5.71,3,1803.04,Delivered,1,,25,4
2015-07-19,1832,2015-07-26,632,Weija,South,Shipped from Abroad,Health and beauty,Makeup,Maybelline Foundation,1385.26,22.04,4,5563.08,Delivered,3,,34,7
2018-04-20,1833,2018-04-27,428,Greater Accra,South,Shipped from Abroad,Home and Office,Furniture,8 Cubes Plastic Wardrobe,964.87,10.22,3,2904.83,Delivered,1,,26,7
2019-05-08,1834,2019-05-16,626,Ashanti,Central,Shipped from Abroad,Health and beauty,Personal Care,Avon Soft Musk Spray,731.76,29.84,2,1493.36,Delivered,3,,39,8
2017-11-15,1835,2017-11-22,667,Upper East,South,Standard Delivery,Electronics,Digital Cameras,Sony Alpha a6000,1378.08,39.9,1,1417.98,Delivered,3,,33,7
2019-02-04,1836,2019-02-13,289,Ashanti,Central,Express,Health and beauty,Personal Care,Avon Soft Musk Spray,1375.9,12.7,3,4140.4,Delivered,1,,40,9
2019-10-24,1837,2019-11-07,739,Weija,West,Standard Delivery,Phones and Tablet,Mobile phones,Samsung Galaxy A02,769.52,24.19,5,3871.79,Delivered,4,,55,14
2015-07-13,1838,2015-07-20,344,Upper East,West,Standard Delivery,Electronics,Digital Cameras,Nikon D3500,1117.7,15.21,2,2250.61,Returned,1,Not as expected,21,7
2018-12-03,1839,2018-12-09,546,Upper East,South,Standard Delivery,Phones and Tablet,Mobile phones,Infinix Smart HD X612,1014.71,9.33,3,3053.46,Delivered,3,,62,6
2016-04-27,1840,2016-05-13,608,Upper East,Central,Standard Delivery,Health and beauty,Personal Care,Avon Soft Musk Spray,1497.77,31.45,5,7520.3,Delivered,5,,49,16
2015-08-29,1841,2015-09-03,960,Upper East,Central,Express,Health and beauty,Personal Care,Aichun Beauty Essential Oil,351.77,41.16,5,1800.01,Delivered,2,,49,5
2020-03-13,1842,2020-03-16,954,Weija,East,Standard Delivery,Health and beauty,Makeup,Maybelline Foundation,15.11,36.97,5,112.52,Delivered,5,,66,3
2018-11-08,1843,2018-11-10,293,Greater Accra,West,Shipped from Abroad,Electronics,Digital Cameras,Canon EOS 600D 18MP CMOS DSLR,825.46,5.11,4,3306.95,Delivered,1,,49,2
2019-03-22,1844,2019-04-06,156,Oti,North,Standard Delivery,Electronics,Smartwatches,Apple Watch Series 6,272.27,37.94,4,1127.02,Delivered,2,,67,15
2019-08-05,1845,2019-08-17,322,Upper East,West,Shipped from Abroad,Phones and Tablet,Tablets,iPad Air 4th Gen,268.98,36.82,1,305.8,Returned,2,Not as expected,69,12
2020-09-26,1846,2020-10-08,886,Volta,West,Shipped from Abroad,Health and beauty,Personal Care,Avon Soft Musk Spray,569.23,43.41,4,2320.33,Returned,1,Defective,55,12
2015-07-12,1847,2015-07-31,990,Ashanti,Central,Shipped from Abroad,Health and beauty,Personal Care,Avon Soft Musk Spray,938.79,43.94,3,2860.31,Delivered,1,,22,19
2016-01-21,1848,2016-01-31,402,Volta,North,Shipped from Abroad,Home and Office,Furniture,Ergonomic Office Chair,1427.74,14.65,5,7153.35,Delivered,4,,29,10
2016-05-16,1849,2016-05-23,373,Western,North,Standard Delivery,Electronics,Smartwatches,Apple Watch Series 6,682.2,21.06,5,3432.06,Delivered,1,,36,7
2015-11-04,1850,2015-11-09,645,Weija,Central,Express,Phones and Tablet,Tablets,iPad Air 4th Gen,281.56,9.47,4,1135.71,Returned,1,Not as expected,51,5
2019-02-06,1851,2019-02-13,719,Oti,West,Express,Phones and Tablet,Mobile phones,iPhone 12,668.35,22.39,3,2027.44,Returned,1,Not as expected,46,7
2016-01-20,1852,2016-02-09,463,Volta,North,Shipped from Abroad,Home and Office,Furniture,Ergonomic Office Chair,1438.24,35.13,3,4349.85,Returned,1,Not as expected,55,20
2015-04-15,1853,2015-05-02,482,Volta,Central,Express,Home and Office,Furniture,Ergonomic Office Chair,910.88,30.57,3,2763.21,Delivered,3,,39,17
2020-12-01,1854,2020-12-17,656,Oti,North,Standard Delivery,Electronics,Home Theatre,LG Soundbar,497.25,43.88,1,541.13,Returned,1,Defective,50,16
2019-02-06,1855,2019-02-23,601,Volta,East,Express,Fashion,Accessories,Polarized Sunglasses,722.72,34.03,1,756.75,Delivered,4,,44,17
2018-05-05,1856,2018-05-25,739,Western,North,Express,Phones and Tablet,Mobile phones,Infinix Smart HD X612,722.33,11.04,4,2900.36,Delivered,4,,55,20
2020-03-26,1857,2020-04-09,245,Ashanti,East,Express,Electronics,Home Theatre,LG Soundbar,548.24,18.78,3,1663.5,Delivered,2,,22,14
2015-06-28,1858,2015-07-01,496,Greater Accra,Central,Shipped from Abroad,Home and Office,Stationery,Parker Pen,389.15,11.18,4,1567.78,Delivered,4,,44,3
2020-07-04,1859,2020-07-13,313,Oti,South,Express,Phones and Tablet,Tablets,iPad Air 4th Gen,1459.69,48.15,3,4427.22,Delivered,1,,61,9
2020-02-21,1860,2020-02-24,860,Ashanti,West,Shipped from Abroad,Health and beauty,Personal Care,Avon Soft Musk Spray,242.23,24.34,2,508.8,Delivered,3,,26,3
2016-08-07,1861,2016-08-26,783,Western,Central,Express,Home and Office,Furniture,Ergonomic Office Chair,707.21,5.13,1,712.34,Returned,2,Arrived Late,59,19
2018-04-30,1862,2018-05-11,731,Weija,East,Shipped from Abroad,Home and Office,Stationery,Moleskine Notebook,130.67,40.5,3,432.51,Delivered,4,,50,11
2018-05-07,1863,2018-05-17,598,Western,East,Shipped from Abroad,Electronics,Smartwatches,Apple Watch Series 6,1423.4,26.24,3,4296.44,Returned,2,Changed Mind,66,10
2020-04-27,1864,2020-05-13,573,Volta,North,Shipped from Abroad,Phones and Tablet,Tablets,Amazon Fire HD 8 Kids Tablet,1344.86,47.22,2,2736.94,Returned,2,Changed Mind,44,16
2018-10-28,1865,2018-11-10,568,Volta,East,Shipped from Abroad,Phones and Tablet,Mobile phones,iPhone 12,1378.87,27.43,2,2785.17,Delivered,5,,25,13
2017-07-07,1866,2017-07-18,962,Western,West,Standard Delivery,Fashion,Accessories,Leather Wallet,1053.58,10.79,1,1064.37,Delivered,4,,66,11
2015-04-17,1867,2015-04-20,791,Upper East,South,Express,Fashion,Clothing,100% Cotton 4 Piece T-Shirts,851.44,38.72,1,890.16,Delivered,3,,39,3
2018-07-08,1868,2018-07-16,293,Oti,East,Standard Delivery,Fashion,Shoes,Nike Air Max,844.71,39.72,4,3418.56,Delivered,3,,49,8
2015-07-08,1869,2015-07-21,632,Upper East,East,Standard Delivery,Fashion,Accessories,Polarized Sunglasses,567.47,49.79,3,1752.2,Cancelled,2,Arrived Late,34,13
2017-08-22,1870,2017-08-27,626,Weija,Central,Express,Home and Office,Furniture,8 Cubes Plastic Wardrobe,52.96,22.92,4,234.76,Delivered,3,,39,5
2017-08-09,1871,2017-08-12,261,Greater Accra,South,Standard Delivery,Health and beauty,Personal Care,Aichun Beauty Essential Oil,173.73,23.07,4,717.99,Returned,2,Arrived Late,51,3
2019-05-31,1872,2019-06-19,964,Greater Accra,North,Shipped from Abroad,Health and beauty,Personal Care,Aichun Beauty Essential Oil,1203.23,21.24,1,1224.47,Returned,2,Changed Mind,50,19
2016-01-17,1873,2016-01-25,974,Weija,North,Shipped from Abroad,Phones and Tablet,Tablets,iPad Air 4th Gen,342.59,8.25,1,350.84,Delivered,1,,39,8
2017-11-24,1874,2017-12-05,334,Western,West,Shipped from Abroad,Health and beauty,Makeup,MAC Lipstick,966.69,5.97,4,3872.73,Delivered,2,,23,11
2020-02-15,1875,2020-03-04,17,Western,West,Express,Fashion,Accessories,Leather Wallet,186.39,49.13,2,421.91,Delivered,5,,51,18
2019-03-11,1876,2019-03-16,424,Ashanti,South,Shipped from Abroad,Phones and Tablet,Mobile phones,Infinix Smart HD X612,983.73,18.64,2,1986.1,Delivered,1,,31,5
2017-06-10,1877,2017-06-13,246,Weija,West,Shipped from Abroad,Home and Office,Furniture,Ergonomic Office Chair,164.09,19.06,1,183.15,Delivered,4,,68,3
2019-05-17,1878,2019-05-21,627,Oti,North,Shipped from Abroad,Phones and Tablet,Tablets,Amazon Fire HD 8 Kids Tablet,1480.13,47.76,3,4488.15,Delivered,4,,54,4
2017-05-06,1879,2017-05-11,122,Upper East,North,Shipped from Abroad,Electronics,Home Theatre,Sony 5.1 Home Theatre,1364.99,18.15,2,2748.13,Delivered,3,,23,5
2020-03-03,1880,2020-03-12,369,Greater Accra,East,Shipped from Abroad,Health and beauty,Personal Care,Aichun Beauty Essential Oil,1009.94,8.09,4,4047.85,Delivered,2,,48,9
2020-05-22,1881,2020-05-24,314,Ashanti,West,Shipped from Abroad,Electronics,Smartwatches,Samsung Galaxy Watch 3,1398.36,13.41,3,4208.49,Delivered,3,,48,2
2018-12-15,1882,2018-12-29,808,Volta,East,Express,Health and beauty,Makeup,Maybelline Foundation,1307.4,47.19,5,6584.19,Delivered,5,,51,14
2017-11-29,1883,2017-12-06,641,Volta,North,Express,Fashion,Clothing,100% Cotton 4 Piece T-Shirts,1468.95,33.8,5,7378.55,Delivered,1,,41,7
2016-12-08,1884,2016-12-26,896,Volta,East,Standard Delivery,Electronics,Smartwatches,Apple Watch Series 6,1492.3,26.69,3,4503.59,Delivered,3,,64,18
2018-09-27,1885,2018-10-12,513,Ashanti,North,Standard Delivery,Phones and Tablet,Tablets,iPad Air 4th Gen,985.98,39.46,4,3983.38,Delivered,1,,52,15
2019-06-20,1886,2019-07-07,682,Ashanti,East,Standard Delivery,Electronics,Digital Cameras,Sony Alpha a6000,82.62,30.01,3,277.87,Delivered,3,,49,17
2015-01-25,1887,2015-02-08,905,Weija,West,Express,Electronics,Smartwatches,Samsung Galaxy Watch 3,1041.93,37.29,2,2121.15,Delivered,5,,24,14
2015-09-25,1888,2015-10-08,163,Volta,West,Standard Delivery,Home and Office,Furniture,8 Cubes Plastic Wardrobe,1030.18,40.21,1,1070.39,Delivered,1,,44,13
2016-06-09,1889,2016-06-13,189,Ashanti,South,Standard Delivery,Home and Office,Stationery,Parker Pen,500.39,6.63,3,1507.8,Delivered,1,,43,4
2017-08-16,1890,2017-08-22,356,Western,Central,Express,Health and beauty,Personal Care,Avon Soft Musk Spray,56.15,27.36,3,195.81,Delivered,2,,53,6
2020-02-06,1891,2020-02-23,41,Greater Accra,Central,Standard Delivery,Home and Office,Furniture,Ergonomic Office Chair,431.7,49.72,4,1776.52,Delivered,1,,28,17
2015-03-18,1892,2015-03-20,178,Volta,South,Express,Phones and Tablet,Mobile phones,Samsung Galaxy A02,1016.62,26.01,1,1042.63,Delivered,1,,18,2
2020-07-08,1893,2020-07-18,231,Oti,East,Express,Home and Office,Stationery,Moleskine Notebook,961.4,9.98,2,1932.78,Delivered,1,,43,10
2020-12-21,1894,2020-12-25,132,Western,Central,Express,Health and beauty,Makeup,Maybelline Foundation,239.66,31.19,5,1229.49,Returned,1,Defective,21,4
2016-08-29,1895,2016-08-31,144,Oti,East,Shipped from Abroad,Health and beauty,Makeup,MAC Lipstick,133.89,41.81,1,175.7,Delivered,3,,65,2
2019-02-20,1896,2019-03-12,316,Upper East,West,Shipped from Abroad,Phones and Tablet,Tablets,Amazon Fire HD 8 Kids Tablet,226.64,31.2,5,1164.4,Delivered,1,,38,20
2018-07-16,1897,2018-07-24,611,Western,South,Standard Delivery,Phones and Tablet,Mobile phones,iPhone 12,347.88,44.74,4,1436.26,Delivered,4,,69,8
2015-07-28,1898,2015-08-10,378,Oti,South,Express,Health and beauty,Makeup,Maybelline Foundation,192.35,29.26,1,221.61,Returned,2,Not as expected,44,13
2020-05-02,1899,2020-05-14,507,Volta,South,Express,Electronics,Home Theatre,LG Soundbar,314.51,44.83,4,1302.87,Delivered,3,,70,12
2020-03-08,1900,2020-03-10,398,Ashanti,North,Express,Home and Office,Stationery,Parker Pen,1198.23,21.78,4,4814.7,Delivered,3,,50,2
2016-06-02,1901,2016-06-10,457,Western,North,Shipped from Abroad,Fashion,Shoes,Nike Air Max,343.87,43.4,5,1762.75,Returned,2,Defective,48,8
2015-02-25,1902,2015-03-16,439,Upper East,North,Shipped from Abroad,Phones and Tablet,Tablets,Amazon Fire HD 8 Kids Tablet,1179.92,28.93,1,1208.85,Delivered,3,,67,19
2016-01-11,1903,2016-01-22,276,Ashanti,East,Standard Delivery,Electronics,Smartwatches,Samsung Galaxy Watch 3,1255.91,48.01,4,5071.65,Delivered,5,,35,11
2020-12-04,1904,2020-12-20,703,Oti,West,Express,Phones and Tablet,Mobile phones,iPhone 12,319.07,26.41,2,664.55,Delivered,1,,37,16
2020-08-18,1905,2020-08-26,429,Upper East,Central,Express,Home and Office,Furniture,Ergonomic Office Chair,1495.33,17.88,4,5999.2,Delivered,1,,55,8
2019-02-14,1906,2019-02-18,815,Western,North,Shipped from Abroad,Phones and Tablet,Mobile phones,Samsung Galaxy A02,933.83,33.52,5,4702.67,Delivered,4,,50,4
2020-12-29,1907,2021-01-09,100,Greater Accra,West,Standard Delivery,Electronics,Smartwatches,Samsung Galaxy Watch 3,1431.51,39.97,3,4334.5,Returned,2,Defective,67,11
2016-10-24,1908,2016-11-11,41,Oti,North,Shipped from Abroad,Electronics,Home Theatre,Sony 5.1 Home Theatre,55.95,6.11,3,173.96,Delivered,3,,28,18
2019-08-18,1909,2019-09-05,241,Ashanti,South,Express,Electronics,Home Theatre,Sony 5.1 Home Theatre,1155.95,5.36,3,3473.21,Returned,1,Changed Mind,35,18
2019-09-18,1910,2019-09-25,899,Oti,West,Standard Delivery,Phones and Tablet,Tablets,iPad Air 4th Gen,154.6,29.22,2,338.42,Cancelled,1,Arrived Late,39,7
2017-09-18,1911,2017-10-08,75,Oti,North,Standard Delivery,Phones and Tablet,Mobile phones,Infinix Smart HD X612,715.87,13.99,3,2161.6,Delivered,2,,26,20
2015-10-26,1912,2015-11-10,357,Greater Accra,West,Express,Home and Office,Stationery,Moleskine Notebook,594.35,33.46,2,1222.16,Returned,1,Arrived Late,45,15
2015-04-16,1913,2015-05-06,544,Western,Central,Express,Health and beauty,Personal Care,Aichun Beauty Essential Oil,294.68,37.99,1,332.67,Delivered,1,,36,20
2015-06-27,1914,2015-07-17,45,Oti,Central,Standard Delivery,Fashion,Shoes,Nike Air Max,1160.08,6.66,4,4646.98,Delivered,1,,46,20
2015-05-31,1915,2015-06-02,705,Ashanti,Central,Express,Health and beauty,Makeup,MAC Lipstick,328.9,5.36,2,663.16,Returned,2,Arrived Late,39,2
2019-07-07,1916,2019-07-16,740,Oti,West,Standard Delivery,Health and beauty,Makeup,Maybelline Foundation,676.93,28.49,1,705.42,Returned,1,Not as expected,25,9
2017-05-04,1917,2017-05-21,585,Weija,East,Shipped from Abroad,Home and Office,Furniture,8 Cubes Plastic Wardrobe,788.58,17.78,5,3960.68,Delivered,1,,36,17
2017-12-20,1918,2018-01-03,208,Weija,North,Express,Phones and Tablet,Mobile phones,Samsung Galaxy A02,1428.47,29.24,5,7171.59,Delivered,3,,35,14
2018-12-01,1919,2018-12-11,792,Weija,South,Standard Delivery,Fashion,Shoes,Adidas Ultraboost,672.94,36.81,2,1382.69,Delivered,2,,45,10
2017-01-09,1920,2017-01-11,978,Upper East,South,Express,Health and beauty,Makeup,MAC Lipstick,63.72,47.68,4,302.56,Delivered,4,,29,2
2020-05-05,1921,2020-05-20,779,Volta,Central,Shipped from Abroad,Electronics,Digital Cameras,Canon EOS 600D 18MP CMOS DSLR,805.98,6.33,3,2424.27,Delivered,2,,33,15
2020-10-24,1922,2020-11-03,11,Weija,West,Shipped from Abroad,Health and beauty,Personal Care,Avon Soft Musk Spray,1163.68,9.98,1,1173.66,Delivered,4,,37,10
2020-11-30,1923,2020-12-12,962,Western,West,Shipped from Abroad,Fashion,Clothing,Men's Denim Jacket,934.41,38.22,2,1907.04,Delivered,3,,66,12
2017-11-22,1924,2017-12-11,163,Greater Accra,Central,Express,Fashion,Accessories,Leather Wallet,310.31,32.42,5,1583.97,Delivered,4,,44,19
2019-05-10,1925,2019-05-15,652,Western,East,Express,Fashion,Clothing,Men's Denim Jacket,232.19,39.45,2,503.83,Delivered,2,,65,5
2016-12-27,1926,2017-01-14,870,Greater Accra,North,Shipped from Abroad,Health and beauty,Makeup,MAC Lipstick,369.49,11.44,3,1119.91,Delivered,1,,49,18
2017-07-07,1927,2017-07-10,424,Oti,North,Standard Delivery,Health and beauty,Personal Care,Avon Soft Musk Spray,1100.88,27.79,1,1128.67,Delivered,3,,31,3
2020-03-10,1928,2020-03-12,798,Ashanti,Central,Express,Fashion,Shoes,Adidas Ultraboost,1286.13,39.13,1,1325.26,Delivered,2,,30,2
2015-07-12,1929,2015-07-15,712,Volta,East,Shipped from Abroad,Home and Office,Furniture,Ergonomic Office Chair,1257.55,34.37,5,6322.12,Delivered,1,,33,3
2015-05-31,1930,2015-06-02,733,Upper East,North,Shipped from Abroad,Phones and Tablet,Tablets,iPad Air 4th Gen,58.38,47.47,2,164.23,Delivered,4,,48,2
2019-07-17,1931,2019-07-26,375,Western,West,Express,Phones and Tablet,Tablets,iPad Air 4th Gen,697.09,49.35,3,2140.62,Delivered,1,,33,9
2015-10-27,1932,2015-11-01,361,Greater Accra,North,Shipped from Abroad,Home and Office,Stationery,Moleskine Notebook,229.86,43.69,2,503.41,Returned,2,Changed Mind,65,5
2017-11-26,1933,2017-11-30,574,Volta,North,Express,Home and Office,Furniture,8 Cubes Plastic Wardrobe,851.47,44.38,3,2598.79,Delivered,1,,62,4
2015-10-30,1934,2015-11-07,301,Oti,South,Standard Delivery,Home and Office,Furniture,8 Cubes Plastic Wardrobe,1377.83,17.71,1,1395.54,Delivered,4,,28,8
2016-01-17,1935,2016-01-26,779,Weija,East,Express,Fashion,Shoes,Adidas Ultraboost,355.88,45.78,3,1113.42,Delivered,3,,33,9
2016-07-29,1936,2016-08-16,351,Upper East,Central,Shipped from Abroad,Electronics,Digital Cameras,Canon EOS 600D 18MP CMOS DSLR,529.24,13.79,4,2130.75,Delivered,5,,66,18
2016-10-07,1937,2016-10-17,347,Greater Accra,South,Shipped from Abroad,Home and Office,Stationery,Parker Pen,931.93,7.19,2,1871.05,Returned,2,Changed Mind,62,10
2018-01-30,1938,2018-02-19,40,Ashanti,South,Express,Health and beauty,Makeup,Maybelline Foundation,608.2,19.36,3,1843.96,Delivered,3,,28,20
2017-11-14,1939,2017-11-19,71,Weija,East,Express,Home and Office,Furniture,8 Cubes Plastic Wardrobe,68.35,37.91,5,379.66,Returned,2,Changed Mind,69,5
2015-06-26,1940,2015-07-03,869,Volta,Central,Shipped from Abroad,Home and Office,Furniture,Ergonomic Office Chair,892.42,48.08,4,3617.76,Delivered,4,,57,7
2018-03-27,1941,2018-04-09,295,Volta,East,Shipped from Abroad,Electronics,Smartwatches,Apple Watch Series 6,811.79,49.62,1,861.41,Delivered,3,,21,13
2017-03-16,1942,2017-04-03,568,Ashanti,North,Shipped from Abroad,Phones and Tablet,Tablets,iPad Air 4th Gen,46.79,42.82,4,229.98,Delivered,4,,25,18
2016-07-11,1943,2016-07-18,448,Weija,South,Express,Home and Office,Stationery,Moleskine Notebook,1429.73,39.13,3,4328.32,Returned,2,Not as expected,46,7
2015-05-29,1944,2015-06-12,112,Oti,Central,Shipped from Abroad,Home and Office,Stationery,Moleskine Notebook,1084.25,41.26,2,2209.76,Delivered,5,,60,14
2015-01-21,1945,2015-02-02,367,Greater Accra,West,Shipped from Abroad,Fashion,Shoes,Adidas Ultraboost,323.48,23.27,4,1317.19,Delivered,1,,19,12
2019-06-04,1946,2019-06-08,347,Ashanti,West,Express,Electronics,Smartwatches,Samsung Galaxy Watch 3,1163.35,43.74,5,5860.49,Delivered,5,,62,4
2017-09-29,1947,2017-10-01,345,Western,South,Standard Delivery,Phones and Tablet,Mobile phones,iPhone 12,692.97,9.54,4,2781.42,Returned,1,Not as expected,19,2
2020-06-15,1948,2020-06-24,473,Western,North,Shipped from Abroad,Fashion,Clothing,100% Cotton 4 Piece T-Shirts,939.98,30.08,3,2850.02,Returned,1,Not as expected,42,9
2020-09-07,1949,2020-09-09,652,Weija,South,Shipped from Abroad,Phones and Tablet,Tablets,Amazon Fire HD 8 Kids Tablet,934.18,13.41,1,947.59,Delivered,4,,65,2
2020-08-01,1950,2020-08-05,983,Greater Accra,West,Express,Fashion,Clothing,Men's Denim Jacket,753.71,42.21,3,2303.34,Returned,1,Arrived Late,46,4
2015-03-15,1951,2015-03-27,67,Ashanti,East,Shipped from Abroad,Health and beauty,Makeup,Maybelline Foundation,1453.54,33.79,3,4394.41,Delivered,5,,30,12
2015-11-02,1952,2015-11-16,916,Volta,Central,Shipped from Abroad,Home and Office,Stationery,Parker Pen,1213.3,5.17,2,2431.77,Returned,1,Not as expected,46,14
2019-05-04,1953,2019-05-18,542,Oti,North,Express,Home and Office,Furniture,Ergonomic Office Chair,295.94,45.77,5,1525.47,Cancelled,2,Arrived Late,39,14
2020-08-06,1954,2020-08-22,690,Weija,West,Shipped from Abroad,Phones and Tablet,Mobile phones,Infinix Smart HD X612,276.21,6.9,2,559.32,Delivered,3,,22,16
2015-01-05,1955,2015-01-22,272,Greater Accra,North,Standard Delivery,Health and beauty,Makeup,MAC Lipstick,388.92,32.87,4,1588.55,Returned,2,Changed Mind,19,17
2015-04-15,1956,2015-05-02,580,Upper East,South,Standard Delivery,Phones and Tablet,Mobile phones,Samsung Galaxy A02,1054.77,8.57,1,1063.34,Returned,2,Arrived Late,33,17
2016-09-09,1957,2016-09-14,525,Upper East,Central,Standard Delivery,Electronics,Digital Cameras,Nikon D3500,346.8,22.24,5,1756.24,Delivered,4,,69,5
2016-07-12,1958,2016-07-26,535,Western,West,Shipped from Abroad,Phones and Tablet,Mobile phones,iPhone 12,66.02,33.35,3,231.41,Delivered,4,,26,14
2018-08-02,1959,2018-08-11,610,Volta,West,Shipped from Abroad,Electronics,Smartwatches,Samsung Galaxy Watch 3,470.99,32.61,1,503.6,Delivered,1,,32,9
2017-08-25,1960,2017-08-28,736,Western,East,Shipped from Abroad,Electronics,Digital Cameras,Canon EOS 600D 18MP CMOS DSLR,135.82,38.64,4,581.92,Returned,2,Changed Mind,33,3
2015-05-27,1961,2015-06-15,606,Weija,Central,Express,Health and beauty,Personal Care,Avon Soft Musk Spray,1492.25,26.31,3,4503.06,Returned,1,Defective,39,19
2018-05-09,1962,2018-05-19,938,Upper East,Central,Shipped from Abroad,Phones and Tablet,Mobile phones,iPhone 12,673.93,26.67,3,2048.46,Cancelled,1,Arrived Late,24,10
2017-03-30,1963,2017-04-04,179,Upper East,West,Shipped from Abroad,Phones and Tablet,Mobile phones,Samsung Galaxy A02,164.25,23.67,5,844.92,Delivered,5,,58,5
2018-03-22,1964,2018-03-27,397,Greater Accra,South,Express,Fashion,Clothing,100% Cotton 4 Piece T-Shirts,415.45,14.09,2,844.99,Delivered,2,,29,5
2016-08-10,1965,2016-08-12,409,Oti,North,Shipped from Abroad,Health and beauty,Makeup,Maybelline Foundation,110.61,18.18,2,239.4,Delivered,1,,52,2
2017-03-31,1966,2017-04-19,236,Volta,East,Express,Fashion,Shoes,Adidas Ultraboost,436.91,8.24,1,445.15,Delivered,1,,32,19
2018-08-23,1967,2018-09-11,666,Upper East,North,Shipped from Abroad,Home and Office,Stationery,Parker Pen,1025.88,24.93,2,2076.69,Delivered,2,,19,19
2020-10-13,1968,2020-10-31,132,Western,South,Express,Electronics,Home Theatre,LG Soundbar,299.88,13.35,5,1512.75,Delivered,3,,21,18
2018-08-18,1969,2018-08-27,772,Oti,Central,Shipped from Abroad,Phones and Tablet,Tablets,iPad Air 4th Gen,581.05,37.41,5,2942.66,Delivered,3,,66,9
2019-03-17,1970,2019-03-21,658,Oti,West,Express,Home and Office,Stationery,Moleskine Notebook,49.58,40.25,5,288.15,Returned,2,Changed Mind,27,4
2020-01-01,1971,2020-01-17,179,Weija,South,Express,Phones and Tablet,Mobile phones,Infinix Smart HD X612,791.84,34.82,1,826.66,Delivered,1,,58,16
2015-05-21,1972,2015-06-09,388,Volta,Central,Express,Health and beauty,Personal Care,Aichun Beauty Essential Oil,371.34,46.96,5,1903.66,Returned,1,Not as expected,18,19
2020-12-28,1973,2020-12-30,40,Ashanti,East,Standard Delivery,Electronics,Digital Cameras,Canon EOS 600D 18MP CMOS DSLR,618.73,9.86,1,628.59,Returned,1,Defective,28,2
2018-11-07,1974,2018-11-25,667,Western,North,Standard Delivery,Home and Office,Stationery,Parker Pen,880.36,28.8,1,909.16,Delivered,3,,33,18
2015-03-24,1975,2015-03-28,620,Volta,East,Express,Health and beauty,Makeup,MAC Lipstick,1424.74,15.2,2,2864.68,Delivered,2,,28,4
2016-04-03,1976,2016-04-13,209,Weija,South,Standard Delivery,Phones and Tablet,Tablets,Amazon Fire HD 8 Kids Tablet,1352.84,47.54,1,1400.38,Delivered,3,,68,10
2019-10-09,1977,2019-10-28,764,Oti,West,Express,Fashion,Shoes,Adidas Ultraboost,883.26,23.23,5,4439.53,Returned,1,Defective,65,19
2020-07-18,1978,2020-07-21,302,Greater Accra,West,Shipped from Abroad,Health and beauty,Makeup,MAC Lipstick,898.41,13.8,2,1810.62,Delivered,4,,27,3
2018-06-30,1979,2018-07-04,967,Volta,East,Standard Delivery,Electronics,Smartwatches,Apple Watch Series 6,1165.25,34.09,3,3529.84,Delivered,3,,38,4
2017-01-28,1980,2017-01-31,166,Volta,South,Standard Delivery,Fashion,Clothing,100% Cotton 4 Piece T-Shirts,1171.54,23.77,1,1195.31,Delivered,1,,36,3
2017-04-12,1981,2017-04-28,547,Upper East,North,Express,Electronics,Home Theatre,LG Soundbar,457.2,48.95,4,1877.75,Delivered,3,,57,16
2018-09-30,1982,2018-10-15,6,Ashanti,East,Express,Phones and Tablet,Tablets,Amazon Fire HD 8 Kids Tablet,779.63,23.55,5,3921.7,Delivered,3,,51,15
2015-10-29,1983,2015-10-31,512,Oti,West,Express,Health and beauty,Personal Care,Aichun Beauty Essential Oil,1043.79,43.58,1,1087.37,Delivered,5,,23,2
2019-07-16,1984,2019-07-20,161,Oti,South,Shipped from Abroad,Phones and Tablet,Tablets,Amazon Fire HD 8 Kids Tablet,312.07,49.0,4,1297.28,Delivered,3,,55,4
2020-05-20,1985,2020-05-22,280,Greater Accra,Central,Standard Delivery,Health and beauty,Makeup,Maybelline Foundation,369.87,41.98,4,1521.46,Delivered,3,,49,2
2018-07-01,1986,2018-07-08,896,Weija,Central,Shipped from Abroad,Fashion,Clothing,100% Cotton 4 Piece T-Shirts,566.35,40.09,4,2305.49,Delivered,1,,64,7
2017-01-10,1987,2017-01-29,193,Ashanti,Central,Express,Electronics,Home Theatre,Sony 5.1 Home Theatre,659.22,31.95,2,1350.39,Returned,1,Changed Mind,54,19
2020-08-09,1988,2020-08-13,95,Volta,West,Standard Delivery,Phones and Tablet,Mobile phones,Infinix Smart HD X612,1181.75,12.88,2,2376.38,Cancelled,1,Changed Mind,25,4
2016-09-13,1989,2016-09-21,801,Ashanti,East,Standard Delivery,Fashion,Shoes,Nike Air Max,653.97,7.66,4,2623.54,Returned,1,Arrived Late,63,8
2020-07-16,1990,2020-08-03,465,Ashanti,West,Express,Fashion,Clothing,100% Cotton 4 Piece T-Shirts,1446.37,19.36,2,2912.1,Delivered,3,,26,18
2015-12-25,1991,2016-01-07,624,Greater Accra,West,Standard Delivery,Phones and Tablet,Tablets,Amazon Fire HD 8 Kids Tablet,642.32,29.15,3,1956.11,Delivered,4,,54,13
2019-10-15,1992,2019-10-24,742,Upper East,North,Standard Delivery,Electronics,Digital Cameras,Canon EOS 600D 18MP CMOS DSLR,1232.34,24.39,5,6186.09,Delivered,4,,55,9
2019-12-09,1993,2019-12-24,79,Volta,South,Shipped from Abroad,Health and beauty,Personal Care,Aichun Beauty Essential Oil,89.85,49.18,3,318.73,Delivered,4,,50,15
2019-03-10,1994,2019-03-13,653,Greater Accra,East,Standard Delivery,Fashion,Clothing,Men's Denim Jacket,1061.07,41.64,5,5346.99,Returned,1,Changed Mind,28,3
2015-03-21,1995,2015-03-30,111,Upper East,North,Express,Home and Office,Stationery,Parker Pen,992.17,7.66,4,3976.34,Returned,1,Changed Mind,52,9
2020-08-03,1996,2020-08-15,884,Western,East,Shipped from Abroad,Home and Office,Stationery,Parker Pen,1229.36,17.4,2,2476.12,Delivered,3,,66,12
2016-05-05,1997,2016-05-07,511,Western,West,Standard Delivery,Phones and Tablet,Mobile phones,Infinix Smart HD X612,208.96,19.16,3,646.04,Returned,1,Changed Mind,46,2
2015-07-19,1998,2015-08-02,181,Western,South,Shipped from Abroad,Health and beauty,Makeup,MAC Lipstick,225.19,39.16,3,714.73,Delivered,3,,63,14
2016-01-24,1999,2016-02-03,318,Upper East,West,Shipped from Abroad,Electronics,Smartwatches,Samsung Galaxy Watch 3,302.12,27.52,1,329.64,Delivered,1,,25,10
2015-10-21,2000,2015-10-24,766,Upper East,West,Shipped from Abroad,Health and beauty,Makeup,MAC Lipstick,244.73,16.72,5,1240.37,Returned,1,Defective,23,3
2019-05-31,2001,2019-06-11,537,Ashanti,Central,Standard Delivery,Health and beauty,Personal Care,Aichun Beauty Essential Oil,659.83,21.41,5,3320.56,Returned,1,Arrived Late,40,11
2015-02-18,2002,2015-03-01,332,Greater Accra,East,Express,Health and beauty,Personal Care,Avon Soft Musk Spray,1270.52,7.9,1,1278.42,Delivered,3,,36,11
2016-04-08,2003,2016-04-10,402,Greater Accra,South,Express,Home and Office,Furniture,8 Cubes Plastic Wardrobe,594.62,40.91,5,3014.01,Returned,2,Not as expected,29,2
2018-12-15,2004,2018-12-31,252,Greater Accra,West,Express,Health and beauty,Makeup,Maybelline Foundation,75.39,11.5,5,388.45,Cancelled,1,Defective,67,16
2019-07-17,2005,2019-07-28,37,Upper East,East,Standard Delivery,Phones and Tablet,Tablets,iPad Air 4th Gen,27.57,24.85,1,52.42,Delivered,4,,70,11
2019-07-28,2006,2019-08-10,160,Greater Accra,Central,Express,Health and beauty,Makeup,MAC Lipstick,567.73,11.74,3,1714.93,Delivered,3,,47,13
2018-03-05,2007,2018-03-12,625,Weija,South,Shipped from Abroad,Health and beauty,Personal Care,Avon Soft Musk Spray,132.9,38.98,5,703.48,Returned,1,Changed Mind,28,7
2020-07-12,2008,2020-08-01,213,Upper East,Central,Standard Delivery,Fashion,Clothing,100% Cotton 4 Piece T-Shirts,582.22,28.64,5,2939.74,Delivered,3,,23,20
2019-01-05,2009,2019-01-22,775,Weija,North,Express,Phones and Tablet,Tablets,iPad Air 4th Gen,1023.68,42.78,1,1066.46,Delivered,4,,36,17
2020-12-29,2010,2021-01-08,169,Upper East,West,Express,Phones and Tablet,Mobile phones,Samsung Galaxy A02,305.64,6.52,5,1534.72,Delivered,3,,63,10
2019-02-07,2011,2019-02-24,710,Oti,West,Express,Fashion,Shoes,Adidas Ultraboost,144.89,6.75,2,296.53,Delivered,3,,56,17
2020-05-17,2012,2020-05-28,949,Western,Central,Shipped from Abroad,Fashion,Accessories,Polarized Sunglasses,192.92,40.64,3,619.4,Delivered,4,,33,11
2016-02-04,2013,2016-02-19,604,Volta,Central,Shipped from Abroad,Home and Office,Stationery,Moleskine Notebook,1040.44,44.44,5,5246.64,Delivered,2,,45,15
2019-05-12,2014,2019-05-25,36,Oti,South,Standard Delivery,Phones and Tablet,Tablets,iPad Air 4th Gen,670.33,30.39,3,2041.38,Delivered,4,,69,13
2020-02-14,2015,2020-02-24,664,Oti,South,Shipped from Abroad,Home and Office,Furniture,8 Cubes Plastic Wardrobe,297.91,21.6,4,1213.24,Returned,2,Not as expected,29,10
2020-07-16,2016,2020-07-18,319,Volta,North,Express,Electronics,Digital Cameras,Canon EOS 600D 18MP CMOS DSLR,1144.14,5.26,5,5725.96,Returned,1,Not as expected,22,2
2019-07-02,2017,2019-07-06,499,Oti,West,Express,Fashion,Shoes,Adidas Ultraboost,273.48,16.49,2,563.45,Delivered,4,,22,4
2015-10-25,2018,2015-10-31,958,Upper East,East,Standard Delivery,Electronics,Digital Cameras,Nikon D3500,14.6,15.25,5,88.25,Delivered,1,,45,6
2018-12-03,2019,2018-12-08,685,Upper East,North,Standard Delivery,Fashion,Shoes,Nike Air Max,450.95,14.34,3,1367.19,Delivered,1,,60,5
2019-11-21,2020,2019-12-02,685,Western,Central,Express,Fashion,Clothing,100% Cotton 4 Piece T-Shirts,437.89,34.74,3,1348.41,Delivered,5,,60,11
2019-07-12,2021,2019-07-15,134,Greater Accra,North,Express,Fashion,Shoes,Nike Air Max,267.73,33.3,4,1104.22,Cancelled,2,Arrived Late,52,3
2019-06-09,2022,2019-06-13,500,Ashanti,West,Express,Health and beauty,Personal Care,Aichun Beauty Essential Oil,1361.29,42.83,4,5487.99,Returned,2,Arrived Late,49,4
2015-06-24,2023,2015-07-06,243,Greater Accra,East,Shipped from Abroad,Electronics,Smartwatches,Samsung Galaxy Watch 3,245.09,31.06,5,1256.51,Returned,1,Arrived Late,61,12
2019-11-21,2024,2019-12-09,130,Upper East,East,Express,Fashion,Shoes,Nike Air Max,281.0,17.97,3,860.97,Returned,1,Defective,53,18
2020-02-29,2025,2020-03-06,659,Ashanti,East,Express,Fashion,Shoes,Adidas Ultraboost,1035.03,30.64,2,2100.7,Delivered,4,,67,6
2019-11-21,2026,2019-11-23,146,Volta,East,Standard Delivery,Health and beauty,Makeup,MAC Lipstick,462.02,36.58,2,960.62,Cancelled,2,Not as expected,46,2
2018-05-06,2027,2018-05-09,275,Greater Accra,West,Standard Delivery,Electronics,Home Theatre,Sony 5.1 Home Theatre,126.72,14.26,4,521.14,Delivered,2,,19,3
2015-08-04,2028,2015-08-14,243,Western,North,Express,Home and Office,Furniture,8 Cubes Plastic Wardrobe,1241.5,49.26,2,2532.26,Delivered,1,,61,10
2020-10-14,2029,2020-10-24,376,Western,South,Express,Home and Office,Furniture,Ergonomic Office Chair,1049.53,18.77,2,2117.83,Delivered,2,,52,10
2018-09-11,2030,2018-09-30,485,Greater Accra,Central,Shipped from Abroad,Health and beauty,Makeup,MAC Lipstick,797.15,17.44,5,4003.19,Returned,1,Defective,30,19
2019-11-21,2031,2019-12-08,106,Weija,South,Standard Delivery,Phones and Tablet,Mobile phones,Infinix Smart HD X612,1120.1,16.93,4,4497.33,Delivered,2,,27,17
2020-01-12,2032,2020-01-15,386,Oti,East,Shipped from Abroad,Fashion,Clothing,100% Cotton 4 Piece T-Shirts,72.37,26.04,1,98.41,Delivered,5,,40,3
2016-11-22,2033,2016-12-03,262,Western,East,Shipped from Abroad,Electronics,Home Theatre,Sony 5.1 Home Theatre,715.25,6.01,5,3582.26,Delivered,2,,53,11
2020-12-16,2034,2020-12-29,172,Oti,West,Shipped from Abroad,Electronics,Smartwatches,Apple Watch Series 6,257.79,28.97,1,286.76,Delivered,2,,46,13
2019-01-08,2035,2019-01-12,249,Volta,South,Shipped from Abroad,Phones and Tablet,Tablets,Amazon Fire HD 8 Kids Tablet,813.09,25.6,2,1651.78,Delivered,1,,57,4
2019-05-07,2036,2019-05-15,752,Western,West,Standard Delivery,Home and Office,Furniture,Ergonomic Office Chair,174.28,26.8,3,549.64,Returned,2,Not as expected,50,8
2018-01-01,2037,2018-01-17,489,Oti,North,Standard Delivery,Phones and Tablet,Tablets,Amazon Fire HD 8 Kids Tablet,305.27,18.53,2,629.07,Cancelled,2,Arrived Late,48,16
2018-09-07,2038,2018-09-24,40,Upper East,West,Express,Electronics,Smartwatches,Samsung Galaxy Watch 3,315.18,29.29,5,1605.19,Delivered,1,,28,17
2017-04-02,2039,2017-04-04,367,Volta,East,Shipped from Abroad,Health and beauty,Personal Care,Avon Soft Musk Spray,115.86,26.49,5,605.79,Delivered,1,,19,2
2020-03-21,2040,2020-03-26,287,Weija,East,Express,Health and beauty,Personal Care,Avon Soft Musk Spray,639.4,47.81,1,687.21,Returned,2,Not as expected,28,5
2020-01-05,2041,2020-01-13,568,Weija,South,Standard Delivery,Phones and Tablet,Tablets,Amazon Fire HD 8 Kids Tablet,171.71,26.55,1,198.26,Returned,1,Arrived Late,25,8
2018-07-11,2042,2018-07-21,116,Greater Accra,North,Shipped from Abroad,Electronics,Smartwatches,Apple Watch Series 6,1073.19,5.75,5,5371.7,Delivered,3,,56,10
2020-06-19,2043,2020-06-25,936,Western,Central,Standard Delivery,Fashion,Shoes,Nike Air Max,1409.48,35.63,4,5673.55,Delivered,4,,28,6
2020-07-18,2044,2020-08-05,317,Oti,Central,Shipped from Abroad,Electronics,Digital Cameras,Canon EOS 600D 18MP CMOS DSLR,969.05,31.71,2,1969.81,Delivered,3,,26,18
2018-01-21,2045,2018-01-29,124,Oti,East,Shipped from Abroad,Electronics,Home Theatre,Sony 5.1 Home Theatre,668.22,36.99,5,3378.09,Delivered,1,,68,8
2020-08-19,2046,2020-09-01,302,Upper East,Central,Shipped from Abroad,Home and Office,Furniture,Ergonomic Office Chair,824.37,5.3,4,3302.78,Delivered,4,,27,13
2015-03-08,2047,2015-03-22,485,Ashanti,Central,Express,Health and beauty,Personal Care,Avon Soft Musk Spray,474.86,22.52,4,1921.96,Delivered,5,,30,14
2016-07-13,2048,2016-07-22,315,Ashanti,South,Express,Health and beauty,Makeup,Maybelline Foundation,426.17,22.48,3,1300.99,Delivered,4,,68,9
2020-04-03,2049,2020-04-17,465,Ashanti,East,Shipped from Abroad,Health and beauty,Personal Care,Avon Soft Musk Spray,943.61,15.78,4,3790.22,Delivered,1,,26,14
2019-04-24,2050,2019-05-05,862,Weija,North,Standard Delivery,Electronics,Home Theatre,LG Soundbar,27.78,8.96,3,92.3,Delivered,1,,32,11
2017-09-30,2051,2017-10-13,697,Volta,North,Standard Delivery,Health and beauty,Personal Care,Avon Soft Musk Spray,1131.58,42.09,4,4568.41,Delivered,2,,63,13
2020-07-31,2052,2020-08-03,52,Oti,North,Shipped from Abroad,Fashion,Accessories,Leather Wallet,389.45,35.85,4,1593.65,Delivered,1,,22,3
2015-04-24,2053,2015-05-03,72,Volta,North,Shipped from Abroad,Fashion,Accessories,Leather Wallet,1020.37,25.89,5,5127.74,Delivered,4,,49,9
2017-02-22,2054,2017-03-10,924,Ashanti,Central,Shipped from Abroad,Health and beauty,Personal Care,Avon Soft Musk Spray,1399.56,26.22,2,2825.34,Delivered,1,,54,16
2017-04-18,2055,2017-05-06,469,Oti,South,Express,Phones and Tablet,Tablets,Amazon Fire HD 8 Kids Tablet,638.15,33.42,2,1309.72,Delivered,4,,50,18
2020-05-02,2056,2020-05-17,249,Oti,South,Standard Delivery,Home and Office,Stationery,Parker Pen,1070.74,8.26,3,3220.48,Delivered,4,,57,15
2017-11-20,2057,2017-12-06,251,Greater Accra,East,Standard Delivery,Phones and Tablet,Mobile phones,Samsung Galaxy A02,259.87,9.96,4,1049.44,Delivered,1,,50,16
2019-05-08,2058,2019-05-20,930,Greater Accra,West,Express,Electronics,Smartwatches,Samsung Galaxy Watch 3,1493.77,18.95,1,1512.72,Returned,1,Arrived Late,25,12
2016-07-17,2059,2016-08-03,920,Volta,South,Shipped from Abroad,Electronics,Smartwatches,Samsung Galaxy Watch 3,603.52,27.72,3,1838.28,Returned,1,Not as expected,50,17
2018-04-14,2060,2018-05-01,82,Upper East,East,Express,Fashion,Clothing,100% Cotton 4 Piece T-Shirts,499.51,36.6,2,1035.62,Delivered,3,,42,17
2019-03-24,2061,2019-03-30,452,Western,South,Standard Delivery,Electronics,Digital Cameras,Sony Alpha a6000,1072.18,27.57,1,1099.75,Delivered,2,,60,6
2016-06-03,2062,2016-06-15,89,Western,South,Shipped from Abroad,Fashion,Clothing,100% Cotton 4 Piece T-Shirts,858.94,44.17,4,3479.93,Delivered,2,,68,12
2016-11-26,2063,2016-12-01,648,Western,East,Express,Fashion,Clothing,Men's Denim Jacket,1041.31,23.53,2,2106.15,Delivered,1,,58,5
2018-07-19,2064,2018-07-21,240,Volta,East,Shipped from Abroad,Phones and Tablet,Tablets,iPad Air 4th Gen,1155.23,14.7,4,4635.62,Returned,2,Not as expected,40,2
2018-03-12,2065,2018-03-31,303,Oti,East,Shipped from Abroad,Home and Office,Stationery,Moleskine Notebook,1164.42,23.39,5,5845.49,Delivered,4,,35,19
2017-12-01,2066,2017-12-16,143,Upper East,East,Standard Delivery,Fashion,Clothing,100% Cotton 4 Piece T-Shirts,1377.08,38.92,2,2793.08,Delivered,5,,34,15
2020-04-05,2067,2020-04-17,850,Volta,South,Express,Home and Office,Furniture,Ergonomic Office Chair,765.96,42.75,2,1574.67,Delivered,4,,34,12
2017-01-20,2068,2017-02-07,193,Ashanti,South,Standard Delivery,Home and Office,Furniture,8 Cubes Plastic Wardrobe,1330.53,28.65,2,2689.71,Delivered,3,,54,18
2017-03-29,2069,2017-04-16,667,Western,Central,Standard Delivery,Health and beauty,Makeup,MAC Lipstick,96.02,40.54,2,232.58,Delivered,4,,33,18
2017-06-07,2070,2017-06-18,55,Weija,South,Express,Fashion,Accessories,Polarized Sunglasses,618.25,29.43,1,647.68,Delivered,5,,62,11
2020-11-05,2071,2020-11-07,899,Volta,North,Shipped from Abroad,Fashion,Shoes,Nike Air Max,1357.53,47.08,2,2762.14,Delivered,5,,39,2
2015-12-03,2072,2015-12-10,583,Ashanti,West,Standard Delivery,Home and Office,Stationery,Moleskine Notebook,1188.16,12.42,4,4765.06,Returned,2,Not as expected,51,7
2018-04-21,2073,2018-04-30,771,Oti,East,Standard Delivery,Health and beauty,Personal Care,Avon Soft Musk Spray,1275.4,23.86,1,1299.26,Delivered,1,,30,9
2015-02-27,2074,2015-03-14,686,Ashanti,Central,Shipped from Abroad,Home and Office,Stationery,Parker Pen,1121.74,23.87,1,1145.61,Delivered,5,,30,15
2015-04-13,2075,2015-04-22,704,Oti,West,Express,Health and beauty,Personal Care,Avon Soft Musk Spray,1448.4,23.02,2,2919.82,Delivered,3,,38,9
2015-05-07,2076,2015-05-11,267,Western,West,Shipped from Abroad,Home and Office,Stationery,Moleskine Notebook,1005.99,34.13,1,1040.12,Delivered,3,,36,4
2019-09-09,2077,2019-09-26,111,Ashanti,Central,Standard Delivery,Fashion,Accessories,Leather Wallet,1154.69,37.89,2,2347.27,Delivered,3,,52,17
2016-12-28,2078,2017-01-13,457,Oti,West,Shipped from Abroad,Health and beauty,Makeup,Maybelline Foundation,584.27,27.73,2,1196.27,Delivered,2,,48,16
2016-10-10,2079,2016-10-19,459,Weija,North,Shipped from Abroad,Health and beauty,Makeup,MAC Lipstick,927.43,48.68,5,4685.83,Delivered,4,,57,9
2019-11-30,2080,2019-12-19,691,Oti,West,Standard Delivery,Fashion,Clothing,100% Cotton 4 Piece T-Shirts,964.64,33.75,5,4856.95,Delivered,5,,21,19
2017-07-29,2081,2017-08-02,9,Upper East,North,Express,Fashion,Shoes,Nike Air Max,494.91,22.97,5,2497.52,Delivered,2,,70,4
2019-05-03,2082,2019-05-06,366,Volta,South,Shipped from Abroad,Phones and Tablet,Tablets,iPad Air 4th Gen,291.18,16.28,1,307.46,Returned,2,Not as expected,20,3
2018-09-18,2083,2018-09-26,287,Upper East,West,Standard Delivery,Home and Office,Furniture,8 Cubes Plastic Wardrobe,1303.02,16.99,5,6532.09,Returned,2,Changed Mind,28,8
2016-04-15,2084,2016-05-04,700,Volta,Central,Express,Phones and Tablet,Tablets,Amazon Fire HD 8 Kids Tablet,108.97,32.29,4,468.17,Delivered,4,,59,19
2017-03-26,2085,2017-03-29,478,Weija,West,Shipped from Abroad,Home and Office,Furniture,Ergonomic Office Chair,1090.58,34.83,1,1125.41,Returned,1,Defective,47,3
2015-07-28,2086,2015-08-07,210,Greater Accra,Central,Shipped from Abroad,Home and Office,Stationery,Parker Pen,884.21,31.93,2,1800.35,Returned,1,Defective,53,10
2020-06-05,2087,2020-06-22,763,Weija,East,Standard Delivery,Health and beauty,Makeup,MAC Lipstick,897.7,45.98,2,1841.38,Returned,1,Defective,49,17
2015-01-03,2088,2015-01-14,724,Ashanti,Central,Express,Phones and Tablet,Mobile phones,Infinix Smart HD X612,1028.03,19.12,1,1047.15,Returned,1,Changed Mind,48,11
2020-05-16,2089,2020-05-30,369,Oti,West,Express,Health and beauty,Personal Care,Aichun Beauty Essential Oil,634.95,29.84,1,664.79,Delivered,2,,48,14
2019-12-15,2090,2019-12-17,428,Greater Accra,West,Express,Fashion,Shoes,Nike Air Max,1102.06,42.39,2,2246.51,Delivered,1,,26,2
2020-04-12,2091,2020-04-17,602,Weija,South,Shipped from Abroad,Phones and Tablet,Tablets,Amazon Fire HD 8 Kids Tablet,1265.49,23.06,2,2554.04,Delivered,3,,25,5
2017-01-18,2092,2017-01-24,683,Ashanti,East,Standard Delivery,Health and beauty,Makeup,MAC Lipstick,946.62,16.91,5,4750.01,Delivered,3,,68,6
2019-03-23,2093,2019-03-31,393,Upper East,East,Shipped from Abroad,Electronics,Digital Cameras,Canon EOS 600D 18MP CMOS DSLR,1424.33,33.73,4,5731.05,Returned,1,Arrived Late,30,8
2015-05-21,2094,2015-06-10,686,Greater Accra,North,Express,Electronics,Digital Cameras,Canon EOS 600D 18MP CMOS DSLR,47.26,40.43,2,134.95,Delivered,4,,30,20
2020-05-01,2095,2020-05-04,997,Volta,West,Standard Delivery,Health and beauty,Personal Care,Aichun Beauty Essential Oil,402.07,49.75,3,1255.96,Delivered,5,,52,3
2020-12-11,2096,2020-12-13,6,Western,North,Standard Delivery,Electronics,Smartwatches,Apple Watch Series 6,535.72,29.07,4,2171.95,Delivered,3,,51,2
2018-09-16,2097,2018-10-02,355,Western,Central,Express,Health and beauty,Makeup,MAC Lipstick,819.93,12.13,5,4111.78,Delivered,5,,63,16
2018-01-19,2098,2018-01-29,179,Volta,Central,Shipped from Abroad,Electronics,Digital Cameras,Canon EOS 600D 18MP CMOS DSLR,1202.72,25.78,1,1228.5,Delivered,1,,58,10
2016-08-21,2099,2016-09-06,418,Oti,East,Express,Electronics,Smartwatches,Samsung Galaxy Watch 3,1492.8,11.66,5,7475.66,Delivered,1,,41,16
2018-11-14,2100,2018-11-29,126,Greater Accra,East,Express,Health and beauty,Makeup,MAC Lipstick,792.01,18.17,2,1602.19,Delivered,5,,55,15
2015-01-24,2101,2015-02-05,318,Upper East,West,Shipped from Abroad,Home and Office,Furniture,8 Cubes Plastic Wardrobe,230.65,30.97,3,722.92,Returned,2,Arrived Late,25,12
2020-06-24,2102,2020-07-09,862,Greater Accra,West,Standard Delivery,Health and beauty,Makeup,MAC Lipstick,1489.53,38.06,3,4506.65,Delivered,4,,32,15
2018-12-13,2103,2018-12-19,258,Weija,South,Standard Delivery,Health and beauty,Personal Care,Avon Soft Musk Spray,893.6,42.89,1,936.49,Returned,2,Arrived Late,42,6
2020-12-05,2104,2020-12-17,375,Greater Accra,North,Shipped from Abroad,Phones and Tablet,Tablets,iPad Air 4th Gen,1154.82,20.92,5,5795.02,Delivered,5,,33,12
2020-07-07,2105,2020-07-11,838,Western,East,Shipped from Abroad,Electronics,Home Theatre,LG Soundbar,1215.63,15.58,3,3662.47,Delivered,1,,29,4
2015-10-16,2106,2015-11-05,538,Weija,West,Shipped from Abroad,Phones and Tablet,Tablets,Amazon Fire HD 8 Kids Tablet,1122.54,44.27,3,3411.89,Delivered,1,,69,20
2018-08-28,2107,2018-09-16,57,Volta,Central,Express,Fashion,Shoes,Adidas Ultraboost,677.92,35.71,4,2747.39,Delivered,1,,21,19
2020-12-28,2108,2021-01-09,449,Ashanti,Central,Standard Delivery,Fashion,Clothing,100% Cotton 4 Piece T-Shirts,1131.58,30.58,1,1162.16,Cancelled,1,Arrived Late,39,12
2019-01-26,2109,2019-02-09,344,Oti,Central,Express,Home and Office,Furniture,Ergonomic Office Chair,288.34,49.24,5,1490.94,Delivered,3,,21,14
2019-06-16,2110,2019-06-25,503,Ashanti,South,Shipped from Abroad,Health and beauty,Personal Care,Aichun Beauty Essential Oil,838.21,22.83,2,1699.25,Returned,1,Defective,23,9
2015-11-02,2111,2015-11-08,788,Weija,South,Standard Delivery,Phones and Tablet,Tablets,Amazon Fire HD 8 Kids Tablet,761.47,38.44,2,1561.38,Returned,1,Changed Mind,20,6
2017-11-03,2112,2017-11-20,131,Upper East,North,Express,Fashion,Accessories,Polarized Sunglasses,1374.46,37.09,3,4160.47,Delivered,1,,62,17
2017-03-19,2113,2017-03-30,852,Weija,West,Shipped from Abroad,Phones and Tablet,Tablets,Amazon Fire HD 8 Kids Tablet,72.68,17.01,2,162.37,Delivered,2,,52,11
2016-07-27,2114,2016-08-16,528,Upper East,West,Express,Fashion,Accessories,Polarized Sunglasses,1022.04,26.61,5,5136.81,Returned,2,Not as expected,56,20
2017-12-15,2115,2017-12-20,690,Greater Accra,North,Standard Delivery,Health and beauty,Makeup,Maybelline Foundation,358.9,28.44,3,1105.14,Delivered,2,,22,5
2020-04-28,2116,2020-05-11,300,Greater Accra,Central,Standard Delivery,Electronics,Smartwatches,Samsung Galaxy Watch 3,948.19,20.8,2,1917.18,Delivered,1,,18,13
2017-01-25,2117,2017-02-05,853,Ashanti,North,Standard Delivery,Electronics,Digital Cameras,Nikon D3500,604.92,39.02,5,3063.62,Delivered,1,,64,11
2020-04-13,2118,2020-04-17,721,Volta,North,Shipped from Abroad,Fashion,Clothing,100% Cotton 4 Piece T-Shirts,693.05,36.45,5,3501.7,Delivered,3,,57,4
2018-11-21,2119,2018-12-07,768,Upper East,West,Express,Phones and Tablet,Mobile phones,Infinix Smart HD X612,178.7,32.86,3,568.96,Returned,2,Changed Mind,52,16
2018-07-01,2120,2018-07-21,892,Weija,Central,Standard Delivery,Health and beauty,Makeup,Maybelline Foundation,695.21,38.1,3,2123.73,Delivered,3,,47,20
2015-12-09,2121,2015-12-22,438,Oti,North,Standard Delivery,Phones and Tablet,Mobile phones,iPhone 12,498.32,43.29,1,541.61,Delivered,3,,22,13
2019-12-08,2122,2019-12-11,323,Ashanti,West,Standard Delivery,Fashion,Accessories,Leather Wallet,436.72,19.79,4,1766.67,Returned,2,Defective,63,3
2016-11-16,2123,2016-12-02,420,Ashanti,West,Shipped from Abroad,Fashion,Shoes,Adidas Ultraboost,695.99,19.13,4,2803.09,Delivered,2,,37,16
2015-09-22,2124,2015-10-12,802,Oti,Central,Express,Home and Office,Furniture,Ergonomic Office Chair,563.68,47.14,4,2301.86,Returned,1,Defective,60,20
2020-04-18,2125,2020-05-07,904,Oti,North,Express,Phones and Tablet,Mobile phones,Infinix Smart HD X612,260.55,31.6,4,1073.8,Delivered,2,,41,19
2016-12-23,2126,2016-12-25,373,Volta,South,Standard Delivery,Health and beauty,Personal Care,Avon Soft Musk Spray,516.57,22.38,2,1055.52,Returned,2,Not as expected,36,2
2018-08-01,2127,2018-08-20,953,Weija,South,Standard Delivery,Fashion,Shoes,Adidas Ultraboost,1397.43,40.84,5,7027.99,Delivered,5,,49,19
2017-02-13,2128,2017-03-03,355,Upper East,North,Shipped from Abroad,Health and beauty,Personal Care,Avon Soft Musk Spray,814.79,46.45,4,3305.61,Delivered,2,,63,18
2018-09-12,2129,2018-09-16,527,Greater Accra,North,Standard Delivery,Electronics,Home Theatre,LG Soundbar,836.18,7.09,3,2515.63,Delivered,3,,43,4
2015-07-01,2130,2015-07-18,752,Weija,West,Standard Delivery,Fashion,Clothing,Men's Denim Jacket,552.11,12.17,3,1668.5,Cancelled,1,Changed Mind,50,17
2020-06-02,2131,2020-06-20,420,Upper East,South,Express,Health and beauty,Personal Care,Avon Soft Musk Spray,1374.72,14.56,5,6888.16,Delivered,1,,37,18
2020-07-17,2132,2020-07-27,919,Oti,North,Shipped from Abroad,Electronics,Home Theatre,LG Soundbar,75.67,27.16,3,254.17,Delivered,4,,59,10
2016-02-25,2133,2016-03-03,848,Greater Accra,North,Standard Delivery,Electronics,Smartwatches,Apple Watch Series 6,1256.43,15.4,1,1271.83,Delivered,3,,22,7
2020-06-19,2134,2020-07-07,958,Oti,Central,Shipped from Abroad,Phones and Tablet,Mobile phones,Infinix Smart HD X612,1285.0,40.76,4,5180.76,Delivered,3,,45,18
2018-05-27,2135,2018-06-10,561,Greater Accra,North,Express,Home and Office,Stationery,Moleskine Notebook,578.64,45.17,5,2938.37,Delivered,2,,37,14
2015-02-16,2136,2015-02-18,565,Ashanti,North,Shipped from Abroad,Electronics,Smartwatches,Apple Watch Series 6,180.91,31.18,4,754.82,Delivered,3,,50,2
2018-01-31,2137,2018-02-09,623,Weija,South,Shipped from Abroad,Phones and Tablet,Tablets,iPad Air 4th Gen,65.57,39.0,5,366.85,Returned,1,Arrived Late,49,9
2015-12-03,2138,2015-12-07,926,Oti,Central,Standard Delivery,Fashion,Clothing,Men's Denim Jacket,1488.37,49.84,4,6003.32,Delivered,1,,32,4
2017-11-05,2139,2017-11-10,739,Greater Accra,North,Shipped from Abroad,Home and Office,Furniture,8 Cubes Plastic Wardrobe,1297.07,40.39,1,1337.46,Returned,2,Not as expected,55,5
2017-02-11,2140,2017-02-28,680,Western,East,Standard Delivery,Phones and Tablet,Tablets,iPad Air 4th Gen,927.09,47.22,3,2828.49,Delivered,2,,69,17
2019-01-31,2141,2019-02-19,524,Volta,Central,Shipped from Abroad,Phones and Tablet,Mobile phones,Samsung Galaxy A02,721.48,39.69,3,2204.13,Delivered,4,,70,19
2016-06-18,2142,2016-07-04,501,Oti,North,Shipped from Abroad,Home and Office,Stationery,Parker Pen,558.67,10.17,2,1127.51,Delivered,1,,55,16
2018-12-22,2143,2019-01-07,994,Oti,East,Standard Delivery,Home and Office,Stationery,Parker Pen,169.71,45.08,5,893.63,Returned,1,Changed Mind,30,16
2018-04-25,2144,2018-04-28,620,Ashanti,East,Shipped from Abroad,Home and Office,Furniture,8 Cubes Plastic Wardrobe,1205.3,10.53,5,6037.03,Delivered,4,,28,3
2020-11-02,2145,2020-11-22,535,Greater Accra,West,Express,Health and beauty,Makeup,MAC Lipstick,101.28,32.36,4,437.48,Delivered,5,,26,20
2015-10-23,2146,2015-11-09,35,Greater Accra,South,Shipped from Abroad,Fashion,Accessories,Leather Wallet,395.56,31.3,2,822.42,Returned,1,Not as expected,66,17
2017-12-02,2147,2017-12-21,796,Greater Accra,Central,Express,Home and Office,Furniture,8 Cubes Plastic Wardrobe,1492.4,24.95,5,7486.95,Delivered,1,,35,19
2018-12-22,2148,2019-01-04,40,Ashanti,Central,Standard Delivery,Phones and Tablet,Mobile phones,iPhone 12,850.47,46.53,3,2597.94,Delivered,2,,28,13
2017-08-07,2149,2017-08-25,356,Ashanti,West,Shipped from Abroad,Electronics,Home Theatre,Sony 5.1 Home Theatre,536.61,14.93,3,1624.76,Delivered,4,,53,18
2019-03-29,2150,2019-04-15,61,Western,North,Express,Electronics,Home Theatre,Sony 5.1 Home Theatre,1245.27,19.17,2,2509.71,Delivered,2,,36,17
2018-09-24,2151,2018-10-03,231,Greater Accra,East,Shipped from Abroad,Home and Office,Stationery,Parker Pen,1300.06,18.44,5,6518.74,Delivered,2,,43,9
2018-10-21,2152,2018-10-31,532,Greater Accra,West,Shipped from Abroad,Home and Office,Stationery,Moleskine Notebook,1244.72,7.15,3,3741.31,Delivered,2,,60,10
2018-10-23,2153,2018-10-25,1000,Volta,South,Shipped from Abroad,Phones and Tablet,Mobile phones,iPhone 12,253.39,45.84,5,1312.79,Returned,2,Not as expected,65,2
2016-12-06,2154,2016-12-26,771,Oti,North,Standard Delivery,Electronics,Digital Cameras,Nikon D3500,1307.08,37.86,2,2652.02,Delivered,1,,30,20
2019-07-08,2155,2019-07-22,985,Upper East,Central,Shipped from Abroad,Fashion,Accessories,Leather Wallet,709.95,7.3,5,3557.05,Delivered,3,,27,14
2019-08-03,2156,2019-08-15,235,Western,South,Express,Home and Office,Furniture,8 Cubes Plastic Wardrobe,794.74,39.58,1,834.32,Returned,1,Changed Mind,40,12
2019-02-17,2157,2019-03-05,932,Upper East,West,Express,Phones and Tablet,Mobile phones,Infinix Smart HD X612,1143.54,26.25,4,4600.41,Delivered,3,,34,16
2017-03-22,2158,2017-04-02,452,Volta,South,Shipped from Abroad,Home and Office,Stationery,Moleskine Notebook,1190.09,17.24,4,4777.6,Cancelled,1,Not as expected,60,11
2015-03-16,2159,2015-03-31,305,Volta,South,Shipped from Abroad,Fashion,Clothing,Men's Denim Jacket,679.03,9.57,5,3404.72,Delivered,1,,46,15
2019-10-29,2160,2019-11-07,785,Oti,West,Shipped from Abroad,Fashion,Accessories,Polarized Sunglasses,1424.87,6.16,3,4280.77,Delivered,4,,43,9
2019-06-12,2161,2019-06-21,957,Volta,Central,Standard Delivery,Electronics,Digital Cameras,Nikon D3500,412.8,34.18,5,2098.18,Returned,1,Defective,22,9
2020-07-25,2162,2020-08-02,419,Volta,Central,Shipped from Abroad,Home and Office,Stationery,Moleskine Notebook,364.57,16.95,1,381.52,Delivered,2,,44,8
2016-06-17,2163,2016-07-07,18,Greater Accra,East,Shipped from Abroad,Fashion,Shoes,Adidas Ultraboost,86.76,43.92,4,390.96,Delivered,3,,43,20
2019-12-01,2164,2019-12-05,418,Volta,Central,Standard Delivery,Health and beauty,Makeup,Maybelline Foundation,36.68,15.71,2,89.07,Returned,1,Changed Mind,41,4
2018-02-10,2165,2018-02-20,648,Greater Accra,East,Standard Delivery,Health and beauty,Personal Care,Avon Soft Musk Spray,997.02,5.55,1,1002.57,Delivered,4,,58,10
2017-08-30,2166,2017-09-11,19,Weija,South,Standard Delivery,Home and Office,Stationery,Moleskine Notebook,545.51,7.02,3,1643.55,Delivered,3,,44,12
2019-10-23,2167,2019-11-12,721,Volta,West,Shipped from Abroad,Electronics,Digital Cameras,Canon EOS 600D 18MP CMOS DSLR,905.71,18.69,2,1830.11,Delivered,4,,57,20
2020-02-05,2168,2020-02-11,609,Oti,North,Standard Delivery,Home and Office,Furniture,8 Cubes Plastic Wardrobe,116.73,16.55,4,483.47,Returned,1,Arrived Late,51,6
2018-01-07,2169,2018-01-19,572,Weija,East,Shipped from Abroad,Phones and Tablet,Tablets,Amazon Fire HD 8 Kids Tablet,985.6,44.15,5,4972.15,Delivered,1,,34,12
2017-04-12,2170,2017-04-19,860,Weija,Central,Shipped from Abroad,Fashion,Clothing,Men's Denim Jacket,1063.15,41.25,3,3230.7,Delivered,4,,26,7
2017-05-10,2171,2017-05-26,232,Greater Accra,South,Standard Delivery,Fashion,Accessories,Leather Wallet,859.6,23.18,3,2601.98,Delivered,1,,59,16
2020-02-02,2172,2020-02-14,249,Western,Central,Standard Delivery,Health and beauty,Personal Care,Avon Soft Musk Spray,1369.12,43.69,2,2781.93,Delivered,1,,57,12
2017-12-07,2173,2017-12-18,131,Volta,Central,Express,Home and Office,Furniture,8 Cubes Plastic Wardrobe,941.61,46.53,1,988.14,Delivered,2,,62,11
2015-01-04,2174,2015-01-22,127,Ashanti,South,Express,Fashion,Clothing,100% Cotton 4 Piece T-Shirts,454.9,10.4,3,1375.1,Delivered,2,,20,18
2020-03-10,2175,2020-03-12,490,Western,Central,Standard Delivery,Phones and Tablet,Tablets,Amazon Fire HD 8 Kids Tablet,1480.36,15.45,2,2976.17,Cancelled,2,Arrived Late,51,2
2018-12-05,2176,2018-12-09,758,Western,Central,Shipped from Abroad,Electronics,Home Theatre,Sony 5.1 Home Theatre,331.53,8.56,1,340.09,Delivered,4,,59,4
2018-05-26,2177,2018-06-14,780,Volta,East,Express,Health and beauty,Personal Care,Aichun Beauty Essential Oil,487.51,6.84,3,1469.37,Delivered,3,,24,19
2016-02-13,2178,2016-02-16,719,Weija,North,Shipped from Abroad,Fashion,Clothing,Men's Denim Jacket,989.43,12.87,2,1991.73,Delivered,1,,46,3
2019-02-10,2179,2019-02-12,62,Ashanti,East,Standard Delivery,Health and beauty,Makeup,Maybelline Foundation,16.69,45.13,4,111.89,Delivered,2,,68,2
2015-06-24,2180,2015-07-13,72,Oti,East,Shipped from Abroad,Electronics,Smartwatches,Apple Watch Series 6,773.15,7.18,4,3099.78,Returned,2,Not as expected,49,19
2020-09-10,2181,2020-09-22,37,Upper East,East,Shipped from Abroad,Fashion,Shoes,Nike Air Max,1129.73,42.69,2,2302.15,Delivered,2,,70,12
2017-11-14,2182,2017-11-17,214,Greater Accra,North,Shipped from Abroad,Health and beauty,Makeup,Maybelline Foundation,320.5,41.55,4,1323.55,Returned,2,Not as expected,23,3
2016-12-07,2183,2016-12-15,57,Volta,North,Shipped from Abroad,Home and Office,Stationery,Parker Pen,1458.31,39.43,4,5872.67,Returned,1,Arrived Late,21,8
2018-02-10,2184,2018-02-14,263,Greater Accra,North,Shipped from Abroad,Electronics,Home Theatre,Sony 5.1 Home Theatre,983.79,46.75,3,2998.12,Delivered,4,,66,4
2016-05-30,2185,2016-06-04,233,Volta,South,Standard Delivery,Health and beauty,Personal Care,Aichun Beauty Essential Oil,637.52,25.96,5,3213.56,Returned,2,Arrived Late,65,5
2019-05-31,2186,2019-06-13,828,Weija,East,Standard Delivery,Phones and Tablet,Mobile phones,iPhone 12,100.1,6.77,1,106.87,Returned,2,Changed Mind,62,13
2020-07-03,2187,2020-07-17,382,Oti,North,Express,Home and Office,Stationery,Moleskine Notebook,700.25,35.67,5,3536.92,Delivered,3,,37,14
2017-07-03,2188,2017-07-06,879,Western,Central,Standard Delivery,Fashion,Shoes,Nike Air Max,125.34,44.38,4,545.74,Delivered,2,,41,3
2017-02-08,2189,2017-02-17,556,Greater Accra,North,Shipped from Abroad,Phones and Tablet,Tablets,iPad Air 4th Gen,1440.09,45.93,5,7246.38,Delivered,3,,41,9
2017-07-04,2190,2017-07-16,246,Weija,West,Standard Delivery,Home and Office,Stationery,Parker Pen,1424.09,44.52,5,7164.97,Delivered,3,,68,12
2016-07-05,2191,2016-07-14,383,Western,Central,Express,Phones and Tablet,Tablets,iPad Air 4th Gen,366.13,20.07,5,1850.72,Delivered,2,,70,9
2015-07-16,2192,2015-07-27,290,Oti,East,Standard Delivery,Fashion,Accessories,Polarized Sunglasses,1057.33,12.76,4,4242.08,Delivered,4,,24,11
2015-05-23,2193,2015-06-11,298,Greater Accra,South,Express,Phones and Tablet,Tablets,iPad Air 4th Gen,225.32,47.46,5,1174.06,Delivered,4,,69,19
2017-03-13,2194,2017-03-26,722,Ashanti,South,Shipped from Abroad,Fashion,Accessories,Polarized Sunglasses,1391.43,43.12,4,5608.84,Returned,2,Arrived Late,38,13
2020-12-26,2195,2021-01-01,493,Greater Accra,East,Express,Electronics,Home Theatre,Sony 5.1 Home Theatre,446.41,26.29,4,1811.93,Delivered,3,,28,6
2015-12-15,2196,2016-01-03,259,Ashanti,South,Express,Electronics,Smartwatches,Samsung Galaxy Watch 3,378.71,6.37,1,385.08,Delivered,2,,45,19
2020-03-07,2197,2020-03-23,553,Ashanti,Central,Express,Health and beauty,Makeup,MAC Lipstick,729.85,31.86,5,3681.11,Delivered,3,,59,16
2015-03-18,2198,2015-03-30,478,Weija,Central,Express,Fashion,Clothing,100% Cotton 4 Piece T-Shirts,513.98,49.57,3,1591.51,Returned,2,Changed Mind,47,12
2017-04-07,2199,2017-04-24,299,Weija,East,Standard Delivery,Phones and Tablet,Tablets,Amazon Fire HD 8 Kids Tablet,1195.21,44.99,3,3630.62,Delivered,3,,36,17
2018-04-02,2200,2018-04-19,678,Western,Central,Shipped from Abroad,Home and Office,Stationery,Moleskine Notebook,829.07,17.46,4,3333.74,Delivered,4,,36,17
2020-03-01,2201,2020-03-06,823,Greater Accra,Central,Express,Home and Office,Stationery,Parker Pen,66.66,40.4,2,173.72,Delivered,4,,29,5
2017-12-24,2202,2018-01-06,585,Volta,East,Express,Phones and Tablet,Tablets,iPad Air 4th Gen,255.16,23.48,5,1299.28,Delivered,2,,36,13
2017-02-06,2203,2017-02-14,451,Western,North,Shipped from Abroad,Phones and Tablet,Mobile phones,iPhone 12,1411.41,26.61,3,4260.84,Cancelled,1,Arrived Late,43,8
2020-12-30,2204,2021-01-12,368,Ashanti,North,Express,Fashion,Clothing,100% Cotton 4 Piece T-Shirts,276.39,11.61,3,840.78,Delivered,5,,36,13
2015-10-20,2205,2015-11-04,601,Oti,East,Shipped from Abroad,Home and Office,Stationery,Moleskine Notebook,267.42,18.81,5,1355.91,Delivered,3,,44,15
2015-03-25,2206,2015-03-30,914,Volta,Central,Standard Delivery,Electronics,Smartwatches,Apple Watch Series 6,206.33,35.98,1,242.31,Delivered,5,,61,5
2019-12-12,2207,2019-12-16,685,Volta,North,Standard Delivery,Phones and Tablet,Tablets,Amazon Fire HD 8 Kids Tablet,633.37,45.53,2,1312.27,Delivered,4,,60,4
2020-06-24,2208,2020-07-02,125,Volta,East,Shipped from Abroad,Health and beauty,Personal Care,Avon Soft Musk Spray,894.38,29.17,4,3606.69,Returned,1,Changed Mind,19,8
2018-06-13,2209,2018-06-15,675,Greater Accra,North,Standard Delivery,Electronics,Smartwatches,Apple Watch Series 6,1189.53,14.75,4,4772.87,Delivered,1,,54,2
2016-05-26,2210,2016-06-06,326,Oti,South,Standard Delivery,Home and Office,Furniture,Ergonomic Office Chair,1382.47,43.57,1,1426.04,Delivered,1,,21,11
2020-01-21,2211,2020-02-07,684,Weija,East,Express,Fashion,Shoes,Adidas Ultraboost,600.79,22.27,2,1223.85,Delivered,3,,40,17
2020-05-22,2212,2020-06-04,103,Greater Accra,East,Shipped from Abroad,Home and Office,Furniture,8 Cubes Plastic Wardrobe,283.9,36.81,1,320.71,Delivered,3,,63,13
2020-01-30,2213,2020-02-04,704,Ashanti,Central,Shipped from Abroad,Home and Office,Stationery,Moleskine Notebook,1072.49,7.91,1,1080.4,Delivered,3,,38,5
2017-05-18,2214,2017-06-06,712,Greater Accra,North,Shipped from Abroad,Fashion,Accessories,Leather Wallet,1035.13,25.77,4,4166.29,Delivered,3,,33,19
2020-10-29,2215,2020-11-17,64,Volta,North,Standard Delivery,Fashion,Clothing,100% Cotton 4 Piece T-Shirts,668.04,40.81,2,1376.89,Delivered,3,,65,19
2015-05-29,2216,2015-06-02,881,Western,Central,Shipped from Abroad,Home and Office,Stationery,Moleskine Notebook,1236.91,8.64,3,3719.37,Returned,1,Not as expected,28,4
2019-11-24,2217,2019-12-12,562,Greater Accra,East,Shipped from Abroad,Home and Office,Stationery,Moleskine Notebook,1007.16,7.8,4,4036.44,Cancelled,2,Arrived Late,70,18
2018-06-14,2218,2018-06-28,728,Weija,North,Shipped from Abroad,Health and beauty,Makeup,MAC Lipstick,517.0,32.33,2,1066.33,Delivered,2,,29,14
2018-12-29,2219,2018-12-31,881,Western,Central,Express,Fashion,Clothing,Men's Denim Jacket,409.05,22.57,3,1249.72,Returned,1,Not as expected,28,2
2019-07-14,2220,2019-07-24,219,Weija,East,Shipped from Abroad,Health and beauty,Personal Care,Avon Soft Musk Spray,884.41,16.25,2,1785.07,Delivered,1,,63,10
2020-01-08,2221,2020-01-25,37,Upper East,East,Standard Delivery,Fashion,Accessories,Leather Wallet,280.71,18.2,2,579.62,Delivered,5,,70,17
2016-06-06,2222,2016-06-17,880,Oti,West,Shipped from Abroad,Phones and Tablet,Mobile phones,Infinix Smart HD X612,358.09,42.66,5,1833.11,Delivered,2,,70,11
2020-03-21,2223,2020-03-27,56,Oti,West,Standard Delivery,Phones and Tablet,Mobile phones,Infinix Smart HD X612,84.7,10.26,4,349.06,Delivered,4,,40,6
2015-08-13,2224,2015-08-25,97,Volta,North,Shipped from Abroad,Home and Office,Furniture,Ergonomic Office Chair,609.2,10.98,4,2447.78,Delivered,1,,61,12
2017-09-27,2225,2017-10-09,48,Ashanti,South,Express,Home and Office,Stationery,Moleskine Notebook,508.22,23.86,5,2564.96,Delivered,4,,44,12
2015-09-16,2226,2015-09-23,606,Ashanti,North,Standard Delivery,Electronics,Digital Cameras,Canon EOS 600D 18MP CMOS DSLR,470.87,29.07,1,499.94,Delivered,1,,39,7
2015-09-01,2227,2015-09-19,892,Upper East,Central,Standard Delivery,Home and Office,Stationery,Moleskine Notebook,129.39,37.89,1,167.28,Delivered,2,,47,18
2018-03-11,2228,2018-03-13,427,Greater Accra,Central,Shipped from Abroad,Electronics,Home Theatre,LG Soundbar,159.68,24.86,2,344.22,Delivered,2,,68,2
2016-03-03,2229,2016-03-21,92,Oti,West,Express,Home and Office,Furniture,8 Cubes Plastic Wardrobe,356.75,41.06,2,754.56,Returned,2,Not as expected,53,18
2018-07-30,2230,2018-08-18,280,Western,Central,Standard Delivery,Electronics,Home Theatre,LG Soundbar,728.18,19.51,4,2932.23,Delivered,1,,49,19
2015-03-08,2231,2015-03-16,12,Greater Accra,South,Express,Electronics,Digital Cameras,Sony Alpha a6000,1199.29,18.32,5,6014.77,Returned,2,Defective,28,8
2018-03-10,2232,2018-03-29,920,Upper East,South,Shipped from Abroad,Phones and Tablet,Tablets,iPad Air 4th Gen,708.56,34.07,2,1451.19,Returned,2,Changed Mind,50,19
2016-04-16,2233,2016-04-21,423,Oti,East,Express,Phones and Tablet,Mobile phones,Samsung Galaxy A02,368.01,21.51,3,1125.54,Delivered,1,,59,5
2016-02-08,2234,2016-02-13,961,Western,North,Express,Phones and Tablet,Tablets,Amazon Fire HD 8 Kids Tablet,1324.21,17.03,2,2665.45,Delivered,3,,20,5
2020-04-21,2235,2020-05-07,208,Volta,East,Express,Home and Office,Furniture,8 Cubes Plastic Wardrobe,11.41,45.82,2,68.64,Delivered,3,,35,16
2017-06-29,2236,2017-07-01,368,Ashanti,East,Express,Home and Office,Furniture,8 Cubes Plastic Wardrobe,298.65,49.84,3,945.79,Delivered,4,,36,2
2016-10-28,2237,2016-11-04,180,Volta,West,Standard Delivery,Home and Office,Furniture,8 Cubes Plastic Wardrobe,359.25,34.26,4,1471.26,Delivered,4,,67,7
2020-05-30,2238,2020-06-15,283,Upper East,West,Express,Health and beauty,Personal Care,Avon Soft Musk Spray,1381.95,37.62,1,1419.57,Returned,2,Defective,61,16
2018-08-31,2239,2018-09-09,270,Western,West,Shipped from Abroad,Phones and Tablet,Tablets,Amazon Fire HD 8 Kids Tablet,508.51,6.36,5,2548.91,Delivered,3,,69,9
2017-12-24,2240,2017-12-30,651,Volta,North,Standard Delivery,Phones and Tablet,Mobile phones,Infinix Smart HD X612,382.6,11.15,2,776.35,Delivered,3,,35,6
2017-04-12,2241,2017-05-02,140,Western,South,Express,Phones and Tablet,Tablets,Amazon Fire HD 8 Kids Tablet,333.86,18.91,5,1688.21,Delivered,5,,22,20
2015-01-14,2242,2015-02-03,510,Oti,South,Standard Delivery,Fashion,Clothing,Men's Denim Jacket,177.83,37.06,3,570.55,Delivered,2,,49,20
2019-01-20,2243,2019-01-30,335,Greater Accra,North,Shipped from Abroad,Electronics,Home Theatre,Sony 5.1 Home Theatre,755.76,20.24,4,3043.28,Returned,2,Arrived Late,32,10
2019-05-24,2244,2019-06-08,354,Greater Accra,Central,Shipped from Abroad,Fashion,Accessories,Polarized Sunglasses,245.72,38.84,5,1267.44,Returned,2,Changed Mind,26,15
2015-05-14,2245,2015-05-22,252,Western,East,Standard Delivery,Fashion,Shoes,Adidas Ultraboost,1236.23,43.23,2,2515.69,Returned,1,Defective,67,8
2017-09-02,2246,2017-09-16,662,Ashanti,West,Express,Health and beauty,Makeup,MAC Lipstick,157.95,45.32,3,519.17,Returned,1,Defective,46,14
2019-02-24,2247,2019-03-10,96,Upper East,East,Express,Health and beauty,Makeup,MAC Lipstick,532.38,41.13,4,2170.65,Delivered,1,,40,14
2017-10-30,2248,2017-11-08,545,Upper East,Central,Express,Fashion,Accessories,Leather Wallet,366.68,19.26,2,752.62,Returned,1,Defective,53,9
2020-06-08,2249,2020-06-16,613,Western,Central,Shipped from Abroad,Health and beauty,Personal Care,Avon Soft Musk Spray,424.64,17.08,3,1291.0,Delivered,1,,18,8
2020-11-03,2250,2020-11-17,147,Oti,North,Express,Fashion,Accessories,Leather Wallet,716.25,17.74,1,733.99,Returned,1,Changed Mind,65,14
2016-06-24,2251,2016-06-30,85,Ashanti,Central,Standard Delivery,Home and Office,Furniture,8 Cubes Plastic Wardrobe,403.62,49.2,2,856.44,Delivered,2,,29,6
2015-08-27,2252,2015-09-11,914,Oti,Central,Express,Fashion,Shoes,Adidas Ultraboost,435.05,31.75,5,2207.0,Delivered,1,,61,15
2017-02-17,2253,2017-02-23,200,Greater Accra,South,Express,Health and beauty,Makeup,MAC Lipstick,1070.1,18.84,5,5369.34,Delivered,3,,54,6
2017-01-25,2254,2017-02-11,513,Oti,North,Standard Delivery,Home and Office,Furniture,Ergonomic Office Chair,503.97,34.18,2,1042.12,Delivered,5,,52,17
2020-12-06,2255,2020-12-21,800,Volta,West,Shipped from Abroad,Fashion,Clothing,100% Cotton 4 Piece T-Shirts,874.72,12.51,4,3511.39,Delivered,1,,30,15
2019-09-06,2256,2019-09-14,466,Upper East,Central,Shipped from Abroad,Fashion,Clothing,Men's Denim Jacket,649.4,19.01,5,3266.01,Returned,2,Arrived Late,25,8
2019-03-07,2257,2019-03-21,44,Oti,West,Standard Delivery,Home and Office,Furniture,8 Cubes Plastic Wardrobe,175.72,43.98,4,746.86,Returned,1,Not as expected,56,14
2018-12-14,2258,2018-12-20,442,Oti,South,Express,Fashion,Shoes,Nike Air Max,107.85,17.67,5,556.92,Returned,1,Arrived Late,51,6
2015-05-08,2259,2015-05-14,559,Western,South,Shipped from Abroad,Electronics,Digital Cameras,Nikon D3500,929.1,24.56,5,4670.06,Returned,2,Defective,64,6
2017-11-12,2260,2017-11-19,886,Upper East,North,Express,Electronics,Smartwatches,Apple Watch Series 6,994.37,12.77,5,4984.62,Returned,1,Changed Mind,55,7
2018-10-15,2261,2018-11-03,695,Western,Central,Express,Electronics,Smartwatches,Samsung Galaxy Watch 3,34.88,27.34,2,97.1,Delivered,2,,61,19
2016-04-20,2262,2016-05-07,872,Volta,North,Standard Delivery,Phones and Tablet,Mobile phones,Samsung Galaxy A02,153.42,14.89,1,168.31,Delivered,5,,56,17
2018-03-04,2263,2018-03-21,670,Western,North,Shipped from Abroad,Phones and Tablet,Tablets,Amazon Fire HD 8 Kids Tablet,765.33,40.32,3,2336.31,Delivered,3,,65,17
2019-04-21,2264,2019-04-27,715,Oti,Central,Shipped from Abroad,Home and Office,Stationery,Moleskine Notebook,276.44,18.59,3,847.91,Delivered,5,,51,6
2018-08-18,2265,2018-09-07,794,Weija,South,Standard Delivery,Phones and Tablet,Tablets,iPad Air 4th Gen,398.65,41.34,4,1635.94,Returned,2,Changed Mind,31,20
2019-04-27,2266,2019-05-03,422,Oti,East,Shipped from Abroad,Fashion,Accessories,Polarized Sunglasses,805.93,28.15,2,1640.01,Returned,1,Not as expected,68,6
2017-10-02,2267,2017-10-07,944,Greater Accra,East,Shipped from Abroad,Home and Office,Furniture,8 Cubes Plastic Wardrobe,990.11,49.31,2,2029.53,Delivered,4,,53,5
2015-06-17,2268,2015-07-07,635,Oti,South,Shipped from Abroad,Home and Office,Furniture,Ergonomic Office Chair,751.41,8.5,5,3765.55,Delivered,2,,63,20
2019-03-05,2269,2019-03-12,83,Ashanti,East,Express,Fashion,Clothing,100% Cotton 4 Piece T-Shirts,542.59,43.96,1,586.55,Delivered,1,,27,7
2017-06-25,2270,2017-06-27,907,Weija,Central,Standard Delivery,Electronics,Digital Cameras,Sony Alpha a6000,72.76,30.31,1,103.07,Returned,2,Defective,30,2
2018-05-01,2271,2018-05-04,927,Greater Accra,West,Shipped from Abroad,Phones and Tablet,Mobile phones,Infinix Smart HD X612,460.42,33.33,2,954.17,Delivered,3,,23,3
2016-07-24,2272,2016-08-02,511,Greater Accra,East,Express,Fashion,Shoes,Adidas Ultraboost,1388.6,18.3,4,5572.7,Delivered,4,,46,9
2015-07-14,2273,2015-07-16,902,Oti,North,Express,Fashion,Accessories,Leather Wallet,1058.95,19.23,4,4255.03,Delivered,1,,48,2
2016-03-28,2274,2016-04-17,62,Western,North,Shipped from Abroad,Electronics,Home Theatre,Sony 5.1 Home Theatre,25.54,7.04,2,58.12,Returned,2,Arrived Late,68,20
2015-05-22,2275,2015-06-11,866,Greater Accra,North,Standard Delivery,Home and Office,Furniture,Ergonomic Office Chair,125.87,24.21,1,150.08,Delivered,3,,50,20
2016-06-17,2276,2016-07-07,246,Ashanti,East,Standard Delivery,Home and Office,Furniture,Ergonomic Office Chair,53.38,22.95,1,76.33,Cancelled,2,Changed Mind,68,20
2015-04-17,2277,2015-04-23,197,Weija,South,Express,Health and beauty,Makeup,MAC Lipstick,858.35,14.55,4,3447.95,Delivered,2,,50,6
2020-05-29,2278,2020-06-17,572,Oti,East,Standard Delivery,Phones and Tablet,Tablets,Amazon Fire HD 8 Kids Tablet,107.65,29.24,2,244.54,Delivered,1,,34,19
2018-04-13,2279,2018-04-15,786,Oti,South,Express,Phones and Tablet,Mobile phones,iPhone 12,851.98,43.69,5,4303.59,Returned,2,Not as expected,26,2
2018-04-30,2280,2018-05-06,317,Western,North,Express,Fashion,Clothing,100% Cotton 4 Piece T-Shirts,1175.01,32.97,3,3558.0,Delivered,3,,26,6
2015-01-08,2281,2015-01-19,393,Upper East,East,Standard Delivery,Phones and Tablet,Tablets,Amazon Fire HD 8 Kids Tablet,335.99,36.59,2,708.57,Delivered,4,,30,11
2020-10-28,2282,2020-11-07,862,Greater Accra,West,Standard Delivery,Home and Office,Stationery,Parker Pen,926.89,21.23,4,3728.79,Cancelled,2,Arrived Late,32,10
2020-03-20,2283,2020-04-02,942,Weija,North,Standard Delivery,Phones and Tablet,Tablets,Amazon Fire HD 8 Kids Tablet,1123.85,34.02,2,2281.72,Returned,2,Not as expected,26,13
2015-09-19,2284,2015-09-25,381,Western,West,Standard Delivery,Electronics,Smartwatches,Apple Watch Series 6,335.37,19.88,5,1696.73,Delivered,1,,69,6
2017-12-26,2285,2018-01-07,13,Upper East,East,Express,Health and beauty,Personal Care,Aichun Beauty Essential Oil,852.25,6.73,5,4267.98,Delivered,4,,40,12
2020-04-10,2286,2020-04-25,953,Western,Central,Shipped from Abroad,Electronics,Home Theatre,LG Soundbar,353.3,36.02,1,389.32,Delivered,3,,49,15
2019-02-12,2287,2019-02-16,979,Upper East,West,Shipped from Abroad,Fashion,Accessories,Polarized Sunglasses,1209.22,40.97,1,1250.19,Delivered,4,,64,4
2019-01-22,2288,2019-02-06,951,Volta,Central,Standard Delivery,Fashion,Accessories,Polarized Sunglasses,1255.07,11.5,3,3776.71,Delivered,5,,48,15
2017-06-16,2289,2017-06-21,577,Oti,South,Shipped from Abroad,Electronics,Smartwatches,Apple Watch Series 6,582.01,39.48,5,2949.53,Delivered,4,,42,5
2016-01-29,2290,2016-02-14,644,Weija,East,Express,Electronics,Digital Cameras,Sony Alpha a6000,195.13,10.2,4,790.72,Delivered,1,,23,16
2015-12-17,2291,2015-12-29,353,Ashanti,East,Shipped from Abroad,Home and Office,Furniture,8 Cubes Plastic Wardrobe,831.44,13.61,5,4170.81,Delivered,3,,70,12
2018-05-01,2292,2018-05-12,224,Ashanti,West,Standard Delivery,Electronics,Home Theatre,LG Soundbar,1250.31,10.39,2,2511.01,Returned,1,Arrived Late,32,11
2018-04-29,2293,2018-05-04,779,Oti,West,Shipped from Abroad,Fashion,Accessories,Polarized Sunglasses,521.06,19.43,1,540.49,Delivered,2,,33,5
2020-05-24,2294,2020-05-29,330,Western,South,Standard Delivery,Health and beauty,Personal Care,Avon Soft Musk Spray,462.55,12.03,1,474.58,Delivered,3,,48,5
2015-02-05,2295,2015-02-20,183,Greater Accra,South,Express,Fashion,Accessories,Polarized Sunglasses,606.45,5.09,1,611.54,Delivered,1,,27,15
2018-07-01,2296,2018-07-21,503,Western,South,Shipped from Abroad,Phones and Tablet,Tablets,iPad Air 4th Gen,1115.83,32.97,4,4496.29,Delivered,4,,23,20
2015-11-11,2297,2015-11-25,624,Weija,West,Standard Delivery,Home and Office,Furniture,Ergonomic Office Chair,1295.42,12.58,4,5194.26,Delivered,3,,54,14
2017-11-19,2298,2017-11-24,527,Greater Accra,Central,Standard Delivery,Health and beauty,Makeup,Maybelline Foundation,1051.83,9.87,1,1061.7,Delivered,4,,43,5
2015-12-12,2299,2015-12-30,149,Volta,North,Express,Home and Office,Stationery,Moleskine Notebook,458.05,32.6,5,2322.85,Delivered,1,,46,18
2020-11-03,2300,2020-11-09,979,Greater Accra,South,Express,Electronics,Smartwatches,Samsung Galaxy Watch 3,445.41,26.76,5,2253.81,Cancelled,1,Not as expected,64,6
2016-03-08,2301,2016-03-15,775,Weija,East,Express,Phones and Tablet,Tablets,Amazon Fire HD 8 Kids Tablet,684.07,46.25,2,1414.39,Returned,2,Arrived Late,36,7
2017-09-20,2302,2017-09-23,367,Greater Accra,East,Shipped from Abroad,Electronics,Smartwatches,Apple Watch Series 6,931.37,9.65,3,2803.76,Delivered,3,,19,3
2018-11-01,2303,2018-11-12,822,Greater Accra,East,Standard Delivery,Phones and Tablet,Tablets,Amazon Fire HD 8 Kids Tablet,1100.88,25.1,2,2226.86,Returned,1,Defective,70,11
2016-07-13,2304,2016-08-01,950,Volta,East,Shipped from Abroad,Phones and Tablet,Tablets,iPad Air 4th Gen,1012.99,35.8,2,2061.78,Delivered,3,,41,19
2017-09-28,2305,2017-10-16,658,Volta,East,Shipped from Abroad,Home and Office,Furniture,Ergonomic Office Chair,350.03,24.2,3,1074.29,Delivered,2,,27,18
2016-02-04,2306,2016-02-07,893,Greater Accra,South,Standard Delivery,Health and beauty,Personal Care,Avon Soft Musk Spray,1253.11,45.33,1,1298.44,Delivered,1,,50,3
2020-05-01,2307,2020-05-08,758,Weija,North,Shipped from Abroad,Health and beauty,Personal Care,Avon Soft Musk Spray,1415.68,25.95,2,2857.31,Returned,1,Arrived Late,59,7
2019-02-19,2308,2019-03-02,21,Ashanti,West,Standard Delivery,Electronics,Home Theatre,LG Soundbar,766.7,41.86,1,808.56,Delivered,4,,62,11
2020-11-23,2309,2020-12-10,623,Western,Central,Shipped from Abroad,Electronics,Digital Cameras,Nikon D3500,897.47,9.07,3,2701.48,Returned,1,Changed Mind,49,17
2015-08-01,2310,2015-08-05,665,Ashanti,South,Express,Phones and Tablet,Tablets,iPad Air 4th Gen,1024.72,23.99,5,5147.59,Delivered,1,,19,4
2017-09-03,2311,2017-09-06,712,Volta,Central,Shipped from Abroad,Phones and Tablet,Mobile phones,iPhone 12,210.62,10.77,3,642.63,Delivered,4,,33,3
2016-08-17,2312,2016-08-31,709,Oti,North,Shipped from Abroad,Electronics,Digital Cameras,Canon EOS 600D 18MP CMOS DSLR,467.83,9.97,3,1413.46,Cancelled,2,Changed Mind,24,14
2019-05-16,2313,2019-05-27,188,Oti,South,Express,Electronics,Smartwatches,Samsung Galaxy Watch 3,568.74,45.94,1,614.68,Delivered,1,,50,11
2015-12-07,2314,2015-12-24,829,Ashanti,West,Express,Electronics,Home Theatre,LG Soundbar,1338.34,13.46,1,1351.8,Delivered,2,,40,17
2017-08-09,2315,2017-08-25,754,Western,North,Express,Fashion,Shoes,Adidas Ultraboost,1312.11,36.62,4,5285.06,Returned,1,Not as expected,22,16
2015-04-08,2316,2015-04-26,381,Weija,West,Express,Home and Office,Furniture,8 Cubes Plastic Wardrobe,1411.23,17.69,5,7073.84,Delivered,1,,69,18
2015-10-03,2317,2015-10-21,600,Weija,East,Shipped from Abroad,Electronics,Digital Cameras,Nikon D3500,1464.44,6.07,3,4399.39,Delivered,1,,31,18
2016-10-07,2318,2016-10-14,898,Upper East,South,Standard Delivery,Fashion,Accessories,Polarized Sunglasses,1183.82,46.78,1,1230.6,Returned,2,Not as expected,55,7
2016-09-10,2319,2016-09-15,148,Volta,West,Shipped from Abroad,Home and Office,Stationery,Moleskine Notebook,95.06,12.67,4,392.91,Returned,2,Changed Mind,34,5
2018-10-08,2320,2018-10-11,272,Western,East,Express,Fashion,Shoes,Nike Air Max,1009.62,13.57,5,5061.67,Delivered,4,,19,3
2018-12-05,2321,2018-12-20,242,Upper East,North,Standard Delivery,Home and Office,Stationery,Parker Pen,651.76,39.86,5,3298.66,Cancelled,1,Not as expected,56,15
2017-04-28,2322,2017-05-14,681,Volta,West,Standard Delivery,Home and Office,Furniture,Ergonomic Office Chair,302.11,24.91,3,931.24,Returned,1,Defective,42,16
2020-09-16,2323,2020-10-01,820,Oti,East,Express,Fashion,Accessories,Leather Wallet,1365.52,12.61,5,6840.21,Delivered,2,,27,15
2017-01-16,2324,2017-02-05,97,Weija,South,Standard Delivery,Electronics,Digital Cameras,Nikon D3500,626.15,22.79,5,3153.54,Delivered,4,,61,20
2020-05-13,2325,2020-05-19,659,Oti,South,Standard Delivery,Electronics,Home Theatre,LG Soundbar,375.57,48.28,4,1550.56,Delivered,2,,67,6
2017-04-25,2326,2017-05-02,48,Greater Accra,East,Standard Delivery,Phones and Tablet,Mobile phones,Infinix Smart HD X612,1076.07,24.36,3,3252.57,Delivered,2,,44,7
2019-07-14,2327,2019-07-31,514,Western,Central,Express,Electronics,Smartwatches,Apple Watch Series 6,111.53,47.8,3,382.39,Delivered,4,,36,17
2019-02-20,2328,2019-02-28,683,Greater Accra,North,Shipped from Abroad,Phones and Tablet,Tablets,Amazon Fire HD 8 Kids Tablet,721.93,14.67,5,3624.32,Delivered,2,,68,8
2018-07-23,2329,2018-08-02,756,Upper East,North,Standard Delivery,Fashion,Shoes,Nike Air Max,1285.86,28.38,3,3885.96,Delivered,1,,45,10
2020-06-30,2330,2020-07-03,153,Greater Accra,North,Shipped from Abroad,Electronics,Smartwatches,Samsung Galaxy Watch 3,359.76,22.8,5,1821.6,Delivered,3,,45,3
2015-06-26,2331,2015-07-15,956,Weija,North,Express,Fashion,Shoes,Nike Air Max,1395.88,20.87,4,5604.39,Returned,1,Changed Mind,28,19
2019-05-29,2332,2019-06-06,337,Western,South,Shipped from Abroad,Phones and Tablet,Mobile phones,Samsung Galaxy A02,1028.12,22.32,3,3106.68,Delivered,1,,23,8
2017-05-02,2333,2017-05-22,226,Oti,West,Shipped from Abroad,Health and beauty,Personal Care,Avon Soft Musk Spray,1401.99,24.21,2,2828.19,Delivered,1,,23,20
2015-06-07,2334,2015-06-09,248,Western,Central,Express,Fashion,Accessories,Leather Wallet,465.86,44.29,2,976.01,Delivered,2,,65,2
2018-11-13,2335,2018-11-21,24,Upper East,North,Standard Delivery,Phones and Tablet,Mobile phones,Samsung Galaxy A02,418.97,49.1,2,887.04,Delivered,4,,51,8
2016-11-10,2336,2016-11-28,28,Weija,West,Standard Delivery,Electronics,Digital Cameras,Sony Alpha a6000,1025.63,31.19,5,5159.34,Delivered,4,,56,18
2020-09-28,2337,2020-10-16,26,Upper East,North,Express,Health and beauty,Personal Care,Avon Soft Musk Spray,1066.63,5.37,1,1072.0,Delivered,4,,60,18
2015-06-01,2338,2015-06-19,365,Volta,East,Express,Phones and Tablet,Tablets,Amazon Fire HD 8 Kids Tablet,159.1,19.45,2,337.65,Cancelled,1,Changed Mind,69,18
2018-12-24,2339,2019-01-05,759,Greater Accra,North,Shipped from Abroad,Phones and Tablet,Mobile phones,Infinix Smart HD X612,1290.32,27.55,1,1317.87,Delivered,4,,30,12
2017-10-31,2340,2017-11-13,61,Volta,West,Standard Delivery,Health and beauty,Personal Care,Aichun Beauty Essential Oil,377.69,35.7,2,791.08,Delivered,2,,36,13
2018-06-20,2341,2018-07-05,95,Volta,East,Standard Delivery,Electronics,Digital Cameras,Nikon D3500,261.3,31.13,4,1076.33,Delivered,5,,25,15
2015-06-01,2342,2015-06-18,658,Western,North,Shipped from Abroad,Phones and Tablet,Mobile phones,Infinix Smart HD X612,921.53,48.54,2,1891.6,Returned,1,Arrived Late,27,17
2018-03-23,2343,2018-04-04,59,Oti,East,Express,Phones and Tablet,Mobile phones,Infinix Smart HD X612,116.55,29.05,2,262.15,Delivered,3,,32,12
2017-05-27,2344,2017-05-30,871,Volta,East,Express,Home and Office,Stationery,Moleskine Notebook,460.53,41.8,5,2344.45,Delivered,3,,47,3
2020-11-09,2345,2020-11-24,681,Weija,South,Express,Health and beauty,Personal Care,Avon Soft Musk Spray,191.44,37.02,4,802.78,Delivered,4,,42,15
2017-12-18,2346,2017-12-23,12,Oti,North,Shipped from Abroad,Fashion,Accessories,Polarized Sunglasses,334.28,35.69,5,1707.09,Returned,2,Changed Mind,28,5
2016-11-06,2347,2016-11-20,637,Upper East,Central,Shipped from Abroad,Health and beauty,Makeup,MAC Lipstick,213.6,31.06,4,885.46,Returned,2,Changed Mind,52,14
2018-04-08,2348,2018-04-17,385,Greater Accra,East,Shipped from Abroad,Phones and Tablet,Tablets,Amazon Fire HD 8 Kids Tablet,1217.37,42.2,3,3694.31,Delivered,4,,42,9
2020-10-21,2349,2020-10-30,529,Western,South,Express,Health and beauty,Personal Care,Avon Soft Musk Spray,426.87,44.38,3,1324.99,Delivered,1,,42,9
2017-08-28,2350,2017-09-04,356,Weija,East,Standard Delivery,Home and Office,Furniture,8 Cubes Plastic Wardrobe,1083.71,30.57,1,1114.28,Returned,2,Defective,53,7
2020-08-01,2351,2020-08-16,893,Upper East,West,Standard Delivery,Health and beauty,Personal Care,Avon Soft Musk Spray,545.7,13.57,4,2196.37,Delivered,4,,50,15
2016-11-25,2352,2016-11-30,458,Ashanti,West,Express,Electronics,Home Theatre,Sony 5.1 Home Theatre,1429.14,37.74,1,1466.88,Delivered,3,,46,5
2018-06-20,2353,2018-06-24,330,Weija,West,Standard Delivery,Fashion,Accessories,Leather Wallet,1203.95,27.64,3,3639.49,Delivered,2,,48,4
2016-12-08,2354,2016-12-18,641,Oti,West,Shipped from Abroad,Electronics,Smartwatches,Apple Watch Series 6,930.54,42.98,3,2834.6,Delivered,2,,41,10
2017-05-18,2355,2017-06-04,717,Greater Accra,Central,Standard Delivery,Home and Office,Furniture,Ergonomic Office Chair,994.4,21.1,5,4993.1,Delivered,2,,56,17
2018-12-10,2356,2018-12-27,878,Weija,Central,Shipped from Abroad,Health and beauty,Makeup,MAC Lipstick,1353.03,17.95,4,5430.07,Returned,2,Defective,32,17
2019-06-03,2357,2019-06-05,208,Greater Accra,South,Express,Fashion,Accessories,Polarized Sunglasses,643.85,42.92,4,2618.32,Returned,1,Arrived Late,35,2
2018-10-04,2358,2018-10-06,836,Greater Accra,South,Express,Home and Office,Stationery,Moleskine Notebook,1322.55,10.74,3,3978.39,Delivered,1,,26,2
2016-02-10,2359,2016-02-13,731,Oti,North,Standard Delivery,Electronics,Home Theatre,Sony 5.1 Home Theatre,547.66,12.16,5,2750.46,Delivered,4,,50,3
2016-03-10,2360,2016-03-29,499,Volta,North,Shipped from Abroad,Electronics,Home Theatre,LG Soundbar,1366.94,19.85,1,1386.79,Delivered,1,,22,19
2019-09-21,2361,2019-10-03,654,Western,North,Standard Delivery,Phones and Tablet,Mobile phones,Samsung Galaxy A02,1155.81,46.4,3,3513.83,Returned,2,Arrived Late,43,12
2020-01-13,2362,2020-01-21,919,Western,East,Express,Fashion,Clothing,Men's Denim Jacket,315.74,28.31,3,975.53,Delivered,4,,59,8
2019-09-04,2363,2019-09-11,943,Ashanti,South,Shipped from Abroad,Fashion,Accessories,Leather Wallet,518.18,39.41,1,557.59,Delivered,2,,63,7
2017-09-26,2364,2017-10-07,407,Volta,Central,Express,Home and Office,Furniture,Ergonomic Office Chair,1431.58,10.34,2,2873.5,Delivered,3,,23,11
2016-11-30,2365,2016-12-03,583,Ashanti,East,Express,Electronics,Digital Cameras,Sony Alpha a6000,146.17,35.12,1,181.29,Delivered,1,,51,3
2018-12-27,2366,2019-01-09,795,Greater Accra,South,Express,Home and Office,Furniture,8 Cubes Plastic Wardrobe,809.81,5.85,3,2435.28,Delivered,3,,62,13
2017-01-02,2367,2017-01-19,113,Oti,North,Standard Delivery,Fashion,Clothing,Men's Denim Jacket,477.89,27.03,2,982.81,Delivered,1,,23,17
2015-04-24,2368,2015-04-30,486,Western,North,Express,Health and beauty,Makeup,MAC Lipstick,792.49,29.07,2,1614.05,Delivered,1,,39,6
2015-10-27,2369,2015-11-05,445,Greater Accra,Central,Express,Phones and Tablet,Mobile phones,Samsung Galaxy A02,499.38,29.73,3,1527.87,Delivered,1,,23,9
2018-03-15,2370,2018-03-28,308,Greater Accra,South,Express,Home and Office,Stationery,Moleskine Notebook,546.71,7.1,3,1647.23,Delivered,1,,49,13
2016-05-17,2371,2016-05-25,794,Weija,Central,Express,Home and Office,Furniture,8 Cubes Plastic Wardrobe,1270.77,47.81,4,5130.89,Delivered,5,,31,8
2017-05-28,2372,2017-05-30,993,Weija,Central,Express,Phones and Tablet,Tablets,Amazon Fire HD 8 Kids Tablet,208.91,28.96,2,446.78,Returned,2,Not as expected,64,2
2018-04-03,2373,2018-04-10,259,Ashanti,Central,Standard Delivery,Home and Office,Furniture,Ergonomic Office Chair,754.17,5.52,3,2268.03,Delivered,2,,45,7
2020-11-05,2374,2020-11-13,693,Weija,West,Express,Electronics,Digital Cameras,Canon EOS 600D 18MP CMOS DSLR,1075.35,30.84,2,2181.54,Delivered,1,,29,8
2020-01-06,2375,2020-01-17,847,Oti,Central,Standard Delivery,Electronics,Digital Cameras,Sony Alpha a6000,1095.44,29.64,5,5506.84,Delivered,1,,46,11
2020-12-23,2376,2021-01-03,164,Weija,East,Express,Electronics,Home Theatre,Sony 5.1 Home Theatre,1433.17,19.48,1,1452.65,Returned,1,Changed Mind,55,11
2017-04-01,2377,2017-04-14,905,Upper East,East,Express,Phones and Tablet,Tablets,iPad Air 4th Gen,570.0,12.43,1,582.43,Delivered,2,,24,13
2016-03-09,2378,2016-03-27,674,Ashanti,South,Shipped from Abroad,Fashion,Clothing,Men's Denim Jacket,752.08,36.13,5,3796.53,Delivered,2,,58,18
2015-04-23,2379,2015-05-09,744,Greater Accra,West,Shipped from Abroad,Phones and Tablet,Mobile phones,Samsung Galaxy A02,674.13,35.15,4,2731.67,Delivered,3,,49,16
2017-08-19,2380,2017-08-26,75,Weija,South,Shipped from Abroad,Health and beauty,Personal Care,Aichun Beauty Essential Oil,1467.1,23.11,4,5891.51,Delivered,2,,26,7
2018-10-07,2381,2018-10-20,438,Oti,Central,Express,Phones and Tablet,Mobile phones,Infinix Smart HD X612,494.74,36.83,2,1026.31,Delivered,2,,22,13
2016-02-03,2382,2016-02-17,698,Greater Accra,East,Express,Health and beauty,Personal Care,Avon Soft Musk Spray,1397.65,40.08,4,5630.68,Delivered,4,,18,14
2018-02-26,2383,2018-03-11,492,Upper East,West,Shipped from Abroad,Fashion,Accessories,Polarized Sunglasses,93.88,8.94,4,384.46,Returned,2,Defective,48,13
2017-12-20,2384,2018-01-01,935,Greater Accra,West,Express,Fashion,Accessories,Leather Wallet,1022.2,20.87,4,4109.67,Delivered,3,,47,12
2015-02-01,2385,2015-02-20,170,Ashanti,North,Shipped from Abroad,Home and Office,Stationery,Parker Pen,1231.56,13.93,2,2477.05,Delivered,3,,57,19
2015-11-05,2386,2015-11-24,198,Ashanti,East,Express,Home and Office,Stationery,Parker Pen,317.71,22.09,5,1610.64,Delivered,4,,42,19
2017-10-13,2387,2017-10-29,344,Ashanti,North,Standard Delivery,Health and beauty,Makeup,Maybelline Foundation,775.63,8.82,2,1560.08,Delivered,2,,21,16
2015-05-14,2388,2015-05-28,445,Ashanti,West,Express,Home and Office,Stationery,Parker Pen,1248.01,22.69,3,3766.72,Returned,1,Arrived Late,23,14
2020-11-25,2389,2020-12-01,964,Weija,East,Express,Electronics,Digital Cameras,Nikon D3500,1257.36,11.24,4,5040.68,Delivered,2,,50,6
2016-11-26,2390,2016-12-11,400,Western,North,Shipped from Abroad,Fashion,Accessories,Leather Wallet,1295.65,8.21,5,6486.46,Delivered,3,,65,15
2020-01-09,2391,2020-01-26,329,Greater Accra,North,Standard Delivery,Health and beauty,Makeup,MAC Lipstick,644.81,15.45,2,1305.07,Delivered,5,,33,17
2016-01-18,2392,2016-01-27,445,Upper East,East,Express,Home and Office,Stationery,Moleskine Notebook,567.4,11.17,5,2848.17,Returned,2,Defective,23,9
2018-03-09,2393,2018-03-24,476,Ashanti,West,Standard Delivery,Phones and Tablet,Mobile phones,Infinix Smart HD X612,690.76,15.44,2,1396.96,Delivered,2,,49,15
2019-11-29,2394,2019-12-15,229,Oti,Central,Express,Home and Office,Stationery,Moleskine Notebook,1176.29,14.02,4,4719.18,Delivered,2,,51,16
2016-11-23,2395,2016-12-11,412,Weija,Central,Express,Fashion,Clothing,Men's Denim Jacket,1444.23,24.84,4,5801.76,Delivered,3,,62,18
2017-09-17,2396,2017-09-25,949,Western,Central,Shipped from Abroad,Fashion,Accessories,Leather Wallet,331.17,41.1,4,1365.78,Delivered,3,,33,8
2016-01-08,2397,2016-01-19,245,Upper East,South,Standard Delivery,Electronics,Digital Cameras,Nikon D3500,992.18,29.42,3,3005.96,Delivered,3,,22,11
2016-10-11,2398,2016-10-26,175,Weija,South,Express,Health and beauty,Makeup,Maybelline Foundation,1466.76,32.13,5,7365.93,Delivered,4,,28,15
2020-03-31,2399,2020-04-07,778,Volta,South,Standard Delivery,Electronics,Smartwatches,Samsung Galaxy Watch 3,1270.69,7.28,2,2548.66,Delivered,4,,25,7
2020-05-11,2400,2020-05-29,419,Ashanti,Central,Standard Delivery,Home and Office,Stationery,Parker Pen,1489.11,24.04,3,4491.37,Delivered,5,,44,18
2016-10-31,2401,2016-11-09,944,Volta,Central,Shipped from Abroad,Fashion,Accessories,Leather Wallet,1476.41,39.74,1,1516.15,Delivered,5,,53,9
2020-06-30,2402,2020-07-14,187,Greater Accra,Central,Express,Electronics,Digital Cameras,Sony Alpha a6000,264.57,6.87,3,800.58,Returned,1,Defective,47,14
2015-08-05,2403,2015-08-20,347,Oti,South,Standard Delivery,Fashion,Clothing,100% Cotton 4 Piece T-Shirts,1052.06,36.22,5,5296.52,Returned,1,Changed Mind,62,15
2020-12-22,2404,2020-12-28,138,Greater Accra,West,Express,Phones and Tablet,Mobile phones,Samsung Galaxy A02,595.17,25.61,4,2406.29,Delivered,4,,19,6
2019-12-21,2405,2019-12-26,621,Greater Accra,Central,Express,Phones and Tablet,Mobile phones,Infinix Smart HD X612,1124.39,15.74,3,3388.91,Returned,1,Defective,32,5
2020-10-16,2406,2020-11-01,461,Weija,South,Shipped from Abroad,Phones and Tablet,Tablets,iPad Air 4th Gen,1192.14,42.6,3,3619.02,Delivered,2,,56,16
2019-03-11,2407,2019-03-24,694,Greater Accra,East,Standard Delivery,Home and Office,Furniture,Ergonomic Office Chair,415.17,34.28,3,1279.79,Delivered,3,,24,13
2020-10-11,2408,2020-10-31,267,Oti,West,Standard Delivery,Fashion,Shoes,Nike Air Max,824.18,47.39,1,871.57,Delivered,1,,36,20
2019-06-13,2409,2019-06-20,695,Greater Accra,Central,Standard Delivery,Health and beauty,Makeup,Maybelline Foundation,453.87,38.76,3,1400.37,Delivered,3,,61,7
2016-07-17,2410,2016-08-01,552,Greater Accra,East,Standard Delivery,Health and beauty,Makeup,MAC Lipstick,631.16,17.49,2,1279.81,Delivered,5,,56,15
2020-02-06,2411,2020-02-20,787,Weija,West,Express,Electronics,Smartwatches,Apple Watch Series 6,421.87,12.44,5,2121.79,Returned,2,Defective,56,14
2017-03-04,2412,2017-03-21,661,Ashanti,West,Express,Phones and Tablet,Tablets,Amazon Fire HD 8 Kids Tablet,636.84,9.38,1,646.22,Returned,1,Not as expected,47,17
2020-07-06,2413,2020-07-09,944,Ashanti,South,Express,Health and beauty,Personal Care,Aichun Beauty Essential Oil,1055.51,15.81,5,5293.36,Cancelled,2,Changed Mind,53,3
2018-03-16,2414,2018-03-24,588,Oti,East,Standard Delivery,Fashion,Accessories,Polarized Sunglasses,308.94,13.55,3,940.37,Delivered,3,,19,8
2016-01-03,2415,2016-01-09,826,Weija,North,Express,Phones and Tablet,Tablets,iPad Air 4th Gen,1113.56,35.71,2,2262.83,Delivered,3,,31,6
2015-05-12,2416,2015-05-20,551,Greater Accra,South,Shipped from Abroad,Fashion,Clothing,100% Cotton 4 Piece T-Shirts,1414.92,37.07,4,5696.75,Delivered,3,,29,8
2019-07-15,2417,2019-08-04,401,Weija,Central,Express,Fashion,Accessories,Polarized Sunglasses,900.49,5.65,3,2707.12,Delivered,3,,58,20
2018-08-27,2418,2018-09-05,333,Volta,South,Standard Delivery,Fashion,Shoes,Nike Air Max,1159.58,6.79,2,2325.95,Delivered,5,,18,9
2016-02-23,2419,2016-03-06,581,Volta,West,Express,Fashion,Shoes,Nike Air Max,591.36,29.27,5,2986.07,Returned,1,Defective,70,12
2015-05-31,2420,2015-06-07,292,Oti,West,Shipped from Abroad,Phones and Tablet,Tablets,Amazon Fire HD 8 Kids Tablet,753.49,24.3,3,2284.77,Delivered,1,,28,7
2017-08-13,2421,2017-09-02,27,Greater Accra,South,Standard Delivery,Home and Office,Stationery,Parker Pen,584.77,13.57,1,598.34,Cancelled,1,Arrived Late,46,20
2015-07-17,2422,2015-07-23,472,Upper East,North,Shipped from Abroad,Home and Office,Furniture,Ergonomic Office Chair,313.77,39.35,4,1294.43,Delivered,2,,58,6
2020-05-26,2423,2020-06-10,900,Upper East,South,Shipped from Abroad,Electronics,Smartwatches,Samsung Galaxy Watch 3,1255.39,23.06,1,1278.45,Delivered,4,,46,15
2018-09-22,2424,2018-10-08,402,Upper East,Central,Express,Electronics,Smartwatches,Samsung Galaxy Watch 3,1050.36,6.83,4,4208.27,Delivered,1,,29,16
2017-08-11,2425,2017-08-31,485,Weija,East,Express,Phones and Tablet,Tablets,Amazon Fire HD 8 Kids Tablet,350.26,44.44,2,744.96,Delivered,1,,30,20
2018-01-25,2426,2018-02-09,54,Weija,Central,Express,Phones and Tablet,Tablets,Amazon Fire HD 8 Kids Tablet,757.15,37.91,2,1552.21,Cancelled,1,Changed Mind,31,15
2019-03-20,2427,2019-04-03,790,Greater Accra,East,Standard Delivery,Phones and Tablet,Mobile phones,iPhone 12,778.43,18.96,1,797.39,Delivered,3,,36,14
2018-06-11,2428,2018-06-17,587,Greater Accra,South,Express,Home and Office,Furniture,8 Cubes Plastic Wardrobe,349.18,39.49,5,1785.39,Delivered,1,,69,6
2017-03-27,2429,2017-04-08,70,Upper East,West,Shipped from Abroad,Fashion,Accessories,Leather Wallet,1356.86,12.04,1,1368.9,Delivered,2,,51,12
2017-08-30,2430,2017-09-10,728,Volta,West,Express,Health and beauty,Personal Care,Avon Soft Musk Spray,522.33,48.41,3,1615.4,Returned,2,Not as expected,29,11
2017-11-09,2431,2017-11-26,402,Ashanti,East,Standard Delivery,Phones and Tablet,Tablets,iPad Air 4th Gen,515.4,35.68,4,2097.28,Delivered,3,,29,17
2020-09-13,2432,2020-09-28,917,Volta,East,Express,Electronics,Digital Cameras,Canon EOS 600D 18MP CMOS DSLR,544.78,12.52,4,2191.64,Delivered,4,,25,15
2020-02-07,2433,2020-02-09,833,Volta,Central,Shipped from Abroad,Home and Office,Furniture,Ergonomic Office Chair,722.99,44.92,1,767.91,Delivered,4,,24,2
2020-01-23,2434,2020-02-09,511,Oti,Central,Shipped from Abroad,Fashion,Shoes,Nike Air Max,973.53,6.62,2,1953.68,Returned,1,Defective,46,17
2018-06-03,2435,2018-06-06,259,Western,South,Standard Delivery,Electronics,Smartwatches,Samsung Galaxy Watch 3,648.14,34.84,4,2627.4,Delivered,2,,45,3
2018-05-31,2436,2018-06-12,379,Ashanti,South,Shipped from Abroad,Health and beauty,Personal Care,Aichun Beauty Essential Oil,806.85,32.17,5,4066.42,Delivered,1,,56,12
2016-04-05,2437,2016-04-25,332,Ashanti,South,Shipped from Abroad,Phones and Tablet,Tablets,iPad Air 4th Gen,1314.71,34.75,3,3978.88,Delivered,3,,36,20
2015-01-30,2438,2015-02-04,30,Ashanti,North,Standard Delivery,Home and Office,Furniture,8 Cubes Plastic Wardrobe,932.8,30.04,2,1895.64,Returned,2,Defective,48,5
2020-02-20,2439,2020-03-06,154,Greater Accra,South,Express,Health and beauty,Makeup,Maybelline Foundation,603.7,49.21,1,652.91,Delivered,3,,42,15
2015-04-14,2440,2015-04-22,511,Oti,West,Standard Delivery,Phones and Tablet,Tablets,iPad Air 4th Gen,669.09,5.79,1,674.88,Returned,2,Arrived Late,46,8
2019-08-06,2441,2019-08-24,711,Weija,Central,Standard Delivery,Fashion,Shoes,Adidas Ultraboost,1228.55,44.61,5,6187.36,Delivered,3,,28,18
2018-04-04,2442,2018-04-13,50,Weija,North,Express,Electronics,Home Theatre,Sony 5.1 Home Theatre,98.06,6.69,4,398.93,Returned,2,Defective,43,9
2016-11-14,2443,2016-12-02,708,Western,South,Express,Electronics,Digital Cameras,Sony Alpha a6000,1445.06,39.13,5,7264.43,Delivered,1,,49,18
2015-01-04,2444,2015-01-09,632,Greater Accra,Central,Express,Phones and Tablet,Tablets,Amazon Fire HD 8 Kids Tablet,1315.67,35.08,2,2666.42,Delivered,5,,34,5
2020-12-11,2445,2020-12-25,439,Ashanti,South,Shipped from Abroad,Electronics,Smartwatches,Samsung Galaxy Watch 3,786.84,36.34,5,3970.54,Delivered,1,,67,14
2017-11-07,2446,2017-11-21,765,Western,South,Shipped from Abroad,Phones and Tablet,Tablets,Amazon Fire HD 8 Kids Tablet,304.49,25.92,4,1243.88,Delivered,5,,45,14
2020-03-11,2447,2020-03-24,77,Upper East,North,Standard Delivery,Electronics,Smartwatches,Samsung Galaxy Watch 3,839.57,37.97,5,4235.82,Delivered,2,,23,13
2016-11-09,2448,2016-11-14,12,Greater Accra,Central,Shipped from Abroad,Home and Office,Furniture,8 Cubes Plastic Wardrobe,1431.58,28.45,3,4323.19,Delivered,1,,28,5
2017-04-16,2449,2017-04-27,920,Oti,Central,Shipped from Abroad,Fashion,Shoes,Nike Air Max,626.17,10.5,4,2515.18,Returned,2,Changed Mind,50,11
2015-09-10,2450,2015-09-26,852,Volta,East,Express,Fashion,Shoes,Adidas Ultraboost,905.78,5.19,3,2722.53,Delivered,3,,52,16
2016-09-10,2451,2016-09-15,502,Oti,East,Shipped from Abroad,Home and Office,Stationery,Parker Pen,21.8,23.96,2,67.56,Delivered,4,,60,5
2020-01-19,2452,2020-01-25,898,Greater Accra,East,Standard Delivery,Electronics,Digital Cameras,Sony Alpha a6000,596.43,37.39,5,3019.54,Delivered,3,,55,6
2019-02-21,2453,2019-02-27,476,Ashanti,West,Standard Delivery,Home and Office,Stationery,Moleskine Notebook,320.77,49.28,3,1011.59,Delivered,2,,49,6
2019-10-01,2454,2019-10-21,887,Weija,South,Standard Delivery,Fashion,Accessories,Polarized Sunglasses,1472.16,30.94,5,7391.74,Delivered,3,,35,20
2016-09-24,2455,2016-10-12,158,Weija,South,Standard Delivery,Fashion,Clothing,100% Cotton 4 Piece T-Shirts,792.22,20.57,1,812.79,Delivered,3,,56,18
2018-08-24,2456,2018-09-11,145,Ashanti,East,Express,Phones and Tablet,Mobile phones,iPhone 12,1265.65,33.76,4,5096.36,Delivered,1,,49,18
2016-01-20,2457,2016-02-01,186,Ashanti,East,Shipped from Abroad,Phones and Tablet,Tablets,iPad Air 4th Gen,1411.42,40.42,5,7097.52,Delivered,3,,29,12
2017-07-31,2458,2017-08-05,425,Upper East,North,Shipped from Abroad,Fashion,Shoes,Nike Air Max,488.18,26.15,5,2467.05,Returned,1,Defective,24,5
2019-12-28,2459,2020-01-12,585,Oti,Central,Express,Health and beauty,Personal Care,Aichun Beauty Essential Oil,915.15,45.18,5,4620.93,Returned,2,Arrived Late,36,15
2018-11-16,2460,2018-11-21,266,Ashanti,East,Express,Phones and Tablet,Mobile phones,Infinix Smart HD X612,359.36,42.7,5,1839.5,Returned,1,Arrived Late,57,5
2015-08-12,2461,2015-08-28,523,Ashanti,North,Express,Phones and Tablet,Tablets,Amazon Fire HD 8 Kids Tablet,1229.25,25.69,3,3713.44,Delivered,4,,29,16
2019-10-01,2462,2019-10-06,284,Volta,North,Shipped from Abroad,Electronics,Smartwatches,Apple Watch Series 6,886.68,47.01,3,2707.05,Delivered,3,,23,5
2019-06-03,2463,2019-06-16,48,Ashanti,West,Express,Phones and Tablet,Mobile phones,Samsung Galaxy A02,1333.78,12.1,2,2679.66,Delivered,4,,44,13
2020-08-29,2464,2020-09-06,933,Western,Central,Shipped from Abroad,Fashion,Shoes,Nike Air Max,741.81,15.18,1,756.99,Delivered,3,,37,8
2020-12-14,2465,2020-12-25,803,Volta,West,Standard Delivery,Fashion,Shoes,Adidas Ultraboost,640.41,36.22,3,1957.45,Returned,1,Not as expected,29,11
2015-12-18,2466,2015-12-27,13,Volta,Central,Standard Delivery,Phones and Tablet,Tablets,iPad Air 4th Gen,512.97,6.49,5,2571.34,Delivered,3,,40,9
2015-08-18,2467,2015-09-03,600,Volta,East,Express,Electronics,Digital Cameras,Sony Alpha a6000,352.82,22.26,2,727.9,Delivered,1,,31,16
2020-07-28,2468,2020-08-03,178,Weija,North,Express,Fashion,Accessories,Leather Wallet,30.51,23.5,4,145.54,Returned,1,Not as expected,18,6
2020-06-30,2469,2020-07-11,119,Upper East,West,Standard Delivery,Fashion,Clothing,Men's Denim Jacket,1171.24,11.43,1,1182.67,Cancelled,1,Defective,21,11
2016-07-09,2470,2016-07-29,823,Ashanti,South,Express,Phones and Tablet,Mobile phones,iPhone 12,203.33,11.19,5,1027.84,Delivered,3,,29,20
2018-08-04,2471,2018-08-20,383,Oti,South,Standard Delivery,Home and Office,Furniture,8 Cubes Plastic Wardrobe,40.5,43.89,3,165.39,Cancelled,2,Not as expected,70,16
2019-10-05,2472,2019-10-07,187,Greater Accra,South,Shipped from Abroad,Phones and Tablet,Mobile phones,Infinix Smart HD X612,308.12,12.86,3,937.22,Delivered,1,,47,2
2019-01-02,2473,2019-01-22,98,Weija,Central,Standard Delivery,Electronics,Home Theatre,LG Soundbar,1467.99,28.56,2,2964.54,Delivered,2,,36,20
2018-01-14,2474,2018-01-25,841,Greater Accra,Central,Standard Delivery,Home and Office,Furniture,8 Cubes Plastic Wardrobe,914.62,47.41,5,4620.51,Delivered,4,,61,11
2016-10-22,2475,2016-10-30,473,Western,South,Standard Delivery,Electronics,Digital Cameras,Canon EOS 600D 18MP CMOS DSLR,205.48,22.1,3,638.54,Returned,1,Changed Mind,42,8
2015-02-10,2476,2015-02-19,487,Ashanti,West,Standard Delivery,Health and beauty,Personal Care,Aichun Beauty Essential Oil,395.81,13.81,2,805.43,Delivered,2,,36,9
2017-04-02,2477,2017-04-07,297,Oti,North,Express,Phones and Tablet,Tablets,Amazon Fire HD 8 Kids Tablet,478.84,33.15,3,1469.67,Delivered,5,,47,5
2015-09-02,2478,2015-09-16,840,Greater Accra,West,Standard Delivery,Electronics,Digital Cameras,Canon EOS 600D 18MP CMOS DSLR,709.39,32.1,4,2869.66,Delivered,4,,41,14
2019-05-03,2479,2019-05-16,17,Weija,North,Standard Delivery,Electronics,Digital Cameras,Nikon D3500,160.09,40.35,4,680.71,Returned,1,Arrived Late,51,13
2017-05-17,2480,2017-06-05,712,Ashanti,Central,Standard Delivery,Fashion,Accessories,Leather Wallet,399.46,23.81,3,1222.19,Delivered,4,,33,19
2015-06-12,2481,2015-06-24,428,Ashanti,North,Express,Electronics,Home Theatre,LG Soundbar,23.27,22.32,2,68.86,Delivered,4,,26,12
2018-09-21,2482,2018-09-28,273,Weija,North,Shipped from Abroad,Phones and Tablet,Mobile phones,Samsung Galaxy A02,356.56,39.7,1,396.26,Delivered,2,,49,7
2020-04-20,2483,2020-04-29,781,Ashanti,West,Shipped from Abroad,Home and Office,Stationery,Parker Pen,506.76,48.85,5,2582.65,Returned,2,Changed Mind,59,9
2017-02-05,2484,2017-02-25,346,Oti,Central,Shipped from Abroad,Phones and Tablet,Mobile phones,Infinix Smart HD X612,247.09,39.76,4,1028.12,Delivered,3,,70,20
2019-09-14,2485,2019-10-01,865,Upper East,West,Shipped from Abroad,Health and beauty,Personal Care,Avon Soft Musk Spray,329.69,36.95,3,1026.02,Delivered,1,,58,17
2017-04-14,2486,2017-04-17,734,Volta,East,Express,Phones and Tablet,Tablets,Amazon Fire HD 8 Kids Tablet,465.7,22.78,2,954.18,Delivered,1,,41,3
2015-01-03,2487,2015-01-12,635,Greater Accra,Central,Express,Electronics,Digital Cameras,Canon EOS 600D 18MP CMOS DSLR,335.26,26.23,5,1702.53,Delivered,1,,63,9
2018-09-22,2488,2018-09-24,578,Volta,East,Standard Delivery,Home and Office,Stationery,Parker Pen,209.01,42.44,2,460.46,Returned,2,Arrived Late,23,2
2020-01-01,2489,2020-01-19,712,Volta,West,Shipped from Abroad,Phones and Tablet,Mobile phones,Infinix Smart HD X612,1245.48,6.79,5,6234.19,Delivered,2,,33,18
2019-05-20,2490,2019-05-28,158,Greater Accra,East,Standard Delivery,Health and beauty,Makeup,Maybelline Foundation,93.79,31.62,1,125.41,Delivered,3,,56,8
2016-09-05,2491,2016-09-12,354,Weija,North,Standard Delivery,Fashion,Shoes,Adidas Ultraboost,305.52,37.91,2,648.95,Delivered,3,,26,7
2020-06-20,2492,2020-06-27,528,Weija,West,Express,Phones and Tablet,Tablets,Amazon Fire HD 8 Kids Tablet,1253.64,28.93,3,3789.85,Delivered,3,,56,7
2016-01-26,2493,2016-02-06,259,Weija,Central,Shipped from Abroad,Electronics,Smartwatches,Apple Watch Series 6,94.49,27.36,3,310.83,Delivered,3,,45,11
2017-01-19,2494,2017-01-27,948,Upper East,East,Shipped from Abroad,Phones and Tablet,Tablets,Amazon Fire HD 8 Kids Tablet,676.03,34.7,4,2738.82,Cancelled,2,Arrived Late,33,8
2018-06-28,2495,2018-07-05,224,Greater Accra,Central,Shipped from Abroad,Fashion,Accessories,Leather Wallet,279.73,45.95,4,1164.87,Delivered,2,,32,7
2019-09-23,2496,2019-10-01,397,Western,South,Shipped from Abroad,Home and Office,Stationery,Parker Pen,1190.91,13.93,4,4777.57,Delivered,4,,29,8
2019-04-20,2497,2019-04-24,144,Weija,East,Express,Fashion,Accessories,Polarized Sunglasses,1386.29,15.12,4,5560.28,Returned,2,Not as expected,65,4
2016-12-13,2498,2016-12-27,595,Ashanti,West,Express,Electronics,Home Theatre,Sony 5.1 Home Theatre,1226.09,40.11,2,2492.29,Delivered,1,,28,14
2017-06-17,2499,2017-06-19,7,Greater Accra,West,Shipped from Abroad,Electronics,Digital Cameras,Canon EOS 600D 18MP CMOS DSLR,1125.81,21.14,3,3398.57,Delivered,3,,54,2
2017-01-01,2500,2017-01-07,966,Weija,South,Express,Home and Office,Stationery,Parker Pen,1241.72,49.57,2,2533.01,Delivered,4,,62,6
2017-05-01,2501,2017-05-12,66,Oti,North,Standard Delivery,Phones and Tablet,Tablets,Amazon Fire HD 8 Kids Tablet,318.91,38.22,4,1313.86,Delivered,1,,36,11
2015-02-10,2502,2015-02-15,919,Greater Accra,South,Standard Delivery,Phones and Tablet,Mobile phones,Samsung Galaxy A02,38.81,26.09,5,220.14,Delivered,4,,59,5
2020-05-03,2503,2020-05-06,57,Western,North,Express,Fashion,Accessories,Polarized Sunglasses,516.52,10.95,5,2593.55,Returned,1,Defective,21,3
2017-12-14,2504,2017-12-20,545,Upper East,West,Shipped from Abroad,Home and Office,Stationery,Moleskine Notebook,162.16,9.2,1,171.36,Delivered,1,,53,6
2017-01-17,2505,2017-01-27,996,Volta,East,Shipped from Abroad,Fashion,Accessories,Polarized Sunglasses,928.03,35.09,4,3747.21,Returned,1,Arrived Late,30,10
2015-09-28,2506,2015-10-05,260,Upper East,South,Express,Electronics,Home Theatre,Sony 5.1 Home Theatre,295.59,17.46,2,608.64,Delivered,3,,49,7
2019-01-27,2507,2019-02-02,585,Western,North,Shipped from Abroad,Fashion,Clothing,Men's Denim Jacket,513.53,48.31,4,2102.43,Delivered,4,,36,6
2017-09-18,2508,2017-10-05,468,Greater Accra,East,Standard Delivery,Home and Office,Stationery,Moleskine Notebook,115.28,33.69,5,610.09,Delivered,3,,54,17
2020-02-11,2509,2020-02-23,236,Volta,West,Standard Delivery,Phones and Tablet,Tablets,Amazon Fire HD 8 Kids Tablet,1185.24,36.93,1,1222.17,Delivered,1,,32,12
2019-06-09,2510,2019-06-12,852,Oti,West,Express,Home and Office,Furniture,8 Cubes Plastic Wardrobe,523.79,33.83,5,2652.78,Delivered,4,,52,3
2017-12-15,2511,2017-12-31,169,Oti,West,Express,Health and beauty,Personal Care,Avon Soft Musk Spray,841.43,38.54,5,4245.69,Cancelled,1,Not as expected,63,16
2019-04-18,2512,2019-05-03,84,Oti,Central,Express,Fashion,Clothing,Men's Denim Jacket,759.1,30.66,2,1548.86,Delivered,5,,64,15
2019-11-01,2513,2019-11-19,713,Oti,South,Standard Delivery,Home and Office,Stationery,Moleskine Notebook,977.26,26.67,2,1981.19,Delivered,1,,66,18
2016-09-26,2514,2016-10-04,625,Greater Accra,Central,Express,Electronics,Smartwatches,Apple Watch Series 6,607.5,38.22,1,645.72,Delivered,1,,28,8
2018-04-15,2515,2018-04-18,460,Western,North,Standard Delivery,Health and beauty,Makeup,Maybelline Foundation,1096.56,43.36,5,5526.16,Delivered,2,,59,3
2015-09-19,2516,2015-10-09,890,Oti,North,Express,Fashion,Accessories,Leather Wallet,404.51,46.31,2,855.33,Returned,2,Changed Mind,40,20
2017-11-14,2517,2017-12-03,950,Weija,South,Shipped from Abroad,Phones and Tablet,Tablets,iPad Air 4th Gen,141.66,33.48,2,316.8,Returned,1,Defective,41,19
2015-06-18,2518,2015-06-23,539,Upper East,South,Express,Fashion,Clothing,Men's Denim Jacket,1393.37,22.9,3,4203.01,Returned,2,Arrived Late,60,5
2020-06-08,2519,2020-06-26,565,Western,North,Shipped from Abroad,Electronics,Smartwatches,Apple Watch Series 6,475.95,21.98,2,973.88,Delivered,1,,50,18
2018-11-07,2520,2018-11-11,754,Greater Accra,North,Standard Delivery,Electronics,Digital Cameras,Canon EOS 600D 18MP CMOS DSLR,1381.04,39.72,5,6944.92,Returned,2,Arrived Late,22,4
2017-11-11,2521,2017-11-14,673,Ashanti,North,Express,Health and beauty,Personal Care,Aichun Beauty Essential Oil,1253.92,42.61,1,1296.53,Delivered,5,,27,3
2017-08-26,2522,2017-09-10,145,Greater Accra,East,Shipped from Abroad,Health and beauty,Personal Care,Avon Soft Musk Spray,783.08,24.26,2,1590.42,Delivered,2,,49,15
2019-06-01,2523,2019-06-16,782,Ashanti,Central,Shipped from Abroad,Home and Office,Furniture,8 Cubes Plastic Wardrobe,1236.47,26.67,5,6209.02,Delivered,5,,45,15
2017-05-08,2524,2017-05-20,955,Western,North,Express,Phones and Tablet,Mobile phones,Samsung Galaxy A02,303.83,11.92,4,1227.24,Delivered,2,,49,12
2018-12-25,2525,2018-12-30,34,Volta,North,Shipped from Abroad,Fashion,Clothing,Men's Denim Jacket,1431.46,27.33,4,5753.17,Delivered,4,,70,5
2017-10-31,2526,2017-11-04,72,Greater Accra,Central,Standard Delivery,Phones and Tablet,Mobile phones,Infinix Smart HD X612,84.44,14.49,2,183.37,Cancelled,1,Defective,49,4
2015-08-02,2527,2015-08-05,395,Weija,South,Shipped from Abroad,Fashion,Clothing,Men's Denim Jacket,305.96,44.23,2,656.15,Delivered,3,,49,3
2018-11-14,2528,2018-11-22,881,Greater Accra,Central,Shipped from Abroad,Phones and Tablet,Tablets,iPad Air 4th Gen,505.31,22.63,4,2043.87,Delivered,4,,28,8
2019-08-09,2529,2019-08-24,106,Ashanti,West,Express,Electronics,Digital Cameras,Nikon D3500,1000.53,7.5,5,5010.15,Delivered,3,,27,15
2015-06-25,2530,2015-07-12,873,Western,East,Express,Home and Office,Furniture,Ergonomic Office Chair,559.71,29.05,1,588.76,Delivered,1,,33,17
2015-11-11,2531,2015-11-18,752,Weija,West,Express,Home and Office,Stationery,Moleskine Notebook,51.33,32.71,3,186.7,Delivered,2,,50,7
2020-10-13,2532,2020-10-31,676,Volta,West,Standard Delivery,Health and beauty,Personal Care,Aichun Beauty Essential Oil,1444.61,43.83,4,5822.27,Delivered,2,,45,18
2017-08-23,2533,2017-09-02,437,Oti,North,Shipped from Abroad,Phones and Tablet,Mobile phones,Infinix Smart HD X612,197.24,10.73,4,799.69,Returned,2,Arrived Late,51,10
2015-03-17,2534,2015-03-20,253,Weija,East,Standard Delivery,Fashion,Shoes,Nike Air Max,1421.76,14.05,2,2857.57,Delivered,1,,33,3
2020-04-19,2535,2020-05-03,682,Oti,East,Shipped from Abroad,Fashion,Shoes,Nike Air Max,743.61,13.13,4,2987.57,Returned,1,Not as expected,49,14
2015-07-22,2536,2015-08-01,227,Greater Accra,West,Standard Delivery,Fashion,Accessories,Leather Wallet,352.66,39.97,2,745.29,Delivered,4,,60,10
2015-03-04,2537,2015-03-07,971,Greater Accra,North,Express,Phones and Tablet,Mobile phones,iPhone 12,502.69,39.73,4,2050.49,Delivered,1,,34,3
2016-06-11,2538,2016-06-27,606,Western,Central,Shipped from Abroad,Phones and Tablet,Tablets,Amazon Fire HD 8 Kids Tablet,478.12,31.82,1,509.94,Delivered,3,,39,16
2020-08-29,2539,2020-09-11,175,Oti,North,Express,Fashion,Accessories,Polarized Sunglasses,292.89,15.61,2,601.39,Delivered,2,,28,13
2016-05-23,2540,2016-05-26,825,Greater Accra,West,Standard Delivery,Electronics,Home Theatre,Sony 5.1 Home Theatre,1342.1,23.37,5,6733.87,Returned,1,Defective,30,3
2017-03-31,2541,2017-04-11,302,Volta,South,Express,Fashion,Accessories,Polarized Sunglasses,994.43,44.26,4,4021.98,Returned,2,Arrived Late,27,11
2018-03-29,2542,2018-03-31,357,Oti,Central,Shipped from Abroad,Electronics,Smartwatches,Samsung Galaxy Watch 3,978.69,9.85,1,988.54,Delivered,1,,45,2
2019-12-20,2543,2020-01-02,240,Oti,East,Shipped from Abroad,Health and beauty,Makeup,Maybelline Foundation,460.76,9.95,1,470.71,Delivered,4,,40,13
2017-03-20,2544,2017-04-09,487,Weija,Central,Standard Delivery,Health and beauty,Personal Care,Aichun Beauty Essential Oil,305.19,43.9,2,654.28,Delivered,2,,36,20
2019-12-28,2545,2020-01-13,937,Greater Accra,East,Express,Phones and Tablet,Tablets,iPad Air 4th Gen,171.61,32.98,3,547.81,Delivered,1,,60,16
2018-07-10,2546,2018-07-14,186,Upper East,South,Shipped from Abroad,Health and beauty,Personal Care,Aichun Beauty Essential Oil,495.22,28.62,3,1514.28,Delivered,3,,29,4
2020-06-18,2547,2020-07-08,188,Western,West,Express,Home and Office,Stationery,Parker Pen,817.72,47.45,4,3318.33,Delivered,2,,50,20
2017-02-25,2548,2017-03-08,858,Ashanti,South,Standard Delivery,Fashion,Shoes,Nike Air Max,646.12,35.48,4,2619.96,Delivered,1,,45,11
2016-09-11,2549,2016-09-16,321,Weija,Central,Standard Delivery,Home and Office,Furniture,8 Cubes Plastic Wardrobe,86.75,25.67,3,285.92,Delivered,4,,22,5
2015-06-22,2550,2015-07-11,772,Volta,Central,Shipped from Abroad,Electronics,Digital Cameras,Nikon D3500,925.2,42.55,1,967.75,Returned,2,Defective,66,19
2018-11-01,2551,2018-11-03,358,Ashanti,East,Express,Health and beauty,Makeup,MAC Lipstick,580.54,47.93,1,628.47,Delivered,3,,58,2
2020-03-12,2552,2020-03-26,958,Weija,East,Express,Electronics,Smartwatches,Samsung Galaxy Watch 3,440.11,7.63,5,2208.18,Delivered,5,,45,14
2018-09-18,2553,2018-09-20,220,Oti,South,Standard Delivery,Home and Office,Stationery,Moleskine Notebook,627.47,40.42,2,1295.36,Delivered,3,,34,2
2018-04-26,2554,2018-05-15,394,Weija,West,Express,Electronics,Smartwatches,Apple Watch Series 6,1013.23,15.08,1,1028.31,Delivered,4,,52,19
2020-09-21,2555,2020-10-07,172,Western,East,Standard Delivery,Electronics,Digital Cameras,Nikon D3500,1292.05,13.98,4,5182.18,Delivered,1,,46,16
2016-02-29,2556,2016-03-15,756,Oti,South,Standard Delivery,Phones and Tablet,Mobile phones,Infinix Smart HD X612,61.95,36.24,1,98.19,Delivered,3,,45,15
2016-11-13,2557,2016-12-01,990,Volta,East,Standard Delivery,Phones and Tablet,Mobile phones,iPhone 12,272.73,18.27,1,291.0,Delivered,3,,22,18
2015-04-16,2558,2015-04-20,63,Ashanti,South,Standard Delivery,Phones and Tablet,Tablets,iPad Air 4th Gen,830.66,44.77,5,4198.07,Returned,1,Arrived Late,33,4
2020-09-29,2559,2020-10-16,588,Oti,West,Standard Delivery,Home and Office,Furniture,8 Cubes Plastic Wardrobe,1324.47,35.17,3,4008.58,Delivered,5,,19,17
2016-05-19,2560,2016-05-28,658,Oti,North,Shipped from Abroad,Home and Office,Stationery,Parker Pen,1474.72,31.93,1,1506.65,Delivered,4,,27,9
2018-06-11,2561,2018-06-21,25,Volta,North,Standard Delivery,Home and Office,Furniture,8 Cubes Plastic Wardrobe,1422.55,46.33,3,4313.98,Delivered,3,,30,10
2019-07-24,2562,2019-08-05,103,Western,Central,Shipped from Abroad,Electronics,Digital Cameras,Canon EOS 600D 18MP CMOS DSLR,906.6,21.68,1,928.28,Delivered,1,,63,12
2020-05-20,2563,2020-06-07,142,Upper East,East,Express,Fashion,Accessories,Polarized Sunglasses,626.87,42.18,2,1295.92,Delivered,2,,35,18
2019-12-26,2564,2020-01-14,18,Greater Accra,Central,Express,Health and beauty,Makeup,Maybelline Foundation,1380.46,6.93,5,6909.23,Delivered,3,,43,19
2020-08-28,2565,2020-09-04,580,Oti,East,Express,Electronics,Digital Cameras,Sony Alpha a6000,221.73,22.43,2,465.89,Returned,1,Changed Mind,33,7
2017-07-04,2566,2017-07-18,178,Western,West,Shipped from Abroad,Electronics,Smartwatches,Apple Watch Series 6,207.87,25.79,5,1065.14,Cancelled,2,Not as expected,18,14
2016-01-19,2567,2016-01-29,882,Volta,West,Standard Delivery,Fashion,Clothing,Men's Denim Jacket,654.89,16.12,4,2635.68,Returned,2,Changed Mind,66,10
2020-01-07,2568,2020-01-12,118,Oti,South,Shipped from Abroad,Fashion,Clothing,100% Cotton 4 Piece T-Shirts,1158.14,22.44,3,3496.86,Delivered,4,,62,5
2015-03-04,2569,2015-03-22,994,Weija,East,Standard Delivery,Fashion,Shoes,Adidas Ultraboost,415.07,35.17,1,450.24,Returned,1,Not as expected,30,18
2018-07-20,2570,2018-07-27,754,Volta,East,Express,Health and beauty,Makeup,Maybelline Foundation,273.38,22.81,4,1116.33,Delivered,4,,22,7
2017-05-09,2571,2017-05-12,763,Volta,East,Standard Delivery,Electronics,Digital Cameras,Canon EOS 600D 18MP CMOS DSLR,627.02,37.29,3,1918.35,Delivered,5,,49,3
2019-04-15,2572,2019-04-18,118,Western,West,Standard Delivery,Home and Office,Stationery,Parker Pen,1093.56,49.25,1,1142.81,Returned,1,Defective,62,3
2019-10-22,2573,2019-11-10,110,Greater Accra,Central,Express,Phones and Tablet,Mobile phones,Samsung Galaxy A02,1092.54,20.54,3,3298.16,Delivered,2,,45,19
2015-03-06,2574,2015-03-22,475,Greater Accra,West,Shipped from Abroad,Phones and Tablet,Tablets,iPad Air 4th Gen,214.52,29.19,3,672.75,Delivered,1,,38,16
2015-05-01,2575,2015-05-15,344,Oti,North,Standard Delivery,Health and beauty,Makeup,Maybelline Foundation,16.63,31.25,4,97.77,Delivered,2,,21,14
2018-02-05,2576,2018-02-16,232,Ashanti,South,Express,Phones and Tablet,Mobile phones,iPhone 12,608.4,39.46,1,647.86,Cancelled,2,Defective,59,11
2015-05-07,2577,2015-05-18,461,Oti,South,Express,Electronics,Home Theatre,LG Soundbar,234.5,6.48,1,240.98,Delivered,2,,56,11
2019-03-23,2578,2019-04-02,879,Western,North,Express,Home and Office,Furniture,8 Cubes Plastic Wardrobe,17.4,15.31,5,102.31,Returned,1,Defective,41,10
2019-08-09,2579,2019-08-15,665,Volta,South,Shipped from Abroad,Fashion,Shoes,Nike Air Max,846.48,46.68,2,1739.64,Returned,2,Not as expected,19,6
2016-11-23,2580,2016-11-26,25,Western,East,Express,Home and Office,Furniture,Ergonomic Office Chair,1215.97,26.5,4,4890.38,Returned,1,Arrived Late,30,3
2017-11-23,2581,2017-11-29,167,Oti,West,Express,Home and Office,Stationery,Parker Pen,447.21,41.44,2,935.86,Delivered,4,,51,6
2015-05-13,2582,2015-05-19,937,Upper East,North,Shipped from Abroad,Home and Office,Stationery,Moleskine Notebook,1233.14,39.77,5,6205.47,Returned,1,Arrived Late,60,6
2015-06-11,2583,2015-06-17,713,Oti,Central,Express,Electronics,Smartwatches,Samsung Galaxy Watch 3,558.28,11.87,5,2803.27,Returned,2,Defective,66,6
2018-05-08,2584,2018-05-27,494,Weija,West,Standard Delivery,Home and Office,Furniture,8 Cubes Plastic Wardrobe,396.99,34.93,1,431.92,Delivered,3,,69,19
2018-06-02,2585,2018-06-19,151,Weija,West,Express,Electronics,Smartwatches,Samsung Galaxy Watch 3,686.35,16.97,3,2076.02,Delivered,2,,30,17
2018-03-28,2586,2018-04-17,613,Volta,Central,Shipped from Abroad,Health and beauty,Makeup,MAC Lipstick,472.19,9.11,3,1425.68,Delivered,1,,18,20
2015-03-13,2587,2015-04-02,31,Volta,Central,Standard Delivery,Fashion,Shoes,Nike Air Max,1267.5,24.83,4,5094.83,Cancelled,1,Arrived Late,25,20
2020-10-13,2588,2020-11-02,471,Weija,South,Shipped from Abroad,Fashion,Clothing,Men's Denim Jacket,623.54,26.49,4,2520.65,Delivered,1,,65,20
2019-12-01,2589,2019-12-08,518,Volta,North,Shipped from Abroad,Home and Office,Stationery,Parker Pen,682.6,49.78,2,1414.98,Delivered,3,,57,7
2015-07-18,2590,2015-08-02,905,Upper East,North,Express,Fashion,Clothing,Men's Denim Jacket,783.81,42.55,2,1610.17,Returned,1,Arrived Late,24,15
2015-05-15,2591,2015-05-23,546,Oti,North,Shipped from Abroad,Electronics,Digital Cameras,Sony Alpha a6000,885.59,36.55,5,4464.5,Delivered,3,,62,8
2019-11-02,2592,2019-11-11,53,Volta,North,Standard Delivery,Home and Office,Stationery,Parker Pen,132.46,20.34,2,285.26,Returned,1,Not as expected,21,9
2015-06-29,2593,2015-07-05,671,Oti,West,Standard Delivery,Phones and Tablet,Tablets,Amazon Fire HD 8 Kids Tablet,1005.77,30.6,4,4053.68,Delivered,3,,23,6
2017-07-30,2594,2017-08-18,419,Volta,South,Express,Phones and Tablet,Mobile phones,Samsung Galaxy A02,1137.3,46.92,2,2321.52,Delivered,3,,44,19
2018-12-16,2595,2018-12-19,925,Oti,West,Standard Delivery,Fashion,Clothing,Men's Denim Jacket,530.7,29.93,1,560.63,Delivered,3,,70,3
2019-05-21,2596,2019-05-30,222,Upper East,South,Shipped from Abroad,Electronics,Home Theatre,Sony 5.1 Home Theatre,119.75,14.65,5,613.4,Returned,1,Not as expected,63,9
2020-05-22,2597,2020-06-04,562,Ashanti,East,Express,Home and Office,Stationery,Moleskine Notebook,975.53,8.92,5,4886.57,Delivered,1,,70,13
2020-12-28,2598,2021-01-15,759,Volta,South,Shipped from Abroad,Home and Office,Stationery,Parker Pen,527.49,17.29,5,2654.74,Delivered,2,,30,18
2019-07-23,2599,2019-08-05,108,Greater Accra,South,Express,Home and Office,Stationery,Moleskine Notebook,532.94,49.88,2,1115.76,Delivered,3,,61,13
2019-06-22,2600,2019-07-06,6,Greater Accra,West,Standard Delivery,Fashion,Accessories,Leather Wallet,562.43,28.2,4,2277.92,Delivered,3,,51,14
2019-12-25,2601,2020-01-06,182,Greater Accra,South,Express,Health and beauty,Makeup,Maybelline Foundation,158.65,16.15,5,809.4,Returned,2,Not as expected,28,12
2020-12-26,2602,2021-01-03,879,Volta,Central,Express,Home and Office,Stationery,Parker Pen,967.87,14.08,2,1949.82,Delivered,1,,41,8
2020-06-23,2603,2020-07-05,437,Western,West,Standard Delivery,Fashion,Clothing,Men's Denim Jacket,268.68,47.33,2,584.69,Delivered,1,,51,12
2020-08-02,2604,2020-08-14,636,Ashanti,West,Standard Delivery,Home and Office,Furniture,Ergonomic Office Chair,1266.72,44.05,1,1310.77,Delivered,3,,42,12
2019-06-11,2605,2019-06-24,914,Ashanti,South,Shipped from Abroad,Fashion,Shoes,Nike Air Max,1247.67,22.32,1,1269.99,Returned,2,Changed Mind,61,13
2016-04-05,2606,2016-04-18,179,Ashanti,East,Shipped from Abroad,Electronics,Digital Cameras,Nikon D3500,447.36,17.88,5,2254.68,Delivered,3,,58,13
2017-10-24,2607,2017-11-06,738,Ashanti,North,Shipped from Abroad,Home and Office,Stationery,Moleskine Notebook,14.79,30.32,1,45.11,Cancelled,1,Not as expected,63,13
2019-09-24,2608,2019-09-26,432,Volta,East,Standard Delivery,Phones and Tablet,Tablets,Amazon Fire HD 8 Kids Tablet,963.98,32.1,5,4852.0,Returned,2,Defective,53,2
2015-09-13,2609,2015-09-19,586,Greater Accra,East,Shipped from Abroad,Home and Office,Furniture,8 Cubes Plastic Wardrobe,763.03,46.97,4,3099.09,Delivered,5,,45,6
2016-04-12,2610,2016-04-22,665,Volta,North,Shipped from Abroad,Home and Office,Stationery,Moleskine Notebook,457.26,48.39,1,505.65,Returned,2,Arrived Late,19,10
2018-02-22,2611,2018-03-14,753,Western,Central,Express,Home and Office,Furniture,Ergonomic Office Chair,1465.69,39.26,3,4436.33,Cancelled,2,Changed Mind,33,20
2017-04-06,2612,2017-04-19,891,Weija,South,Standard Delivery,Health and beauty,Makeup,MAC Lipstick,504.87,13.28,3,1527.89,Delivered,3,,20,13
2019-06-28,2613,2019-07-05,955,Greater Accra,South,Standard Delivery,Health and beauty,Personal Care,Aichun Beauty Essential Oil,588.11,41.4,3,1805.73,Delivered,1,,49,7
2020-11-03,2614,2020-11-23,468,Western,Central,Shipped from Abroad,Home and Office,Stationery,Parker Pen,1073.0,18.64,3,3237.64,Delivered,5,,54,20
2020-03-03,2615,2020-03-12,519,Greater Accra,North,Shipped from Abroad,Phones and Tablet,Tablets,Amazon Fire HD 8 Kids Tablet,1093.46,30.67,1,1124.13,Delivered,4,,34,9
2020-09-06,2616,2020-09-11,558,Volta,North,Express,Electronics,Smartwatches,Apple Watch Series 6,358.04,6.63,5,1796.83,Returned,2,Changed Mind,18,5
2017-06-19,2617,2017-06-29,974,Ashanti,South,Shipped from Abroad,Fashion,Clothing,100% Cotton 4 Piece T-Shirts,769.61,42.83,1,812.44,Delivered,3,,39,10
2020-06-02,2618,2020-06-14,134,Weija,Central,Standard Delivery,Electronics,Smartwatches,Samsung Galaxy Watch 3,969.47,40.08,5,4887.43,Delivered,1,,52,12
2019-12-13,2619,2019-12-27,319,Upper East,West,Express,Phones and Tablet,Mobile phones,iPhone 12,680.01,5.55,4,2725.59,Delivered,3,,22,14
2020-09-10,2620,2020-09-27,497,Greater Accra,South,Shipped from Abroad,Phones and Tablet,Mobile phones,iPhone 12,230.86,34.13,3,726.71,Delivered,1,,45,17
2017-06-06,2621,2017-06-23,893,Greater Accra,North,Standard Delivery,Phones and Tablet,Mobile phones,iPhone 12,1198.57,32.43,2,2429.57,Delivered,3,,50,17
2020-08-20,2622,2020-08-25,481,Oti,West,Shipped from Abroad,Health and beauty,Personal Care,Avon Soft Musk Spray,605.26,25.76,4,2446.8,Delivered,2,,33,5
2019-05-08,2623,2019-05-18,238,Greater Accra,South,Shipped from Abroad,Phones and Tablet,Tablets,Amazon Fire HD 8 Kids Tablet,480.49,37.13,2,998.11,Delivered,3,,44,10
2015-08-26,2624,2015-09-10,393,Weija,Central,Standard Delivery,Electronics,Smartwatches,Apple Watch Series 6,847.65,5.42,1,853.07,Delivered,3,,30,15
2019-12-31,2625,2020-01-17,217,Volta,South,Shipped from Abroad,Home and Office,Stationery,Parker Pen,203.88,22.73,4,838.25,Delivered,4,,34,17
2018-03-24,2626,2018-04-08,939,Western,East,Shipped from Abroad,Home and Office,Furniture,8 Cubes Plastic Wardrobe,393.43,12.19,1,405.62,Delivered,3,,22,15
2016-05-13,2627,2016-05-31,992,Upper East,Central,Standard Delivery,Fashion,Accessories,Polarized Sunglasses,68.67,13.58,2,150.92,Returned,2,Changed Mind,53,18
2020-01-08,2628,2020-01-11,788,Western,East,Standard Delivery,Fashion,Clothing,100% Cotton 4 Piece T-Shirts,17.85,44.13,2,79.83,Returned,2,Defective,20,3
2019-08-16,2629,2019-08-23,784,Volta,South,Standard Delivery,Home and Office,Furniture,8 Cubes Plastic Wardrobe,939.5,12.68,3,2831.18,Delivered,3,,57,7
2016-02-22,2630,2016-03-08,52,Western,North,Express,Home and Office,Furniture,8 Cubes Plastic Wardrobe,54.78,29.87,1,84.65,Delivered,2,,22,15
2017-01-26,2631,2017-02-12,287,Western,South,Shipped from Abroad,Home and Office,Stationery,Parker Pen,1177.58,5.15,4,4715.47,Returned,1,Not as expected,28,17
2016-08-20,2632,2016-09-08,446,Oti,Central,Standard Delivery,Health and beauty,Makeup,MAC Lipstick,680.14,15.16,5,3415.86,Delivered,2,,56,19
2019-10-02,2633,2019-10-16,280,Upper East,West,Express,Health and beauty,Makeup,Maybelline Foundation,708.09,15.47,5,3555.92,Delivered,5,,49,14
2018-08-14,2634,2018-09-02,415,Oti,West,Shipped from Abroad,Fashion,Shoes,Adidas Ultraboost,1432.01,48.4,4,5776.44,Delivered,2,,53,19
2020-03-27,2635,2020-04-09,930,Western,North,Shipped from Abroad,Health and beauty,Makeup,MAC Lipstick,1379.35,29.48,3,4167.53,Delivered,4,,25,13
2015-04-15,2636,2015-04-26,752,Upper East,Central,Express,Home and Office,Furniture,8 Cubes Plastic Wardrobe,1226.95,44.93,3,3725.78,Delivered,2,,50,11
2015-06-02,2637,2015-06-06,694,Upper East,East,Shipped from Abroad,Phones and Tablet,Mobile phones,Infinix Smart HD X612,462.49,22.82,4,1872.78,Delivered,3,,24,4
2016-09-25,2638,2016-10-11,32,Oti,East,Express,Fashion,Shoes,Adidas Ultraboost,1497.92,12.02,3,4505.78,Delivered,3,,50,16
2017-06-11,2639,2017-06-14,135,Western,Central,Shipped from Abroad,Home and Office,Furniture,8 Cubes Plastic Wardrobe,651.52,8.93,2,1311.97,Returned,1,Changed Mind,41,3
2020-01-15,2640,2020-01-29,696,Oti,Central,Express,Home and Office,Furniture,Ergonomic Office Chair,836.94,43.02,4,3390.78,Returned,1,Arrived Late,21,14
2016-10-09,2641,2016-10-27,72,Greater Accra,North,Express,Fashion,Accessories,Polarized Sunglasses,672.4,34.79,5,3396.79,Delivered,3,,49,18
2016-07-18,2642,2016-08-06,690,Upper East,South,Shipped from Abroad,Home and Office,Furniture,8 Cubes Plastic Wardrobe,1485.73,20.22,4,5963.14,Returned,2,Arrived Late,22,19
2017-10-01,2643,2017-10-19,633,Upper East,Central,Express,Home and Office,Furniture,Ergonomic Office Chair,866.12,16.48,3,2614.84,Delivered,5,,60,18
2019-03-19,2644,2019-04-03,7,Volta,East,Shipped from Abroad,Health and beauty,Makeup,MAC Lipstick,399.2,26.15,5,2022.15,Delivered,1,,54,15
2016-07-09,2645,2016-07-29,906,Western,East,Express,Fashion,Clothing,Men's Denim Jacket,1118.41,46.93,2,2283.75,Delivered,2,,53,20
2017-11-28,2646,2017-12-17,298,Greater Accra,South,Express,Home and Office,Stationery,Moleskine Notebook,215.87,24.02,2,455.76,Returned,1,Defective,69,19
2020-02-11,2647,2020-02-26,727,Volta,East,Express,Phones and Tablet,Tablets,Amazon Fire HD 8 Kids Tablet,221.22,20.94,1,242.16,Delivered,2,,44,15
2017-11-03,2648,2017-11-18,446,Volta,West,Standard Delivery,Phones and Tablet,Tablets,Amazon Fire HD 8 Kids Tablet,337.05,22.3,2,696.4,Delivered,2,,56,15
2016-10-01,2649,2016-10-03,802,Weija,East,Shipped from Abroad,Fashion,Accessories,Leather Wallet,1346.98,15.23,4,5403.15,Delivered,4,,60,2
2018-02-28,2650,2018-03-18,515,Greater Accra,South,Shipped from Abroad,Phones and Tablet,Mobile phones,Infinix Smart HD X612,1431.25,43.46,5,7199.71,Delivered,2,,66,18
2016-05-09,2651,2016-05-12,143,Western,East,Express,Electronics,Digital Cameras,Canon EOS 600D 18MP CMOS DSLR,946.47,41.4,2,1934.34,Delivered,1,,34,3
2019-08-12,2652,2019-08-22,792,Volta,Central,Shipped from Abroad,Health and beauty,Personal Care,Avon Soft Musk Spray,978.39,17.34,4,3930.9,Returned,1,Changed Mind,45,10
2018-10-22,2653,2018-10-29,618,Western,Central,Shipped from Abroad,Home and Office,Furniture,8 Cubes Plastic Wardrobe,599.03,16.61,3,1813.7,Returned,2,Arrived Late,20,7
2017-08-27,2654,2017-09-08,384,Volta,East,Standard Delivery,Electronics,Home Theatre,LG Soundbar,868.03,21.5,5,4361.65,Returned,2,Arrived Late,68,12
2017-02-23,2655,2017-02-26,318,Oti,South,Standard Delivery,Electronics,Home Theatre,Sony 5.1 Home Theatre,1232.73,16.52,5,6180.17,Delivered,4,,25,3
2018-04-09,2656,2018-04-26,935,Weija,South,Express,Phones and Tablet,Tablets,Amazon Fire HD 8 Kids Tablet,320.27,5.54,1,325.81,Delivered,5,,47,17
2016-11-09,2657,2016-11-18,906,Weija,West,Shipped from Abroad,Health and beauty,Personal Care,Aichun Beauty Essential Oil,1073.09,24.0,5,5389.45,Delivered,3,,53,9
2016-06-12,2658,2016-06-20,684,Upper East,North,Express,Health and beauty,Personal Care,Aichun Beauty Essential Oil,1479.12,19.31,1,1498.43,Returned,1,Defective,40,8
2017-06-07,2659,2017-06-26,49,Upper East,East,Shipped from Abroad,Fashion,Shoes,Adidas Ultraboost,339.42,12.78,4,1370.46,Delivered,4,,44,19
2019-01-26,2660,2019-02-09,259,Volta,North,Standard Delivery,Home and Office,Stationery,Parker Pen,460.09,49.26,5,2349.71,Delivered,2,,45,14
2019-01-12,2661,2019-01-25,381,Ashanti,Central,Express,Fashion,Accessories,Leather Wallet,1200.28,6.91,1,1207.19,Delivered,3,,69,13
2015-12-20,2662,2016-01-07,825,Volta,East,Express,Electronics,Home Theatre,Sony 5.1 Home Theatre,407.7,33.25,2,848.65,Delivered,3,,30,18
2019-07-23,2663,2019-07-29,582,Greater Accra,Central,Express,Fashion,Accessories,Leather Wallet,52.37,7.5,1,59.87,Delivered,5,,55,6
2020-08-13,2664,2020-08-30,360,Western,South,Standard Delivery,Health and beauty,Personal Care,Aichun Beauty Essential Oil,491.48,36.51,4,2002.43,Returned,2,Defective,31,17
2015-07-06,2665,2015-07-17,154,Ashanti,South,Shipped from Abroad,Home and Office,Stationery,Parker Pen,1053.46,29.46,2,2136.38,Returned,1,Defective,42,11
2019-05-13,2666,2019-05-24,919,Western,North,Shipped from Abroad,Phones and Tablet,Mobile phones,iPhone 12,270.19,18.22,4,1098.98,Delivered,3,,59,11
2015-12-03,2667,2015-12-18,301,Greater Accra,West,Standard Delivery,Phones and Tablet,Tablets,iPad Air 4th Gen,255.32,30.52,3,796.48,Returned,2,Not as expected,28,15
2017-01-15,2668,2017-01-29,140,Volta,Central,Shipped from Abroad,Fashion,Shoes,Adidas Ultraboost,305.84,16.29,3,933.81,Delivered,4,,22,14
2016-03-01,2669,2016-03-09,746,Upper East,East,Shipped from Abroad,Health and beauty,Makeup,MAC Lipstick,1258.49,29.57,3,3805.04,Delivered,1,,64,8
2018-11-08,2670,2018-11-27,454,Weija,East,Express,Health and beauty,Makeup,Maybelline Foundation,1399.53,44.43,5,7042.08,Delivered,4,,20,19
2019-03-29,2671,2019-04-18,33,Volta,West,Shipped from Abroad,Fashion,Clothing,100% Cotton 4 Piece T-Shirts,745.25,18.75,4,2999.75,Returned,2,Arrived Late,21,20
2020-01-26,2672,2020-02-02,796,Weija,West,Shipped from Abroad,Phones and Tablet,Tablets,Amazon Fire HD 8 Kids Tablet,712.73,40.61,2,1466.07,Delivered,4,,35,7
2019-09-27,2673,2019-10-04,987,Upper East,North,Standard Delivery,Fashion,Accessories,Leather Wallet,647.74,49.68,2,1345.16,Returned,1,Changed Mind,20,7
2017-04-14,2674,2017-04-27,610,Oti,South,Shipped from Abroad,Fashion,Clothing,Men's Denim Jacket,1290.18,36.59,5,6487.49,Delivered,4,,32,13
2017-10-21,2675,2017-10-23,51,Ashanti,Central,Standard Delivery,Phones and Tablet,Mobile phones,Samsung Galaxy A02,962.84,34.91,4,3886.27,Cancelled,1,Not as expected,45,2
2016-05-21,2676,2016-06-05,346,Ashanti,West,Standard Delivery,Health and beauty,Personal Care,Avon Soft Musk Spray,564.26,32.11,1,596.37,Returned,1,Arrived Late,70,15
2020-10-16,2677,2020-10-24,213,Weija,West,Express,Electronics,Digital Cameras,Nikon D3500,253.86,30.97,2,538.69,Returned,1,Defective,23,8
2015-07-20,2678,2015-07-30,855,Weija,Central,Express,Home and Office,Furniture,8 Cubes Plastic Wardrobe,761.76,35.06,3,2320.34,Delivered,1,,42,10
2016-08-09,2679,2016-08-26,379,Weija,East,Standard Delivery,Home and Office,Furniture,8 Cubes Plastic Wardrobe,392.13,48.54,2,832.8,Delivered,1,,56,17
2019-12-19,2680,2019-12-23,435,Weija,West,Standard Delivery,Health and beauty,Makeup,MAC Lipstick,693.0,36.25,2,1422.25,Returned,1,Defective,59,4
2020-08-09,2681,2020-08-17,277,Upper East,East,Standard Delivery,Health and beauty,Makeup,MAC Lipstick,1263.76,22.34,5,6341.14,Returned,1,Changed Mind,41,8
2018-11-29,2682,2018-12-18,17,Oti,Central,Shipped from Abroad,Electronics,Smartwatches,Samsung Galaxy Watch 3,1102.6,43.09,2,2248.29,Delivered,1,,51,19
2018-07-02,2683,2018-07-12,874,Western,South,Express,Fashion,Shoes,Adidas Ultraboost,724.88,41.55,4,2941.07,Delivered,3,,30,10
2017-05-14,2684,2017-06-03,79,Volta,North,Shipped from Abroad,Fashion,Shoes,Nike Air Max,1120.38,30.81,1,1151.19,Delivered,1,,50,20
2020-12-06,2685,2020-12-09,403,Weija,South,Express,Phones and Tablet,Tablets,Amazon Fire HD 8 Kids Tablet,1008.26,34.0,1,1042.26,Delivered,3,,52,3
2017-12-07,2686,2017-12-11,568,Volta,South,Shipped from Abroad,Health and beauty,Makeup,MAC Lipstick,1259.33,14.67,1,1274.0,Delivered,1,,25,4
2017-12-30,2687,2018-01-04,458,Oti,South,Shipped from Abroad,Fashion,Accessories,Polarized Sunglasses,204.47,17.15,3,630.56,Returned,1,Not as expected,46,5
2020-01-25,2688,2020-01-27,429,Oti,North,Express,Phones and Tablet,Tablets,iPad Air 4th Gen,578.9,9.75,4,2325.35,Returned,2,Arrived Late,55,2
2015-03-21,2689,2015-03-30,409,Ashanti,East,Standard Delivery,Fashion,Shoes,Nike Air Max,888.11,24.88,1,912.99,Returned,1,Not as expected,52,9
2018-11-29,2690,2018-12-07,396,Weija,South,Shipped from Abroad,Health and beauty,Makeup,Maybelline Foundation,768.14,27.3,4,3099.86,Delivered,3,,49,8
2018-04-09,2691,2018-04-15,325,Upper East,East,Standard Delivery,Fashion,Accessories,Leather Wallet,1306.89,44.93,2,2658.71,Delivered,2,,22,6
2017-10-13,2692,2017-10-22,884,Volta,Central,Express,Electronics,Smartwatches,Samsung Galaxy Watch 3,940.56,39.81,1,980.37,Delivered,1,,66,9
2016-05-28,2693,2016-05-31,643,Upper East,Central,Standard Delivery,Health and beauty,Makeup,Maybelline Foundation,225.22,24.9,2,475.34,Cancelled,2,Arrived Late,32,3
2016-08-12,2694,2016-08-31,281,Ashanti,Central,Shipped from Abroad,Fashion,Clothing,100% Cotton 4 Piece T-Shirts,434.88,16.24,1,451.12,Delivered,4,,54,19
2019-09-22,2695,2019-10-10,127,Western,North,Shipped from Abroad,Fashion,Clothing,100% Cotton 4 Piece T-Shirts,648.65,43.34,3,1989.29,Returned,2,Changed Mind,20,18
2016-05-19,2696,2016-06-08,818,Volta,South,Express,Health and beauty,Personal Care,Avon Soft Musk Spray,727.48,31.6,1,759.08,Delivered,4,,27,20
2016-09-14,2697,2016-10-04,174,Greater Accra,East,Standard Delivery,Fashion,Clothing,100% Cotton 4 Piece T-Shirts,718.77,43.84,2,1481.38,Delivered,3,,66,20
2019-05-11,2698,2019-05-30,817,Oti,West,Standard Delivery,Health and beauty,Personal Care,Aichun Beauty Essential Oil,91.3,29.35,4,394.55,Delivered,3,,40,19
2019-01-25,2699,2019-02-03,926,Oti,East,Shipped from Abroad,Fashion,Clothing,100% Cotton 4 Piece T-Shirts,710.51,30.76,5,3583.31,Delivered,3,,32,9
2020-10-19,2700,2020-11-08,860,Ashanti,East,Express,Home and Office,Stationery,Parker Pen,680.04,43.76,1,723.8,Delivered,1,,26,20
2015-11-22,2701,2015-12-08,691,Greater Accra,South,Standard Delivery,Phones and Tablet,Tablets,Amazon Fire HD 8 Kids Tablet,174.61,43.01,3,566.84,Delivered,1,,21,16
2018-02-03,2702,2018-02-10,684,Greater Accra,North,Express,Fashion,Clothing,100% Cotton 4 Piece T-Shirts,184.15,40.87,2,409.17,Returned,2,Not as expected,40,7
2017-04-25,2703,2017-05-08,905,Oti,West,Express,Health and beauty,Makeup,Maybelline Foundation,138.58,13.89,1,152.47,Delivered,4,,24,13
2018-09-19,2704,2018-09-28,957,Upper East,North,Express,Electronics,Digital Cameras,Nikon D3500,937.76,6.24,5,4695.04,Returned,2,Changed Mind,22,9
2020-08-07,2705,2020-08-12,32,Ashanti,South,Express,Home and Office,Furniture,8 Cubes Plastic Wardrobe,795.22,36.71,4,3217.59,Delivered,3,,50,5
2016-09-22,2706,2016-10-05,574,Greater Accra,Central,Standard Delivery,Fashion,Accessories,Polarized Sunglasses,974.41,37.67,1,1012.08,Delivered,2,,62,13
2018-03-26,2707,2018-04-02,55,Weija,Central,Shipped from Abroad,Phones and Tablet,Mobile phones,Samsung Galaxy A02,604.99,38.91,3,1853.88,Delivered,2,,62,7
2017-04-05,2708,2017-04-23,298,Ashanti,North,Express,Fashion,Accessories,Polarized Sunglasses,425.09,27.36,5,2152.81,Returned,1,Changed Mind,69,18
2016-12-18,2709,2017-01-03,403,Greater Accra,East,Express,Home and Office,Furniture,Ergonomic Office Chair,85.8,22.34,1,108.14,Delivered,4,,52,16
2015-03-24,2710,2015-03-29,267,Greater Accra,Central,Standard Delivery,Phones and Tablet,Tablets,Amazon Fire HD 8 Kids Tablet,1369.01,49.96,5,6895.01,Delivered,1,,36,5
2020-11-20,2711,2020-12-04,300,Ashanti,East,Shipped from Abroad,Electronics,Smartwatches,Samsung Galaxy Watch 3,1304.29,42.17,4,5259.33,Delivered,3,,18,14
2015-11-20,2712,2015-11-29,595,Greater Accra,Central,Shipped from Abroad,Fashion,Clothing,100% Cotton 4 Piece T-Shirts,1457.48,26.97,4,5856.89,Delivered,4,,28,9
2019-04-18,2713,2019-05-06,851,Volta,West,Express,Electronics,Smartwatches,Apple Watch Series 6,1112.01,21.94,3,3357.97,Delivered,3,,64,18
2015-10-04,2714,2015-10-21,840,Ashanti,East,Express,Electronics,Smartwatches,Samsung Galaxy Watch 3,696.41,49.98,2,1442.8,Delivered,2,,41,17
2018-11-04,2715,2018-11-19,427,Greater Accra,East,Standard Delivery,Home and Office,Stationery,Parker Pen,661.17,43.37,4,2688.05,Delivered,5,,68,15
2019-01-26,2716,2019-02-03,909,Western,South,Shipped from Abroad,Electronics,Digital Cameras,Nikon D3500,580.96,16.95,3,1759.83,Delivered,2,,60,8
2015-07-10,2717,2015-07-14,481,Western,West,Standard Delivery,Electronics,Home Theatre,Sony 5.1 Home Theatre,969.18,36.62,2,1974.98,Delivered,1,,33,4
2019-04-19,2718,2019-04-30,740,Western,East,Express,Electronics,Smartwatches,Apple Watch Series 6,617.19,16.34,4,2485.1,Returned,1,Changed Mind,25,11
2019-09-07,2719,2019-09-19,865,Upper East,South,Standard Delivery,Electronics,Home Theatre,LG Soundbar,23.18,24.53,5,140.43,Returned,1,Arrived Late,58,12
2018-02-12,2720,2018-02-14,17,Ashanti,Central,Express,Home and Office,Stationery,Moleskine Notebook,1098.84,30.44,2,2228.12,Delivered,1,,51,2
2017-12-17,2721,2017-12-30,68,Volta,East,Express,Phones and Tablet,Mobile phones,Samsung Galaxy A02,1051.84,31.96,2,2135.64,Returned,2,Changed Mind,23,13
2018-10-17,2722,2018-11-05,750,Greater Accra,North,Express,Home and Office,Stationery,Parker Pen,437.2,28.27,3,1339.87,Returned,1,Arrived Late,65,19
2017-06-13,2723,2017-07-01,823,Oti,West,Express,Phones and Tablet,Tablets,Amazon Fire HD 8 Kids Tablet,502.79,34.35,4,2045.51,Delivered,5,,29,18
2018-06-28,2724,2018-07-07,908,Weija,South,Standard Delivery,Health and beauty,Personal Care,Avon Soft Musk Spray,1180.53,35.48,2,2396.54,Delivered,5,,49,9
2020-10-04,2725,2020-10-24,294,Western,South,Standard Delivery,Health and beauty,Makeup,Maybelline Foundation,1167.85,5.73,4,4677.13,Delivered,2,,46,20
2020-05-30,2726,2020-06-10,558,Oti,West,Shipped from Abroad,Phones and Tablet,Tablets,iPad Air 4th Gen,255.07,27.74,4,1048.02,Delivered,5,,18,11
2019-08-13,2727,2019-08-18,539,Western,West,Express,Electronics,Home Theatre,Sony 5.1 Home Theatre,179.34,20.93,4,738.29,Delivered,5,,60,5
2018-07-09,2728,2018-07-11,505,Western,South,Express,Health and beauty,Personal Care,Avon Soft Musk Spray,297.55,20.65,4,1210.85,Returned,2,Defective,51,2
2020-06-22,2729,2020-06-29,201,Upper East,East,Express,Health and beauty,Makeup,MAC Lipstick,878.45,44.77,2,1801.67,Returned,1,Arrived Late,50,7
2020-09-01,2730,2020-09-12,496,Upper East,East,Standard Delivery,Fashion,Accessories,Polarized Sunglasses,311.12,43.15,4,1287.63,Delivered,4,,44,11
2019-01-26,2731,2019-02-13,60,Volta,North,Standard Delivery,Home and Office,Furniture,Ergonomic Office Chair,245.0,41.64,1,286.64,Delivered,4,,68,18
2019-07-21,2732,2019-08-05,857,Upper East,East,Express,Electronics,Smartwatches,Samsung Galaxy Watch 3,875.27,43.97,2,1794.51,Delivered,4,,27,15
2016-03-27,2733,2016-04-02,416,Western,West,Standard Delivery,Phones and Tablet,Tablets,iPad Air 4th Gen,46.6,48.66,1,95.26,Delivered,4,,26,6
2020-02-12,2734,2020-02-15,450,Upper East,North,Standard Delivery,Health and beauty,Personal Care,Aichun Beauty Essential Oil,975.21,36.38,3,2962.01,Delivered,4,,49,3
2018-10-22,2735,2018-10-29,258,Oti,West,Shipped from Abroad,Electronics,Smartwatches,Apple Watch Series 6,79.12,41.22,4,357.7,Returned,1,Arrived Late,42,7
2019-01-05,2736,2019-01-24,904,Weija,West,Standard Delivery,Phones and Tablet,Mobile phones,iPhone 12,549.63,41.1,5,2789.25,Delivered,3,,41,19
2018-01-14,2737,2018-01-28,721,Ashanti,West,Standard Delivery,Phones and Tablet,Mobile phones,Infinix Smart HD X612,254.77,34.76,4,1053.84,Delivered,3,,57,14
2020-10-26,2738,2020-11-08,756,Volta,North,Shipped from Abroad,Health and beauty,Makeup,Maybelline Foundation,250.38,5.92,4,1007.44,Delivered,3,,45,13
2015-06-05,2739,2015-06-15,565,Volta,Central,Standard Delivery,Electronics,Digital Cameras,Sony Alpha a6000,1334.2,38.64,5,6709.64,Cancelled,2,Changed Mind,50,10
2016-10-09,2740,2016-10-14,25,Volta,South,Standard Delivery,Fashion,Shoes,Nike Air Max,228.41,22.33,5,1164.38,Delivered,1,,30,5
2018-07-01,2741,2018-07-21,551,Volta,North,Shipped from Abroad,Home and Office,Stationery,Moleskine Notebook,47.51,14.08,4,204.12,Delivered,3,,29,20
2018-09-19,2742,2018-10-07,898,Oti,North,Standard Delivery,Fashion,Accessories,Polarized Sunglasses,128.67,38.95,5,682.3,Delivered,4,,55,18
2018-10-25,2743,2018-11-14,775,Weija,Central,Shipped from Abroad,Health and beauty,Makeup,Maybelline Foundation,389.06,8.21,1,397.27,Delivered,2,,36,20
2017-01-19,2744,2017-02-02,580,Western,South,Shipped from Abroad,Health and beauty,Personal Care,Aichun Beauty Essential Oil,757.98,15.0,1,772.98,Returned,1,Changed Mind,33,14
2017-04-20,2745,2017-04-29,544,Greater Accra,Central,Shipped from Abroad,Fashion,Shoes,Nike Air Max,423.01,42.62,3,1311.65,Delivered,3,,36,9
2019-04-22,2746,2019-04-26,442,Weija,South,Shipped from Abroad,Electronics,Smartwatches,Apple Watch Series 6,1320.08,34.39,5,6634.79,Delivered,4,,51,4
2017-09-14,2747,2017-09-19,661,Ashanti,South,Express,Health and beauty,Personal Care,Avon Soft Musk Spray,927.67,11.83,4,3722.51,Returned,2,Not as expected,47,5
2017-05-13,2748,2017-05-20,752,Volta,South,Shipped from Abroad,Fashion,Clothing,100% Cotton 4 Piece T-Shirts,1034.22,25.78,5,5196.88,Returned,1,Not as expected,50,7
2019-08-16,2749,2019-08-23,934,Western,North,Shipped from Abroad,Health and beauty,Makeup,MAC Lipstick,1469.05,25.58,5,7370.83,Delivered,3,,44,7
2018-05-21,2750,2018-06-09,956,Ashanti,West,Shipped from Abroad,Electronics,Smartwatches,Apple Watch Series 6,539.27,37.49,2,1116.03,Delivered,4,,28,19
2016-06-22,2751,2016-07-12,998,Greater Accra,North,Shipped from Abroad,Health and beauty,Personal Care,Avon Soft Musk Spray,1212.28,28.01,5,6089.41,Delivered,1,,46,20
2017-12-22,2752,2017-12-28,209,Ashanti,South,Express,Electronics,Home Theatre,Sony 5.1 Home Theatre,479.19,47.25,5,2443.2,Delivered,3,,68,6
2020-12-03,2753,2020-12-07,540,Upper East,East,Shipped from Abroad,Electronics,Home Theatre,LG Soundbar,168.99,22.73,1,191.72,Delivered,3,,53,4
2018-07-26,2754,2018-08-09,328,Upper East,North,Shipped from Abroad,Home and Office,Furniture,8 Cubes Plastic Wardrobe,549.25,25.08,4,2222.08,Returned,2,Not as expected,65,14
2019-11-25,2755,2019-12-13,47,Upper East,North,Shipped from Abroad,Fashion,Clothing,Men's Denim Jacket,842.24,15.43,1,857.67,Delivered,1,,40,18
2018-04-04,2756,2018-04-17,655,Western,Central,Shipped from Abroad,Fashion,Shoes,Adidas Ultraboost,420.73,40.89,5,2144.54,Delivered,4,,48,13
2017-01-03,2757,2017-01-12,317,Western,Central,Shipped from Abroad,Home and Office,Stationery,Parker Pen,834.08,18.18,1,852.26,Delivered,1,,26,9
2019-11-20,2758,2019-12-04,894,Weija,South,Shipped from Abroad,Home and Office,Furniture,Ergonomic Office Chair,504.01,17.45,1,521.46,Delivered,2,,21,14
2020-09-25,2759,2020-10-14,899,Ashanti,South,Standard Delivery,Health and beauty,Makeup,Maybelline Foundation,864.38,34.36,4,3491.88,Returned,1,Defective,39,19
2018-11-07,2760,2018-11-26,919,Greater Accra,Central,Shipped from Abroad,Health and beauty,Personal Care,Avon Soft Musk Spray,117.54,34.9,5,622.6,Returned,2,Not as expected,59,19
2019-01-24,2761,2019-02-12,50,Oti,East,Express,Phones and Tablet,Mobile phones,iPhone 12,1096.55,29.99,5,5512.74,Returned,1,Not as expected,43,19
2019-11-04,2762,2019-11-22,764,Ashanti,South,Shipped from Abroad,Health and beauty,Makeup,MAC Lipstick,1315.93,29.2,4,5292.92,Delivered,3,,65,18
2018-04-25,2763,2018-04-30,606,Oti,Central,Standard Delivery,Health and beauty,Makeup,MAC Lipstick,893.21,5.15,5,4471.2,Returned,1,Changed Mind,39,5
2015-05-25,2764,2015-06-06,266,Western,South,Standard Delivery,Health and beauty,Makeup,Maybelline Foundation,273.58,14.12,5,1382.02,Returned,2,Defective,57,12
2020-12-18,2765,2020-12-20,126,Weija,South,Express,Electronics,Smartwatches,Apple Watch Series 6,665.07,49.81,1,714.88,Delivered,4,,55,2
2018-01-07,2766,2018-01-14,955,Oti,East,Shipped from Abroad,Phones and Tablet,Mobile phones,Infinix Smart HD X612,1422.61,45.9,3,4313.73,Delivered,2,,49,7
2019-02-26,2767,2019-03-02,861,Ashanti,Central,Shipped from Abroad,Fashion,Accessories,Polarized Sunglasses,538.52,49.41,1,587.93,Delivered,3,,50,4
2018-08-13,2768,2018-08-31,671,Upper East,Central,Standard Delivery,Electronics,Home Theatre,Sony 5.1 Home Theatre,933.31,5.74,2,1872.36,Delivered,4,,23,18
2017-04-27,2769,2017-04-29,144,Western,East,Standard Delivery,Phones and Tablet,Tablets,iPad Air 4th Gen,1057.78,45.69,4,4276.81,Delivered,1,,65,2
2018-01-09,2770,2018-01-17,601,Greater Accra,South,Shipped from Abroad,Fashion,Shoes,Nike Air Max,1357.53,48.66,2,2763.72,Delivered,2,,44,8
2017-11-15,2771,2017-12-02,471,Greater Accra,North,Standard Delivery,Home and Office,Stationery,Moleskine Notebook,165.99,11.39,2,343.37,Cancelled,2,Arrived Late,65,17
2016-02-03,2772,2016-02-22,279,Ashanti,West,Standard Delivery,Electronics,Smartwatches,Samsung Galaxy Watch 3,917.23,48.18,3,2799.87,Returned,2,Changed Mind,56,19
2015-05-06,2773,2015-05-26,749,Western,Central,Standard Delivery,Home and Office,Furniture,Ergonomic Office Chair,157.47,44.96,3,517.37,Delivered,4,,39,20
2015-04-04,2774,2015-04-24,852,Weija,South,Express,Health and beauty,Personal Care,Avon Soft Musk Spray,478.85,35.6,4,1951.0,Delivered,2,,52,20
2015-05-28,2775,2015-06-06,228,Weija,South,Express,Fashion,Shoes,Adidas Ultraboost,140.25,9.06,4,570.06,Delivered,2,,50,9
2015-03-10,2776,2015-03-26,260,Western,East,Standard Delivery,Phones and Tablet,Mobile phones,Samsung Galaxy A02,1104.37,47.17,5,5569.02,Delivered,3,,49,16
2015-09-13,2777,2015-09-16,364,Volta,North,Express,Fashion,Clothing,100% Cotton 4 Piece T-Shirts,1032.56,47.61,2,2112.73,Delivered,2,,54,3
2017-10-25,2778,2017-10-29,924,Greater Accra,North,Shipped from Abroad,Fashion,Accessories,Polarized Sunglasses,1019.39,8.18,4,4085.74,Returned,1,Not as expected,54,4
2016-01-02,2779,2016-01-21,529,Weija,South,Standard Delivery,Health and beauty,Personal Care,Avon Soft Musk Spray,559.18,29.61,3,1707.15,Delivered,1,,42,19
2020-02-09,2780,2020-02-22,9,Greater Accra,West,Express,Fashion,Clothing,Men's Denim Jacket,1235.42,5.87,1,1241.29,Delivered,2,,70,13
2020-08-19,2781,2020-09-05,704,Weija,North,Express,Fashion,Accessories,Leather Wallet,1217.36,15.58,4,4885.02,Delivered,3,,38,17
2019-01-31,2782,2019-02-15,444,Greater Accra,Central,Shipped from Abroad,Electronics,Digital Cameras,Sony Alpha a6000,682.07,49.76,2,1413.9,Delivered,1,,65,15
2016-06-19,2783,2016-07-09,239,Volta,East,Express,Home and Office,Furniture,Ergonomic Office Chair,1418.86,27.8,3,4284.38,Returned,1,Changed Mind,38,20
2015-03-20,2784,2015-03-22,840,Ashanti,West,Shipped from Abroad,Electronics,Digital Cameras,Canon EOS 600D 18MP CMOS DSLR,565.01,11.06,1,576.07,Delivered,1,,41,2
2016-11-23,2785,2016-11-29,54,Upper East,East,Standard Delivery,Electronics,Smartwatches,Samsung Galaxy Watch 3,1078.25,18.76,1,1097.01,Delivered,3,,31,6
2018-02-25,2786,2018-03-03,514,Western,Central,Shipped from Abroad,Phones and Tablet,Tablets,iPad Air 4th Gen,279.05,21.61,1,300.66,Delivered,3,,36,6
2020-11-02,2787,2020-11-15,301,Weija,West,Standard Delivery,Fashion,Accessories,Leather Wallet,479.37,30.66,5,2427.51,Delivered,3,,28,13
2019-03-06,2788,2019-03-25,513,Volta,Central,Shipped from Abroad,Home and Office,Stationery,Moleskine Notebook,106.56,19.52,2,232.64,Delivered,5,,52,19
2016-08-27,2789,2016-09-15,349,Ashanti,North,Standard Delivery,Home and Office,Stationery,Parker Pen,478.22,49.55,2,1005.99,Delivered,3,,18,19
2019-07-13,2790,2019-07-19,424,Greater Accra,East,Standard Delivery,Health and beauty,Makeup,Maybelline Foundation,541.59,11.3,1,552.89,Delivered,4,,31,6
2017-08-10,2791,2017-08-25,668,Greater Accra,East,Express,Home and Office,Stationery,Moleskine Notebook,1460.89,28.04,3,4410.71,Delivered,5,,21,15
2018-09-02,2792,2018-09-10,685,Greater Accra,Central,Express,Health and beauty,Makeup,Maybelline Foundation,1460.31,37.02,3,4417.95,Returned,1,Not as expected,60,8
2018-03-22,2793,2018-03-29,486,Greater Accra,Central,Shipped from Abroad,Health and beauty,Personal Care,Avon Soft Musk Spray,847.69,35.73,2,1731.11,Delivered,4,,39,7
2019-11-16,2794,2019-11-26,17,Upper East,Central,Standard Delivery,Home and Office,Stationery,Parker Pen,674.78,43.34,3,2067.68,Returned,1,Not as expected,51,10
2015-09-11,2795,2015-09-29,328,Oti,East,Express,Electronics,Smartwatches,Samsung Galaxy Watch 3,1416.41,44.86,5,7126.91,Delivered,2,,65,18
2020-01-03,2796,2020-01-05,215,Greater Accra,Central,Standard Delivery,Electronics,Smartwatches,Samsung Galaxy Watch 3,1256.0,26.58,4,5050.58,Delivered,1,,67,2
2017-04-05,2797,2017-04-25,48,Ashanti,North,Shipped from Abroad,Phones and Tablet,Mobile phones,Samsung Galaxy A02,741.49,6.43,1,747.92,Returned,1,Arrived Late,44,20
2016-11-06,2798,2016-11-10,87,Ashanti,Central,Standard Delivery,Phones and Tablet,Tablets,Amazon Fire HD 8 Kids Tablet,1105.03,8.1,5,5533.25,Delivered,5,,37,4
2018-08-30,2799,2018-09-13,661,Greater Accra,North,Shipped from Abroad,Phones and Tablet,Mobile phones,iPhone 12,537.39,48.29,2,1123.07,Delivered,3,,47,14
2019-04-18,2800,2019-05-05,167,Greater Accra,East,Shipped from Abroad,Phones and Tablet,Tablets,Amazon Fire HD 8 Kids Tablet,538.61,10.83,5,2703.88,Cancelled,2,Arrived Late,51,17
2019-07-20,2801,2019-08-01,867,Greater Accra,North,Standard Delivery,Home and Office,Stationery,Moleskine Notebook,211.95,28.78,3,664.63,Returned,2,Defective,38,12
2019-05-06,2802,2019-05-23,456,Upper East,South,Shipped from Abroad,Health and beauty,Personal Care,Aichun Beauty Essential Oil,354.31,42.14,2,750.76,Delivered,3,,55,17
2018-07-27,2803,2018-07-29,262,Western,Central,Standard Delivery,Health and beauty,Personal Care,Aichun Beauty Essential Oil,696.67,18.83,1,715.5,Delivered,3,,53,2
2018-10-26,2804,2018-11-01,77,Western,East,Standard Delivery,Health and beauty,Makeup,MAC Lipstick,349.04,7.33,4,1403.49,Delivered,3,,23,6
2020-06-23,2805,2020-07-02,72,Weija,North,Express,Electronics,Home Theatre,Sony 5.1 Home Theatre,1462.98,12.49,4,5864.41,Delivered,1,,49,9
2020-06-23,2806,2020-06-27,386,Upper East,North,Standard Delivery,Electronics,Digital Cameras,Sony Alpha a6000,183.0,23.75,4,755.75,Delivered,3,,40,4
2017-09-27,2807,2017-10-09,94,Weija,South,Shipped from Abroad,Fashion,Clothing,Men's Denim Jacket,1233.25,16.58,4,4949.58,Cancelled,1,Defective,50,12
2016-09-02,2808,2016-09-18,253,Upper East,North,Express,Health and beauty,Makeup,MAC Lipstick,837.78,15.73,4,3366.85,Returned,1,Changed Mind,33,16
2015-12-14,2809,2015-12-22,688,Upper East,Central,Standard Delivery,Home and Office,Stationery,Parker Pen,515.14,13.97,3,1559.39,Returned,1,Defective,46,8
2018-03-07,2810,2018-03-27,392,Western,Central,Standard Delivery,Phones and Tablet,Mobile phones,Infinix Smart HD X612,1220.82,29.11,5,6133.21,Delivered,2,,23,20
2016-11-26,2811,2016-12-07,985,Volta,East,Standard Delivery,Fashion,Accessories,Leather Wallet,356.21,19.67,1,375.88,Returned,1,Changed Mind,27,11
2016-11-02,2812,2016-11-20,727,Oti,West,Shipped from Abroad,Fashion,Accessories,Leather Wallet,1345.07,10.65,3,4045.86,Delivered,1,,44,18
2018-12-11,2813,2018-12-18,129,Greater Accra,Central,Shipped from Abroad,Phones and Tablet,Mobile phones,iPhone 12,500.24,37.39,1,537.63,Delivered,3,,55,7
2016-09-28,2814,2016-10-03,653,Western,North,Shipped from Abroad,Health and beauty,Makeup,MAC Lipstick,724.01,35.79,5,3655.84,Delivered,2,,28,5
2019-06-06,2815,2019-06-11,230,Volta,South,Standard Delivery,Health and beauty,Makeup,MAC Lipstick,846.51,29.7,4,3415.74,Returned,1,Changed Mind,59,5
2016-03-04,2816,2016-03-08,508,Volta,South,Shipped from Abroad,Home and Office,Stationery,Parker Pen,930.22,44.47,5,4695.57,Returned,2,Arrived Late,41,4
2016-12-13,2817,2016-12-18,229,Western,Central,Express,Home and Office,Stationery,Parker Pen,353.11,36.46,5,1802.01,Delivered,5,,51,5
2018-11-28,2818,2018-12-08,453,Weija,North,Standard Delivery,Health and beauty,Personal Care,Avon Soft Musk Spray,526.85,33.31,1,560.16,Returned,2,Not as expected,20,10
2015-05-24,2819,2015-06-07,83,Upper East,Central,Express,Fashion,Accessories,Leather Wallet,36.41,42.22,5,224.27,Returned,2,Not as expected,27,14
2015-04-26,2820,2015-04-28,735,Upper East,West,Shipped from Abroad,Fashion,Clothing,Men's Denim Jacket,1293.77,11.23,3,3892.54,Delivered,1,,55,2
2015-09-27,2821,2015-10-03,271,Upper East,Central,Shipped from Abroad,Electronics,Home Theatre,Sony 5.1 Home Theatre,856.8,37.11,4,3464.31,Delivered,2,,33,6
2015-09-03,2822,2015-09-12,245,Weija,North,Shipped from Abroad,Electronics,Home Theatre,LG Soundbar,1411.49,21.69,1,1433.18,Delivered,1,,22,9
2020-12-17,2823,2020-12-21,911,Upper East,South,Shipped from Abroad,Health and beauty,Makeup,MAC Lipstick,626.95,31.63,3,1912.48,Delivered,3,,61,4
2019-02-17,2824,2019-02-27,491,Western,East,Shipped from Abroad,Home and Office,Stationery,Parker Pen,862.22,40.14,3,2626.8,Returned,1,Not as expected,64,10
2020-02-12,2825,2020-02-19,242,Volta,West,Shipped from Abroad,Electronics,Home Theatre,Sony 5.1 Home Theatre,1405.7,23.63,2,2835.03,Delivered,3,,56,7
2015-02-14,2826,2015-02-20,831,Volta,West,Standard Delivery,Home and Office,Stationery,Parker Pen,1386.09,12.86,2,2785.04,Delivered,3,,70,6
2020-07-01,2827,2020-07-04,824,Weija,Central,Standard Delivery,Electronics,Digital Cameras,Canon EOS 600D 18MP CMOS DSLR,158.39,16.76,3,491.93,Returned,2,Changed Mind,41,3
2018-05-19,2828,2018-06-06,837,Weija,West,Shipped from Abroad,Fashion,Accessories,Polarized Sunglasses,1239.78,21.2,1,1260.98,Delivered,3,,26,18
2016-12-16,2829,2016-12-31,374,Weija,North,Express,Fashion,Accessories,Polarized Sunglasses,45.81,44.38,4,227.62,Returned,2,Changed Mind,62,15
2016-03-07,2830,2016-03-25,199,Western,Central,Express,Health and beauty,Makeup,MAC Lipstick,1235.67,40.77,5,6219.12,Returned,2,Arrived Late,24,18
2019-10-22,2831,2019-11-01,974,Western,Central,Shipped from Abroad,Electronics,Digital Cameras,Sony Alpha a6000,1389.39,14.86,2,2793.64,Returned,2,Not as expected,39,10
2016-06-14,2832,2016-06-26,251,Oti,East,Shipped from Abroad,Electronics,Digital Cameras,Sony Alpha a6000,542.16,30.52,5,2741.32,Returned,1,Defective,50,12
2015-07-07,2833,2015-07-11,961,Weija,Central,Standard Delivery,Home and Office,Furniture,Ergonomic Office Chair,890.38,49.42,3,2720.56,Delivered,1,,20,4
2017-05-26,2834,2017-06-03,162,Weija,East,Express,Health and beauty,Makeup,MAC Lipstick,1126.49,11.9,3,3391.37,Delivered,4,,64,8
2018-05-16,2835,2018-05-27,926,Weija,Central,Express,Health and beauty,Personal Care,Avon Soft Musk Spray,337.49,12.53,1,350.02,Returned,2,Defective,32,11
2017-12-10,2836,2017-12-16,810,Upper East,Central,Standard Delivery,Health and beauty,Personal Care,Aichun Beauty Essential Oil,1235.69,23.21,1,1258.9,Delivered,3,,37,6
2018-09-22,2837,2018-10-04,929,Volta,South,Standard Delivery,Phones and Tablet,Tablets,iPad Air 4th Gen,795.32,39.27,2,1629.91,Delivered,4,,23,12
2019-11-29,2838,2019-12-17,615,Volta,West,Standard Delivery,Fashion,Accessories,Polarized Sunglasses,100.74,28.69,2,230.17,Delivered,1,,60,18
2019-05-16,2839,2019-05-24,206,Ashanti,South,Shipped from Abroad,Electronics,Digital Cameras,Sony Alpha a6000,915.83,28.74,3,2776.23,Delivered,2,,69,8
2019-03-06,2840,2019-03-13,105,Volta,North,Shipped from Abroad,Health and beauty,Personal Care,Aichun Beauty Essential Oil,917.28,18.45,2,1853.01,Delivered,1,,60,7
2020-11-02,2841,2020-11-17,479,Western,South,Shipped from Abroad,Home and Office,Furniture,Ergonomic Office Chair,230.65,20.78,1,251.43,Delivered,2,,48,15
2020-09-10,2842,2020-09-22,462,Ashanti,Central,Express,Home and Office,Stationery,Parker Pen,964.17,23.35,5,4844.2,Delivered,4,,58,12
2019-08-31,2843,2019-09-17,959,Greater Accra,West,Standard Delivery,Health and beauty,Personal Care,Avon Soft Musk Spray,462.71,10.93,3,1399.06,Returned,1,Arrived Late,37,17
2020-07-08,2844,2020-07-19,164,Western,Central,Express,Health and beauty,Makeup,Maybelline Foundation,571.04,35.14,4,2319.3,Delivered,5,,55,11
2018-12-01,2845,2018-12-14,986,Upper East,West,Standard Delivery,Electronics,Smartwatches,Apple Watch Series 6,21.15,18.14,1,39.29,Delivered,3,,42,13
2017-07-18,2846,2017-07-27,26,Ashanti,West,Standard Delivery,Phones and Tablet,Tablets,iPad Air 4th Gen,1151.62,11.62,4,4618.1,Delivered,4,,60,9
2016-09-18,2847,2016-09-29,191,Oti,East,Standard Delivery,Fashion,Accessories,Polarized Sunglasses,293.2,37.95,5,1503.95,Cancelled,1,Defective,69,11
2017-08-19,2848,2017-08-26,971,Volta,East,Express,Electronics,Home Theatre,LG Soundbar,306.66,24.14,4,1250.78,Returned,2,Changed Mind,34,7
2019-03-18,2849,2019-04-01,819,Weija,South,Express,Fashion,Accessories,Polarized Sunglasses,1469.88,43.26,3,4452.9,Delivered,3,,63,14
2015-07-12,2850,2015-07-31,251,Volta,South,Standard Delivery,Phones and Tablet,Tablets,Amazon Fire HD 8 Kids Tablet,1114.05,34.99,4,4491.19,Delivered,4,,50,19
2018-07-13,2851,2018-07-27,657,Volta,Central,Standard Delivery,Phones and Tablet,Mobile phones,Samsung Galaxy A02,1447.8,44.4,2,2940.0,Cancelled,2,Changed Mind,21,14
2015-06-07,2852,2015-06-24,314,Volta,Central,Standard Delivery,Health and beauty,Personal Care,Aichun Beauty Essential Oil,66.24,10.22,5,341.42,Delivered,4,,48,17
2017-05-23,2853,2017-06-08,931,Western,Central,Shipped from Abroad,Home and Office,Furniture,8 Cubes Plastic Wardrobe,1366.77,39.55,3,4139.86,Delivered,3,,25,16
2019-10-20,2854,2019-10-27,807,Ashanti,North,Shipped from Abroad,Health and beauty,Personal Care,Aichun Beauty Essential Oil,1173.55,35.12,5,5902.87,Returned,1,Defective,48,7
2016-11-15,2855,2016-11-17,138,Weija,Central,Express,Fashion,Accessories,Leather Wallet,634.91,40.14,1,675.05,Delivered,4,,19,2
2019-08-28,2856,2019-09-11,825,Greater Accra,West,Standard Delivery,Home and Office,Furniture,8 Cubes Plastic Wardrobe,134.83,29.57,2,299.23,Delivered,3,,30,14
2019-01-08,2857,2019-01-27,209,Weija,West,Standard Delivery,Home and Office,Stationery,Parker Pen,444.5,15.54,3,1349.04,Delivered,1,,68,19
2020-01-01,2858,2020-01-18,436,Western,East,Shipped from Abroad,Phones and Tablet,Tablets,Amazon Fire HD 8 Kids Tablet,491.57,49.71,1,541.28,Delivered,3,,66,17
2017-05-14,2859,2017-05-16,999,Ashanti,North,Express,Phones and Tablet,Mobile phones,Infinix Smart HD X612,808.98,36.47,2,1654.43,Delivered,3,,68,2
2015-06-09,2860,2015-06-26,62,Volta,Central,Standard Delivery,Electronics,Digital Cameras,Sony Alpha a6000,1484.62,34.05,5,7457.15,Delivered,4,,68,17
2015-07-26,2861,2015-08-11,351,Upper East,North,Shipped from Abroad,Fashion,Shoes,Adidas Ultraboost,403.22,24.6,4,1637.48,Delivered,5,,66,16
2015-08-11,2862,2015-08-21,125,Greater Accra,South,Shipped from Abroad,Home and Office,Stationery,Parker Pen,626.25,41.27,5,3172.52,Returned,1,Arrived Late,19,10
2019-08-31,2863,2019-09-07,379,Western,South,Express,Home and Office,Furniture,8 Cubes Plastic Wardrobe,1352.54,28.21,2,2733.29,Returned,2,Defective,56,7
2020-02-26,2864,2020-03-11,762,Upper East,Central,Express,Phones and Tablet,Tablets,Amazon Fire HD 8 Kids Tablet,1059.0,48.63,2,2166.63,Delivered,5,,26,14
2015-04-03,2865,2015-04-15,773,Weija,West,Shipped from Abroad,Fashion,Accessories,Leather Wallet,310.5,37.78,2,658.78,Delivered,3,,58,12
2019-12-08,2866,2019-12-25,78,Western,Central,Express,Electronics,Smartwatches,Apple Watch Series 6,652.93,18.49,2,1324.35,Delivered,1,,35,17
2015-03-25,2867,2015-04-04,532,Upper East,South,Shipped from Abroad,Electronics,Digital Cameras,Nikon D3500,899.37,12.26,2,1811.0,Delivered,3,,60,10
2019-05-21,2868,2019-05-24,347,Weija,Central,Shipped from Abroad,Home and Office,Furniture,Ergonomic Office Chair,408.16,36.45,5,2077.25,Delivered,4,,62,3
2020-12-18,2869,2020-12-21,678,Greater Accra,West,Shipped from Abroad,Electronics,Smartwatches,Samsung Galaxy Watch 3,100.18,27.33,3,327.87,Delivered,1,,36,3
2018-11-14,2870,2018-11-18,300,Upper East,North,Standard Delivery,Health and beauty,Makeup,Maybelline Foundation,1208.96,43.0,3,3669.88,Returned,1,Defective,18,4
2018-02-07,2871,2018-02-27,374,Upper East,West,Shipped from Abroad,Electronics,Digital Cameras,Canon EOS 600D 18MP CMOS DSLR,746.7,19.59,2,1512.99,Returned,2,Arrived Late,62,20
2020-11-29,2872,2020-12-11,809,Ashanti,North,Express,Health and beauty,Personal Care,Avon Soft Musk Spray,1187.95,21.87,5,5961.62,Returned,2,Not as expected,47,12
2015-02-10,2873,2015-02-15,444,Upper East,Central,Shipped from Abroad,Phones and Tablet,Mobile phones,iPhone 12,84.6,29.97,2,199.17,Delivered,1,,65,5
2015-02-06,2874,2015-02-19,500,Ashanti,West,Express,Health and beauty,Personal Care,Avon Soft Musk Spray,866.83,38.99,2,1772.65,Delivered,1,,49,13
2018-11-13,2875,2018-11-28,622,Ashanti,West,Standard Delivery,Phones and Tablet,Mobile phones,Samsung Galaxy A02,247.23,19.73,2,514.19,Returned,1,Defective,62,15
2016-03-17,2876,2016-03-28,706,Ashanti,North,Shipped from Abroad,Health and beauty,Personal Care,Aichun Beauty Essential Oil,1199.18,30.2,1,1229.38,Delivered,4,,57,11
2016-08-01,2877,2016-08-06,222,Greater Accra,East,Shipped from Abroad,Phones and Tablet,Mobile phones,iPhone 12,229.49,25.09,1,254.58,Returned,2,Defective,63,5
2019-04-22,2878,2019-05-07,980,Western,North,Express,Electronics,Smartwatches,Samsung Galaxy Watch 3,1032.9,41.23,4,4172.83,Delivered,1,,45,15
2015-11-04,2879,2015-11-07,48,Oti,East,Express,Health and beauty,Personal Care,Avon Soft Musk Spray,866.61,19.87,4,3486.31,Delivered,2,,44,3
2018-11-30,2880,2018-12-06,70,Volta,South,Shipped from Abroad,Phones and Tablet,Tablets,iPad Air 4th Gen,402.66,25.09,5,2038.39,Returned,2,Changed Mind,51,6
2017-03-30,2881,2017-04-12,620,Oti,North,Standard Delivery,Health and beauty,Makeup,Maybelline Foundation,555.27,6.26,3,1672.07,Delivered,1,,28,13
2018-11-22,2882,2018-11-28,868,Volta,Central,Shipped from Abroad,Fashion,Accessories,Polarized Sunglasses,37.47,11.01,5,198.36,Delivered,3,,69,6
2017-09-11,2883,2017-09-17,408,Ashanti,West,Shipped from Abroad,Phones and Tablet,Mobile phones,Samsung Galaxy A02,966.09,49.11,2,1981.29,Delivered,2,,49,6
2015-01-15,2884,2015-01-26,68,Western,North,Express,Fashion,Clothing,100% Cotton 4 Piece T-Shirts,1137.49,41.25,4,4591.21,Delivered,5,,23,11
2018-04-21,2885,2018-04-27,761,Greater Accra,South,Standard Delivery,Fashion,Accessories,Leather Wallet,1102.59,28.46,3,3336.23,Delivered,3,,38,6
2016-06-17,2886,2016-07-01,944,Volta,South,Shipped from Abroad,Phones and Tablet,Mobile phones,Samsung Galaxy A02,464.67,49.36,4,1908.04,Delivered,2,,53,14
2017-03-27,2887,2017-04-11,712,Upper East,South,Shipped from Abroad,Health and beauty,Personal Care,Avon Soft Musk Spray,21.59,17.63,1,39.22,Delivered,3,,33,15
2018-11-07,2888,2018-11-14,434,Oti,West,Express,Health and beauty,Personal Care,Avon Soft Musk Spray,769.85,44.06,2,1583.76,Delivered,4,,65,7
2018-01-01,2889,2018-01-20,458,Volta,West,Shipped from Abroad,Phones and Tablet,Mobile phones,Samsung Galaxy A02,617.9,18.44,1,636.34,Delivered,2,,46,19
2016-06-26,2890,2016-07-12,499,Greater Accra,South,Express,Electronics,Smartwatches,Samsung Galaxy Watch 3,1487.22,11.66,3,4473.32,Returned,2,Arrived Late,22,16
2020-08-16,2891,2020-08-23,378,Oti,West,Express,Electronics,Digital Cameras,Sony Alpha a6000,810.04,23.67,1,833.71,Delivered,2,,44,7
2019-12-20,2892,2020-01-01,377,Upper East,South,Shipped from Abroad,Electronics,Home Theatre,Sony 5.1 Home Theatre,422.39,9.84,4,1699.4,Returned,2,Arrived Late,24,12
2020-01-30,2893,2020-02-05,379,Volta,North,Shipped from Abroad,Health and beauty,Personal Care,Aichun Beauty Essential Oil,646.85,31.93,2,1325.63,Delivered,3,,56,6
2020-10-04,2894,2020-10-13,255,Ashanti,South,Standard Delivery,Health and beauty,Makeup,Maybelline Foundation,1295.87,41.44,2,2633.18,Returned,1,Not as expected,24,9
2018-07-06,2895,2018-07-17,323,Weija,East,Standard Delivery,Phones and Tablet,Tablets,iPad Air 4th Gen,152.99,43.24,2,349.22,Delivered,4,,63,11
2020-10-07,2896,2020-10-21,688,Upper East,North,Standard Delivery,Phones and Tablet,Tablets,Amazon Fire HD 8 Kids Tablet,1309.33,19.45,4,5256.77,Delivered,4,,46,14
2015-05-19,2897,2015-06-07,840,Oti,South,Standard Delivery,Health and beauty,Personal Care,Aichun Beauty Essential Oil,1338.84,38.68,1,1377.52,Delivered,3,,41,19
2015-07-06,2898,2015-07-15,551,Upper East,East,Express,Phones and Tablet,Mobile phones,Samsung Galaxy A02,108.65,43.3,1,151.95,Delivered,3,,29,9
2016-04-02,2899,2016-04-05,78,Upper East,North,Express,Health and beauty,Makeup,MAC Lipstick,1220.23,43.83,4,4924.75,Returned,1,Arrived Late,35,3
2020-03-30,2900,2020-04-01,127,Ashanti,West,Standard Delivery,Health and beauty,Makeup,MAC Lipstick,295.59,47.76,1,343.35,Delivered,3,,20,2
2018-01-09,2901,2018-01-11,446,Upper East,West,Shipped from Abroad,Health and beauty,Makeup,Maybelline Foundation,333.99,26.28,3,1028.25,Delivered,1,,56,2
2020-12-15,2902,2020-12-28,606,Weija,South,Standard Delivery,Electronics,Smartwatches,Apple Watch Series 6,648.23,13.04,3,1957.73,Returned,2,Not as expected,39,13
2016-02-04,2903,2016-02-18,424,Weija,East,Standard Delivery,Home and Office,Stationery,Moleskine Notebook,1476.2,19.43,2,2971.83,Delivered,2,,31,14
2016-01-22,2904,2016-01-29,578,Greater Accra,West,Standard Delivery,Health and beauty,Personal Care,Avon Soft Musk Spray,1334.98,9.17,3,4014.11,Returned,1,Defective,23,7
2018-11-05,2905,2018-11-24,533,Ashanti,Central,Shipped from Abroad,Health and beauty,Makeup,Maybelline Foundation,419.08,11.6,4,1687.92,Delivered,3,,70,19
2015-11-18,2906,2015-12-06,801,Weija,South,Express,Fashion,Accessories,Polarized Sunglasses,599.77,17.33,4,2416.41,Returned,1,Not as expected,63,18
2017-09-12,2907,2017-09-23,412,Upper East,Central,Express,Phones and Tablet,Tablets,iPad Air 4th Gen,440.68,23.16,2,904.52,Delivered,5,,62,11
2016-06-06,2908,2016-06-18,156,Western,North,Express,Phones and Tablet,Mobile phones,Infinix Smart HD X612,294.16,7.16,5,1477.96,Delivered,2,,67,12
2020-03-10,2909,2020-03-17,829,Upper East,West,Shipped from Abroad,Fashion,Accessories,Polarized Sunglasses,848.73,26.97,4,3421.89,Delivered,2,,40,7
2016-12-21,2910,2017-01-03,802,Oti,South,Express,Health and beauty,Personal Care,Avon Soft Musk Spray,816.4,45.63,2,1678.43,Returned,1,Arrived Late,60,13
2015-02-04,2911,2015-02-12,964,Volta,West,Standard Delivery,Fashion,Accessories,Leather Wallet,105.46,23.68,3,340.06,Delivered,2,,50,8
2017-04-09,2912,2017-04-18,879,Weija,East,Standard Delivery,Phones and Tablet,Mobile phones,iPhone 12,551.46,16.78,5,2774.08,Delivered,2,,41,9
2020-07-22,2913,2020-07-24,629,Ashanti,Central,Standard Delivery,Fashion,Accessories,Leather Wallet,748.43,44.06,5,3786.21,Delivered,2,,69,2
2015-11-24,2914,2015-11-29,233,Upper East,East,Shipped from Abroad,Home and Office,Furniture,Ergonomic Office Chair,171.94,18.13,2,362.01,Returned,1,Arrived Late,65,5
2017-06-03,2915,2017-06-13,379,Weija,Central,Shipped from Abroad,Phones and Tablet,Tablets,iPad Air 4th Gen,1438.37,33.81,3,4348.92,Returned,2,Not as expected,56,10
2017-04-20,2916,2017-04-22,575,Upper East,West,Standard Delivery,Fashion,Clothing,Men's Denim Jacket,1256.8,24.71,2,2538.31,Returned,2,Defective,20,2
2020-08-29,2917,2020-09-15,190,Upper East,South,Express,Fashion,Shoes,Adidas Ultraboost,372.4,13.81,3,1131.01,Returned,2,Not as expected,20,17
2020-03-03,2918,2020-03-19,668,Ashanti,South,Shipped from Abroad,Electronics,Home Theatre,Sony 5.1 Home Theatre,343.13,35.02,4,1407.54,Delivered,3,,21,16
2020-11-05,2919,2020-11-22,203,Greater Accra,North,Express,Electronics,Home Theatre,LG Soundbar,1440.8,34.47,4,5797.67,Returned,2,Not as expected,64,17
2017-06-30,2920,2017-07-09,460,Ashanti,North,Standard Delivery,Fashion,Accessories,Leather Wallet,717.69,14.46,2,1449.84,Delivered,3,,59,9
2019-09-27,2921,2019-10-14,582,Volta,South,Standard Delivery,Fashion,Accessories,Leather Wallet,1354.01,15.06,3,4077.09,Delivered,3,,55,17
2018-02-20,2922,2018-03-11,83,Western,East,Express,Health and beauty,Personal Care,Avon Soft Musk Spray,64.45,31.41,3,224.76,Delivered,2,,27,19
2015-11-13,2923,2015-11-30,194,Weija,West,Standard Delivery,Home and Office,Furniture,Ergonomic Office Chair,1282.84,46.03,5,6460.23,Delivered,2,,21,17
2020-11-19,2924,2020-11-24,401,Greater Accra,West,Standard Delivery,Health and beauty,Makeup,Maybelline Foundation,597.64,33.37,4,2423.93,Returned,1,Changed Mind,58,5
2018-11-08,2925,2018-11-25,680,Oti,South,Standard Delivery,Fashion,Clothing,100% Cotton 4 Piece T-Shirts,716.87,35.84,3,2186.45,Delivered,2,,69,17
2020-10-21,2926,2020-11-02,189,Weija,East,Standard Delivery,Electronics,Home Theatre,LG Soundbar,268.37,33.16,5,1375.01,Cancelled,2,Arrived Late,43,12
2015-02-23,2927,2015-03-01,149,Upper East,East,Express,Health and beauty,Makeup,Maybelline Foundation,375.9,15.54,4,1519.14,Returned,2,Not as expected,46,6
2017-05-10,2928,2017-05-16,705,Upper East,Central,Shipped from Abroad,Home and Office,Furniture,8 Cubes Plastic Wardrobe,190.59,44.94,1,235.53,Delivered,3,,39,6
2015-01-02,2929,2015-01-12,244,Weija,South,Shipped from Abroad,Home and Office,Furniture,8 Cubes Plastic Wardrobe,88.63,19.4,2,196.66,Delivered,3,,30,10
2020-01-28,2930,2020-02-15,545,Ashanti,North,Standard Delivery,Phones and Tablet,Tablets,iPad Air 4th Gen,897.33,8.02,3,2700.01,Delivered,3,,53,18
2018-06-25,2931,2018-07-15,979,Weija,Central,Express,Phones and Tablet,Tablets,iPad Air 4th Gen,1406.59,32.45,5,7065.4,Delivered,5,,64,20
2018-04-13,2932,2018-04-22,890,Greater Accra,South,Express,Fashion,Clothing,100% Cotton 4 Piece T-Shirts,900.0,48.66,1,948.66,Delivered,1,,40,9
2018-10-20,2933,2018-10-30,315,Weija,West,Express,Home and Office,Furniture,Ergonomic Office Chair,181.81,29.09,1,210.9,Delivered,3,,68,10
2020-03-09,2934,2020-03-23,570,Upper East,West,Standard Delivery,Electronics,Digital Cameras,Canon EOS 600D 18MP CMOS DSLR,1174.13,6.77,1,1180.9,Returned,2,Not as expected,34,14
2016-03-20,2935,2016-03-25,882,Weija,East,Standard Delivery,Electronics,Digital Cameras,Sony Alpha a6000,991.84,25.32,3,3000.84,Returned,2,Defective,66,5
2017-12-12,2936,2017-12-14,648,Ashanti,East,Shipped from Abroad,Fashion,Accessories,Leather Wallet,1206.81,32.95,5,6067.0,Delivered,5,,58,2
2019-08-09,2937,2019-08-13,214,Weija,Central,Standard Delivery,Home and Office,Stationery,Moleskine Notebook,1289.94,34.9,5,6484.6,Returned,1,Changed Mind,23,4
2020-06-19,2938,2020-06-23,753,Upper East,North,Standard Delivery,Fashion,Shoes,Nike Air Max,1072.11,41.55,5,5402.1,Delivered,1,,33,4
2018-04-01,2939,2018-04-18,617,Upper East,East,Shipped from Abroad,Phones and Tablet,Tablets,iPad Air 4th Gen,1095.01,33.88,2,2223.9,Delivered,2,,53,17
2020-05-05,2940,2020-05-19,858,Weija,North,Express,Electronics,Smartwatches,Samsung Galaxy Watch 3,288.6,35.09,3,900.89,Delivered,3,,45,14
2016-07-22,2941,2016-07-25,649,Western,West,Express,Fashion,Accessories,Polarized Sunglasses,1249.85,36.97,3,3786.52,Delivered,2,,24,3
2017-01-22,2942,2017-01-26,155,Ashanti,South,Standard Delivery,Health and beauty,Makeup,Maybelline Foundation,788.45,19.67,3,2385.02,Delivered,3,,36,4
2017-08-22,2943,2017-09-10,842,Weija,Central,Express,Health and beauty,Personal Care,Avon Soft Musk Spray,451.03,25.99,3,1379.08,Delivered,4,,43,19
2016-01-08,2944,2016-01-17,945,Upper East,Central,Standard Delivery,Electronics,Home Theatre,LG Soundbar,1430.18,15.0,5,7165.9,Delivered,5,,46,9
2018-04-18,2945,2018-04-23,540,Oti,North,Shipped from Abroad,Phones and Tablet,Tablets,iPad Air 4th Gen,263.41,27.42,3,817.65,Returned,1,Defective,53,5
2015-10-18,2946,2015-10-30,741,Upper East,South,Standard Delivery,Phones and Tablet,Mobile phones,Samsung Galaxy A02,1059.97,42.91,3,3222.82,Delivered,4,,42,12
2018-08-23,2947,2018-08-29,433,Western,South,Standard Delivery,Fashion,Clothing,Men's Denim Jacket,220.78,29.97,3,692.31,Returned,2,Changed Mind,63,6
2019-08-18,2948,2019-09-03,633,Ashanti,Central,Shipped from Abroad,Electronics,Home Theatre,LG Soundbar,407.43,44.57,3,1266.86,Delivered,1,,60,16
2015-04-11,2949,2015-04-28,190,Upper East,West,Shipped from Abroad,Fashion,Shoes,Nike Air Max,1295.3,47.1,3,3933.0,Delivered,2,,20,17
2015-01-05,2950,2015-01-12,280,Upper East,North,Shipped from Abroad,Health and beauty,Makeup,MAC Lipstick,149.54,26.11,2,325.19,Delivered,4,,49,7
2015-04-18,2951,2015-05-04,553,Western,Central,Express,Health and beauty,Makeup,MAC Lipstick,303.23,42.53,5,1558.68,Delivered,4,,59,16
2019-04-22,2952,2019-05-05,163,Volta,West,Standard Delivery,Electronics,Digital Cameras,Nikon D3500,129.11,11.76,4,528.2,Delivered,2,,44,13
2016-06-06,2953,2016-06-11,933,Volta,North,Shipped from Abroad,Phones and Tablet,Mobile phones,Infinix Smart HD X612,99.0,16.05,1,115.05,Returned,1,Defective,37,5
2017-03-17,2954,2017-03-26,257,Oti,North,Standard Delivery,Health and beauty,Personal Care,Aichun Beauty Essential Oil,307.72,19.42,1,327.14,Returned,2,Defective,23,9
2017-01-01,2955,2017-01-05,784,Upper East,East,Shipped from Abroad,Fashion,Accessories,Leather Wallet,779.74,20.72,3,2359.94,Returned,2,Arrived Late,57,4
2018-11-23,2956,2018-12-09,302,Western,South,Express,Home and Office,Furniture,8 Cubes Plastic Wardrobe,430.47,37.85,2,898.79,Delivered,3,,27,16
2018-01-15,2957,2018-01-27,898,Volta,North,Express,Home and Office,Furniture,8 Cubes Plastic Wardrobe,1353.53,37.29,5,6804.94,Returned,1,Defective,55,12
2019-08-28,2958,2019-09-02,319,Western,North,Shipped from Abroad,Health and beauty,Makeup,MAC Lipstick,96.38,20.17,5,502.07,Delivered,3,,22,5
2016-01-08,2959,2016-01-14,371,Ashanti,North,Express,Health and beauty,Makeup,MAC Lipstick,707.54,33.9,4,2864.06,Cancelled,2,Defective,46,6
2015-11-30,2960,2015-12-10,206,Weija,West,Express,Fashion,Shoes,Adidas Ultraboost,1170.92,21.67,4,4705.35,Delivered,5,,69,10
2016-01-16,2961,2016-02-01,439,Upper East,North,Express,Home and Office,Furniture,Ergonomic Office Chair,759.69,42.78,1,802.47,Returned,2,Changed Mind,67,16
2017-12-27,2962,2018-01-07,185,Upper East,East,Standard Delivery,Phones and Tablet,Mobile phones,Infinix Smart HD X612,652.19,48.97,1,701.16,Delivered,4,,29,11
2019-11-10,2963,2019-11-30,279,Western,North,Shipped from Abroad,Phones and Tablet,Tablets,iPad Air 4th Gen,1199.32,23.18,4,4820.46,Returned,1,Defective,56,20
2016-08-12,2964,2016-08-26,819,Ashanti,East,Standard Delivery,Electronics,Home Theatre,Sony 5.1 Home Theatre,939.71,16.42,4,3775.26,Delivered,3,,63,14
2020-12-07,2965,2020-12-20,251,Oti,Central,Standard Delivery,Home and Office,Stationery,Moleskine Notebook,552.11,39.76,2,1143.98,Returned,2,Changed Mind,50,13
2019-09-24,2966,2019-10-08,845,Volta,South,Shipped from Abroad,Health and beauty,Personal Care,Avon Soft Musk Spray,1145.08,5.59,5,5730.99,Delivered,4,,23,14
2018-12-03,2967,2018-12-06,884,Greater Accra,South,Shipped from Abroad,Home and Office,Stationery,Moleskine Notebook,1192.65,44.2,1,1236.85,Delivered,4,,66,3
2019-02-17,2968,2019-03-07,794,Weija,West,Express,Fashion,Accessories,Leather Wallet,302.19,32.17,4,1240.93,Delivered,4,,31,18
2017-06-11,2969,2017-06-17,537,Upper East,North,Standard Delivery,Health and beauty,Makeup,MAC Lipstick,30.08,25.47,4,145.79,Returned,1,Changed Mind,40,6
2015-05-18,2970,2015-05-26,761,Greater Accra,West,Express,Electronics,Smartwatches,Apple Watch Series 6,1247.08,24.29,3,3765.53,Delivered,2,,38,8
2020-10-02,2971,2020-10-20,311,Greater Accra,South,Express,Electronics,Home Theatre,Sony 5.1 Home Theatre,23.69,14.94,2,62.32,Delivered,4,,22,18
2015-10-12,2972,2015-10-31,763,Oti,East,Shipped from Abroad,Health and beauty,Makeup,Maybelline Foundation,899.88,42.27,2,1842.03,Delivered,5,,49,19
2016-08-18,2973,2016-09-04,689,Oti,North,Standard Delivery,Health and beauty,Makeup,MAC Lipstick,807.34,23.24,1,830.58,Delivered,2,,20,17
2015-09-14,2974,2015-09-28,975,Ashanti,West,Express,Health and beauty,Makeup,Maybelline Foundation,1255.13,25.41,4,5045.93,Delivered,4,,24,14
2019-08-03,2975,2019-08-06,2,Greater Accra,South,Standard Delivery,Electronics,Digital Cameras,Canon EOS 600D 18MP CMOS DSLR,631.05,38.41,5,3193.66,Returned,1,Arrived Late,27,3
2015-05-03,2976,2015-05-07,960,Ashanti,South,Shipped from Abroad,Home and Office,Stationery,Parker Pen,973.54,37.16,2,1984.24,Delivered,3,,49,4
2019-06-09,2977,2019-06-11,282,Western,South,Express,Health and beauty,Makeup,Maybelline Foundation,312.42,5.4,3,942.66,Delivered,5,,21,2
2020-10-01,2978,2020-10-17,522,Upper East,South,Express,Health and beauty,Makeup,Maybelline Foundation,1382.75,8.58,4,5539.58,Delivered,4,,61,16
2018-11-26,2979,2018-12-03,931,Greater Accra,South,Standard Delivery,Health and beauty,Makeup,MAC Lipstick,314.5,18.49,1,332.99,Delivered,3,,25,7
2020-10-28,2980,2020-11-10,638,Upper East,North,Shipped from Abroad,Electronics,Digital Cameras,Nikon D3500,719.24,46.28,5,3642.48,Delivered,4,,37,13
2017-08-26,2981,2017-09-02,382,Oti,East,Shipped from Abroad,Home and Office,Furniture,Ergonomic Office Chair,259.69,29.94,4,1068.7,Returned,2,Changed Mind,37,7
2020-09-29,2982,2020-10-14,586,Western,South,Standard Delivery,Phones and Tablet,Tablets,iPad Air 4th Gen,715.37,19.99,5,3596.84,Delivered,1,,45,15
2017-09-15,2983,2017-09-24,18,Western,Central,Shipped from Abroad,Phones and Tablet,Mobile phones,Samsung Galaxy A02,748.39,27.13,5,3769.08,Delivered,1,,43,9
2017-07-16,2984,2017-08-01,615,Volta,South,Express,Home and Office,Furniture,8 Cubes Plastic Wardrobe,798.75,20.69,1,819.44,Delivered,3,,60,16
2017-01-05,2985,2017-01-24,674,Ashanti,West,Shipped from Abroad,Fashion,Clothing,100% Cotton 4 Piece T-Shirts,662.5,32.75,5,3345.25,Delivered,4,,58,19
2017-01-06,2986,2017-01-08,265,Oti,Central,Standard Delivery,Phones and Tablet,Tablets,Amazon Fire HD 8 Kids Tablet,1340.32,34.89,3,4055.85,Delivered,4,,54,2
2018-02-23,2987,2018-02-26,49,Ashanti,South,Standard Delivery,Phones and Tablet,Tablets,Amazon Fire HD 8 Kids Tablet,236.36,22.63,2,495.35,Delivered,2,,44,3
2017-04-23,2988,2017-05-13,837,Western,East,Standard Delivery,Electronics,Home Theatre,LG Soundbar,1181.92,25.86,3,3571.62,Delivered,5,,26,20
2018-04-18,2989,2018-05-08,227,Weija,East,Shipped from Abroad,Phones and Tablet,Tablets,iPad Air 4th Gen,759.89,8.75,4,3048.31,Delivered,3,,60,20
2017-05-08,2990,2017-05-16,960,Volta,Central,Express,Home and Office,Stationery,Parker Pen,145.9,13.07,4,596.67,Returned,2,Defective,49,8
2019-05-15,2991,2019-05-23,641,Upper East,Central,Express,Health and beauty,Makeup,MAC Lipstick,1197.37,13.33,1,1210.7,Delivered,3,,41,8
2019-03-11,2992,2019-03-27,731,Oti,South,Express,Home and Office,Furniture,8 Cubes Plastic Wardrobe,723.32,27.57,2,1474.21,Delivered,3,,50,16
2016-05-11,2993,2016-05-17,234,Greater Accra,South,Shipped from Abroad,Fashion,Shoes,Adidas Ultraboost,893.0,8.54,5,4473.54,Delivered,1,,20,6
2017-03-04,2994,2017-03-24,444,Oti,Central,Standard Delivery,Fashion,Accessories,Polarized Sunglasses,788.69,49.42,4,3204.18,Delivered,3,,65,20
2020-09-26,2995,2020-10-04,776,Volta,East,Standard Delivery,Health and beauty,Makeup,MAC Lipstick,1167.97,46.53,5,5886.38,Returned,2,Changed Mind,46,8
2018-06-08,2996,2018-06-12,105,Oti,Central,Express,Home and Office,Stationery,Parker Pen,44.19,13.36,4,190.12,Delivered,5,,60,4
2016-10-16,2997,2016-11-03,343,Volta,West,Express,Home and Office,Stationery,Moleskine Notebook,109.21,29.31,3,356.94,Delivered,1,,38,18
2019-08-04,2998,2019-08-06,513,Weija,North,Shipped from Abroad,Fashion,Shoes,Adidas Ultraboost,220.08,29.99,1,250.07,Delivered,1,,52,2
2018-12-21,2999,2019-01-10,882,Upper East,East,Express,Health and beauty,Personal Care,Aichun Beauty Essential Oil,601.97,17.77,5,3027.62,Delivered,3,,66,20
2017-08-19,3000,2017-08-30,118,Volta,North,Standard Delivery,Electronics,Digital Cameras,Canon EOS 600D 18MP CMOS DSLR,737.7,15.1,2,1490.5,Returned,2,Not as expected,62,11
2020-02-19,3001,2020-02-25,419,Weija,North,Shipped from Abroad,Home and Office,Furniture,Ergonomic Office Chair,1479.39,43.84,3,4482.01,Returned,2,Changed Mind,44,6
2018-04-26,3002,2018-05-13,682,Weija,North,Shipped from Abroad,Electronics,Digital Cameras,Nikon D3500,331.28,16.28,4,1341.4,Delivered,2,,49,17
2017-09-02,3003,2017-09-13,517,Oti,Central,Express,Health and beauty,Makeup,MAC Lipstick,474.83,42.4,5,2416.55,Delivered,3,,69,11
2019-01-23,3004,2019-01-31,976,Weija,South,Shipped from Abroad,Electronics,Digital Cameras,Nikon D3500,319.31,46.25,5,1642.8,Delivered,3,,66,8
2020-09-07,3005,2020-09-23,315,Volta,North,Standard Delivery,Health and beauty,Personal Care,Avon Soft Musk Spray,426.97,23.99,3,1304.9,Delivered,3,,68,16
2017-04-26,3006,2017-04-29,534,Upper East,West,Express,Health and beauty,Makeup,MAC Lipstick,1308.97,35.33,3,3962.24,Returned,2,Changed Mind,52,3
2018-02-22,3007,2018-03-09,927,Ashanti,South,Express,Home and Office,Stationery,Parker Pen,1087.58,46.93,2,2222.09,Delivered,5,,23,15
2019-12-12,3008,2019-12-14,109,Volta,North,Express,Phones and Tablet,Tablets,Amazon Fire HD 8 Kids Tablet,1049.58,23.13,2,2122.29,Delivered,5,,46,2
2019-04-11,3009,2019-04-24,982,Upper East,Central,Express,Health and beauty,Makeup,Maybelline Foundation,101.58,24.1,5,532.0,Returned,2,Not as expected,30,13
2017-02-23,3010,2017-03-01,212,Greater Accra,South,Express,Fashion,Shoes,Nike Air Max,954.55,11.14,3,2874.79,Delivered,1,,49,6
2017-11-06,3011,2017-11-16,700,Upper East,West,Express,Fashion,Clothing,Men's Denim Jacket,961.28,32.21,4,3877.33,Returned,2,Arrived Late,59,10
2019-10-02,3012,2019-10-20,250,Ashanti,Central,Standard Delivery,Electronics,Smartwatches,Samsung Galaxy Watch 3,19.83,40.57,5,139.72,Delivered,4,,23,18
2017-02-05,3013,2017-02-25,329,Weija,West,Express,Electronics,Smartwatches,Samsung Galaxy Watch 3,699.68,8.52,5,3506.92,Returned,1,Defective,33,20
2018-04-09,3014,2018-04-13,773,Greater Accra,North,Shipped from Abroad,Fashion,Clothing,100% Cotton 4 Piece T-Shirts,1238.95,36.7,2,2514.6,Delivered,4,,58,4
2015-09-12,3015,2015-09-14,840,Greater Accra,North,Express,Phones and Tablet,Mobile phones,Samsung Galaxy A02,1211.41,5.38,1,1216.79,Returned,1,Defective,41,2
2016-01-29,3016,2016-02-10,481,Greater Accra,North,Standard Delivery,Phones and Tablet,Tablets,Amazon Fire HD 8 Kids Tablet,1075.07,47.86,4,4348.14,Delivered,4,,33,12
2015-09-27,3017,2015-09-29,860,Western,South,Standard Delivery,Phones and Tablet,Tablets,Amazon Fire HD 8 Kids Tablet,1063.81,5.26,2,2132.88,Returned,2,Defective,26,2
2019-08-08,3018,2019-08-20,144,Ashanti,East,Express,Electronics,Digital Cameras,Nikon D3500,693.6,45.58,1,739.18,Delivered,3,,65,12
2015-10-10,3019,2015-10-22,393,Greater Accra,South,Express,Health and beauty,Makeup,MAC Lipstick,1385.43,32.32,4,5574.04,Returned,2,Arrived Late,30,12
2019-09-01,3020,2019-09-16,578,Weija,South,Express,Electronics,Home Theatre,Sony 5.1 Home Theatre,824.54,20.96,2,1670.04,Delivered,4,,23,15
2020-05-06,3021,2020-05-11,202,Greater Accra,South,Standard Delivery,Fashion,Shoes,Adidas Ultraboost,1027.98,41.37,5,5181.27,Delivered,2,,53,5
2017-02-25,3022,2017-03-07,649,Western,West,Express,Home and Office,Furniture,8 Cubes Plastic Wardrobe,1287.7,36.27,4,5187.07,Cancelled,2,Defective,24,10
2017-03-04,3023,2017-03-20,921,Volta,West,Standard Delivery,Health and beauty,Makeup,MAC Lipstick,842.37,15.44,1,857.81,Returned,1,Arrived Late,68,16
2017-08-12,3024,2017-08-14,397,Upper East,East,Standard Delivery,Fashion,Shoes,Adidas Ultraboost,382.97,34.74,4,1566.62,Delivered,1,,29,2
2018-10-04,3025,2018-10-10,122,Western,East,Express,Fashion,Shoes,Adidas Ultraboost,1222.11,31.27,5,6141.82,Delivered,3,,23,6
2019-03-01,3026,2019-03-08,493,Weija,North,Standard Delivery,Home and Office,Furniture,8 Cubes Plastic Wardrobe,950.8,26.97,5,4780.97,Delivered,5,,28,7
2015-08-25,3027,2015-08-31,81,Upper East,West,Standard Delivery,Health and beauty,Personal Care,Avon Soft Musk Spray,385.14,13.63,1,398.77,Delivered,2,,40,6
2019-01-10,3028,2019-01-27,994,Greater Accra,South,Shipped from Abroad,Electronics,Digital Cameras,Canon EOS 600D 18MP CMOS DSLR,1374.04,12.41,4,5508.57,Delivered,4,,30,17
2018-09-23,3029,2018-09-25,586,Oti,North,Express,Phones and Tablet,Tablets,iPad Air 4th Gen,1477.83,31.01,3,4464.5,Delivered,3,,45,2
2020-09-22,3030,2020-10-01,375,Oti,West,Standard Delivery,Electronics,Digital Cameras,Nikon D3500,976.4,6.61,3,2935.81,Delivered,1,,33,9
2020-01-27,3031,2020-02-13,715,Greater Accra,East,Shipped from Abroad,Phones and Tablet,Mobile phones,Samsung Galaxy A02,88.24,22.13,1,110.37,Delivered,2,,51,17
2019-03-31,3032,2019-04-03,977,Upper East,West,Express,Home and Office,Stationery,Parker Pen,684.84,19.38,5,3443.58,Delivered,3,,47,3
2016-01-04,3033,2016-01-20,68,Upper East,West,Shipped from Abroad,Home and Office,Furniture,8 Cubes Plastic Wardrobe,1059.25,30.52,3,3208.27,Delivered,2,,23,16
2020-10-30,3034,2020-11-17,319,Western,East,Standard Delivery,Fashion,Clothing,100% Cotton 4 Piece T-Shirts,402.65,45.13,5,2058.38,Delivered,3,,22,18
2015-11-28,3035,2015-12-12,830,Volta,East,Express,Home and Office,Stationery,Moleskine Notebook,1234.96,19.23,1,1254.19,Returned,1,Defective,60,14
2018-01-24,3036,2018-02-03,897,Volta,Central,Shipped from Abroad,Health and beauty,Personal Care,Aichun Beauty Essential Oil,704.47,43.47,1,747.94,Returned,2,Defective,39,10
2017-06-04,3037,2017-06-23,595,Western,South,Standard Delivery,Home and Office,Furniture,Ergonomic Office Chair,997.59,14.13,3,3006.9,Delivered,4,,28,19
2018-12-07,3038,2018-12-21,902,Weija,North,Standard Delivery,Phones and Tablet,Tablets,Amazon Fire HD 8 Kids Tablet,47.82,26.38,4,217.66,Cancelled,1,Defective,48,14
2015-12-24,3039,2016-01-07,222,Greater Accra,East,Express,Home and Office,Stationery,Moleskine Notebook,975.73,10.2,5,4888.85,Cancelled,2,Changed Mind,63,14
2018-08-19,3040,2018-09-03,891,Greater Accra,West,Express,Home and Office,Furniture,Ergonomic Office Chair,1158.32,21.9,1,1180.22,Delivered,4,,20,15
2016-02-28,3041,2016-03-03,603,Western,Central,Express,Electronics,Smartwatches,Samsung Galaxy Watch 3,1002.57,28.79,3,3036.5,Returned,1,Changed Mind,63,4
2018-07-21,3042,2018-07-30,363,Western,South,Express,Health and beauty,Makeup,MAC Lipstick,368.29,21.69,1,389.98,Delivered,3,,53,9
2015-08-12,3043,2015-08-26,616,Ashanti,North,Shipped from Abroad,Phones and Tablet,Mobile phones,Samsung Galaxy A02,748.26,46.27,5,3787.57,Delivered,2,,59,14
2016-01-07,3044,2016-01-15,193,Upper East,North,Standard Delivery,Health and beauty,Makeup,Maybelline Foundation,1125.34,33.62,4,4534.98,Returned,2,Arrived Late,54,8
2015-06-28,3045,2015-07-18,9,Upper East,East,Standard Delivery,Home and Office,Furniture,8 Cubes Plastic Wardrobe,657.54,26.66,4,2656.82,Delivered,3,,70,20
2019-08-11,3046,2019-08-23,533,Volta,North,Shipped from Abroad,Fashion,Clothing,Men's Denim Jacket,832.61,48.45,3,2546.28,Delivered,3,,70,12
2017-01-26,3047,2017-02-12,983,Volta,East,Standard Delivery,Health and beauty,Personal Care,Aichun Beauty Essential Oil,1239.76,9.83,5,6208.63,Returned,2,Arrived Late,46,17
2020-01-09,3048,2020-01-29,795,Greater Accra,South,Standard Delivery,Home and Office,Stationery,Moleskine Notebook,1344.61,16.99,2,2706.21,Delivered,2,,62,20
2019-06-09,3049,2019-06-26,911,Volta,Central,Standard Delivery,Home and Office,Stationery,Moleskine Notebook,331.25,42.15,1,373.4,Delivered,4,,61,17
2020-11-19,3050,2020-11-23,664,Volta,West,Shipped from Abroad,Electronics,Smartwatches,Samsung Galaxy Watch 3,368.9,6.69,1,375.59,Delivered,1,,29,4
2020-07-15,3051,2020-07-24,425,Ashanti,Central,Shipped from Abroad,Fashion,Accessories,Polarized Sunglasses,56.41,12.97,5,295.02,Delivered,4,,24,9
2019-04-09,3052,2019-04-12,383,Greater Accra,Central,Shipped from Abroad,Phones and Tablet,Tablets,iPad Air 4th Gen,236.35,37.29,2,509.99,Returned,1,Not as expected,70,3
2018-08-13,3053,2018-08-22,889,Western,Central,Standard Delivery,Fashion,Shoes,Adidas Ultraboost,540.43,24.92,5,2727.07,Cancelled,2,Changed Mind,35,9
2016-03-01,3054,2016-03-19,153,Oti,East,Standard Delivery,Fashion,Clothing,100% Cotton 4 Piece T-Shirts,874.68,21.34,3,2645.38,Delivered,3,,45,18
2016-10-18,3055,2016-10-22,828,Oti,East,Shipped from Abroad,Phones and Tablet,Tablets,Amazon Fire HD 8 Kids Tablet,191.31,12.92,1,204.23,Returned,1,Arrived Late,62,4
2020-10-29,3056,2020-11-08,312,Oti,East,Standard Delivery,Home and Office,Stationery,Moleskine Notebook,285.9,23.07,5,1452.57,Returned,2,Not as expected,54,10
2018-03-08,3057,2018-03-11,701,Western,Central,Shipped from Abroad,Health and beauty,Personal Care,Avon Soft Musk Spray,1184.41,30.54,2,2399.36,Returned,2,Arrived Late,65,3
2017-05-14,3058,2017-05-17,885,Weija,West,Express,Home and Office,Stationery,Moleskine Notebook,128.29,38.46,5,679.91,Delivered,1,,40,3
2020-08-28,3059,2020-09-14,753,Weija,North,Express,Fashion,Clothing,100% Cotton 4 Piece T-Shirts,794.34,5.57,3,2388.59,Returned,1,Defective,33,17
2020-04-19,3060,2020-04-22,915,Volta,Central,Shipped from Abroad,Health and beauty,Makeup,Maybelline Foundation,1252.63,8.45,3,3766.34,Delivered,2,,41,3
2017-08-01,3061,2017-08-10,746,Western,South,Standard Delivery,Fashion,Clothing,Men's Denim Jacket,17.77,43.17,1,60.94,Returned,1,Not as expected,64,9
2018-09-06,3062,2018-09-22,566,Volta,West,Standard Delivery,Fashion,Clothing,100% Cotton 4 Piece T-Shirts,146.4,49.36,1,195.76,Delivered,2,,29,16
2020-12-15,3063,2020-12-27,91,Ashanti,East,Standard Delivery,Health and beauty,Makeup,MAC Lipstick,1311.97,41.06,1,1353.03,Delivered,3,,25,12
2015-03-30,3064,2015-04-06,76,Western,East,Standard Delivery,Fashion,Accessories,Polarized Sunglasses,194.31,9.3,3,592.23,Delivered,3,,29,7
2017-02-14,3065,2017-02-27,681,Western,West,Shipped from Abroad,Phones and Tablet,Mobile phones,Samsung Galaxy A02,586.78,32.14,5,2966.04,Delivered,2,,42,13
2018-09-27,3066,2018-10-10,59,Upper East,South,Shipped from Abroad,Phones and Tablet,Mobile phones,Samsung Galaxy A02,466.82,35.94,3,1436.4,Delivered,3,,32,13
2015-06-17,3067,2015-06-25,894,Upper East,West,Express,Health and beauty,Makeup,Maybelline Foundation,709.82,26.57,2,1446.21,Delivered,5,,21,8
2020-10-01,3068,2020-10-11,746,Oti,North,Shipped from Abroad,Phones and Tablet,Mobile phones,Samsung Galaxy A02,826.55,7.36,2,1660.46,Delivered,1,,64,10
2017-05-03,3069,2017-05-23,879,Oti,West,Shipped from Abroad,Phones and Tablet,Mobile phones,iPhone 12,925.46,16.72,4,3718.56,Delivered,4,,41,20
2018-04-19,3070,2018-04-22,537,Western,South,Shipped from Abroad,Fashion,Shoes,Adidas Ultraboost,857.91,26.18,3,2599.91,Returned,1,Not as expected,40,3
2016-09-03,3071,2016-09-08,642,Greater Accra,West,Express,Electronics,Digital Cameras,Sony Alpha a6000,491.37,9.94,5,2466.79,Returned,2,Defective,23,5
2017-10-05,3072,2017-10-15,607,Ashanti,West,Express,Home and Office,Furniture,Ergonomic Office Chair,756.47,19.06,1,775.53,Cancelled,2,Arrived Late,29,10
2017-08-10,3073,2017-08-13,370,Greater Accra,Central,Standard Delivery,Phones and Tablet,Tablets,Amazon Fire HD 8 Kids Tablet,1450.3,31.64,1,1481.94,Delivered,4,,24,3
2018-04-21,3074,2018-05-06,29,Western,North,Standard Delivery,Fashion,Accessories,Polarized Sunglasses,634.84,13.8,1,648.64,Returned,2,Defective,67,15
2018-08-15,3075,2018-09-04,720,Weija,Central,Shipped from Abroad,Health and beauty,Personal Care,Avon Soft Musk Spray,1368.25,23.25,2,2759.75,Delivered,5,,18,20
2016-05-02,3076,2016-05-11,731,Volta,East,Express,Home and Office,Furniture,Ergonomic Office Chair,40.95,7.12,1,48.07,Delivered,5,,50,9
2020-02-15,3077,2020-02-20,645,Oti,North,Express,Electronics,Smartwatches,Samsung Galaxy Watch 3,1026.77,45.96,5,5179.81,Delivered,2,,51,5
2015-11-22,3078,2015-12-10,673,Volta,South,Shipped from Abroad,Fashion,Shoes,Adidas Ultraboost,1316.7,20.33,1,1337.03,Cancelled,2,Arrived Late,27,18
2015-01-09,3079,2015-01-15,56,Oti,Central,Shipped from Abroad,Fashion,Shoes,Nike Air Max,123.96,24.13,5,643.93,Returned,2,Not as expected,40,6
2020-12-09,3080,2020-12-16,328,Greater Accra,West,Shipped from Abroad,Fashion,Shoes,Adidas Ultraboost,1343.31,14.72,1,1358.03,Delivered,1,,65,7
2019-09-13,3081,2019-09-24,890,Greater Accra,East,Shipped from Abroad,Fashion,Clothing,Men's Denim Jacket,474.66,40.96,3,1464.94,Returned,1,Arrived Late,40,11
2020-06-08,3082,2020-06-18,596,Volta,South,Standard Delivery,Electronics,Home Theatre,LG Soundbar,238.14,6.55,1,244.69,Delivered,1,,62,10
2018-07-20,3083,2018-07-28,291,Upper East,South,Shipped from Abroad,Home and Office,Stationery,Parker Pen,97.32,8.91,4,398.19,Delivered,3,,28,8
2016-02-16,3084,2016-02-22,388,Weija,East,Shipped from Abroad,Home and Office,Furniture,8 Cubes Plastic Wardrobe,1492.1,6.93,3,4483.23,Returned,1,Defective,18,6
2020-08-14,3085,2020-09-03,90,Ashanti,South,Standard Delivery,Home and Office,Stationery,Moleskine Notebook,1275.87,5.05,5,6384.4,Delivered,2,,21,20
2018-09-26,3086,2018-10-05,160,Ashanti,Central,Shipped from Abroad,Home and Office,Stationery,Moleskine Notebook,694.21,49.92,2,1438.34,Delivered,3,,47,9
2019-05-05,3087,2019-05-20,166,Ashanti,North,Shipped from Abroad,Phones and Tablet,Mobile phones,Samsung Galaxy A02,889.7,8.59,5,4457.09,Returned,2,Not as expected,36,15
2019-03-27,3088,2019-04-10,354,Ashanti,North,Standard Delivery,Electronics,Digital Cameras,Nikon D3500,335.6,15.34,1,350.94,Delivered,3,,26,14
2017-07-15,3089,2017-08-03,718,Ashanti,Central,Shipped from Abroad,Phones and Tablet,Mobile phones,Samsung Galaxy A02,96.43,12.63,3,301.92,Delivered,3,,20,19
2020-12-21,3090,2020-12-30,419,Ashanti,East,Express,Home and Office,Furniture,Ergonomic Office Chair,1213.26,47.88,4,4900.92,Delivered,4,,44,9
2015-07-15,3091,2015-07-29,836,Weija,East,Shipped from Abroad,Fashion,Clothing,Men's Denim Jacket,531.34,6.58,5,2663.28,Delivered,2,,26,14
2019-04-18,3092,2019-05-03,767,Greater Accra,North,Express,Health and beauty,Personal Care,Avon Soft Musk Spray,702.16,24.71,2,1429.03,Delivered,2,,67,15
2017-11-24,3093,2017-12-01,391,Weija,North,Shipped from Abroad,Electronics,Smartwatches,Samsung Galaxy Watch 3,1051.88,18.75,5,5278.15,Delivered,3,,27,7
2015-08-05,3094,2015-08-19,766,Oti,West,Express,Home and Office,Stationery,Moleskine Notebook,1422.12,42.62,2,2886.86,Delivered,4,,23,14
2016-06-08,3095,2016-06-13,668,Oti,North,Shipped from Abroad,Phones and Tablet,Mobile phones,Infinix Smart HD X612,784.97,24.41,4,3164.29,Delivered,4,,21,5
2020-10-25,3096,2020-10-31,115,Oti,West,Express,Phones and Tablet,Mobile phones,iPhone 12,817.43,11.55,4,3281.27,Cancelled,1,Arrived Late,35,6
2020-03-22,3097,2020-04-10,904,Volta,West,Shipped from Abroad,Home and Office,Furniture,8 Cubes Plastic Wardrobe,261.26,7.58,5,1313.88,Delivered,4,,41,19
2019-08-24,3098,2019-09-05,106,Greater Accra,North,Standard Delivery,Electronics,Smartwatches,Apple Watch Series 6,168.55,5.36,1,173.91,Returned,1,Changed Mind,27,12
2017-05-11,3099,2017-05-17,943,Volta,Central,Express,Electronics,Digital Cameras,Nikon D3500,756.23,28.23,3,2296.92,Delivered,5,,63,6
2017-01-16,3100,2017-01-21,18,Western,North,Shipped from Abroad,Home and Office,Stationery,Parker Pen,126.69,21.78,1,148.47,Delivered,1,,43,5
2017-05-08,3101,2017-05-11,614,Upper East,North,Express,Home and Office,Furniture,Ergonomic Office Chair,185.53,5.47,5,933.12,Delivered,3,,21,3
2018-11-04,3102,2018-11-20,796,Volta,North,Standard Delivery,Fashion,Clothing,Men's Denim Jacket,1410.82,32.92,5,7087.02,Returned,1,Arrived Late,35,16
2017-06-08,3103,2017-06-18,188,Upper East,North,Standard Delivery,Fashion,Accessories,Polarized Sunglasses,551.74,38.4,4,2245.36,Delivered,1,,50,10
2020-10-12,3104,2020-10-29,363,Volta,West,Shipped from Abroad,Health and beauty,Makeup,MAC Lipstick,1076.94,37.72,4,4345.48,Delivered,3,,53,17
2016-09-22,3105,2016-10-12,477,Volta,Central,Shipped from Abroad,Health and beauty,Makeup,Maybelline Foundation,481.77,32.58,2,996.12,Returned,2,Not as expected,70,20
2016-09-12,3106,2016-09-25,905,Greater Accra,Central,Standard Delivery,Fashion,Accessories,Leather Wallet,887.8,49.87,1,937.67,Returned,1,Not as expected,24,13
2015-10-30,3107,2015-11-13,304,Ashanti,West,Express,Phones and Tablet,Mobile phones,Samsung Galaxy A02,654.27,37.73,3,2000.54,Delivered,1,,44,14
2016-03-01,3108,2016-03-21,286,Greater Accra,West,Standard Delivery,Electronics,Home Theatre,Sony 5.1 Home Theatre,695.5,28.0,5,3505.5,Delivered,1,,32,20
2020-05-24,3109,2020-06-02,342,Ashanti,North,Standard Delivery,Fashion,Accessories,Polarized Sunglasses,285.68,20.66,3,877.7,Returned,1,Arrived Late,39,9
2016-06-07,3110,2016-06-19,547,Greater Accra,East,Standard Delivery,Electronics,Home Theatre,Sony 5.1 Home Theatre,406.5,35.72,3,1255.22,Cancelled,1,Not as expected,57,12
2019-09-14,3111,2019-09-23,473,Western,South,Express,Home and Office,Furniture,8 Cubes Plastic Wardrobe,649.72,49.92,1,699.64,Delivered,4,,42,9
2017-02-13,3112,2017-02-24,377,Weija,Central,Standard Delivery,Health and beauty,Makeup,MAC Lipstick,160.88,12.01,4,655.53,Delivered,1,,24,11
2017-06-04,3113,2017-06-20,750,Weija,South,Standard Delivery,Phones and Tablet,Tablets,Amazon Fire HD 8 Kids Tablet,1459.94,12.27,1,1472.21,Delivered,5,,65,16
2017-09-20,3114,2017-10-05,914,Greater Accra,North,Standard Delivery,Health and beauty,Makeup,MAC Lipstick,1205.44,20.01,1,1225.45,Delivered,2,,61,15
2016-12-11,3115,2016-12-16,675,Greater Accra,Central,Express,Health and beauty,Makeup,Maybelline Foundation,25.16,11.27,1,36.43,Delivered,2,,54,5
2015-04-07,3116,2015-04-23,919,Western,East,Standard Delivery,Health and beauty,Personal Care,Aichun Beauty Essential Oil,716.37,48.42,2,1481.16,Cancelled,2,Defective,59,16
2015-11-05,3117,2015-11-17,60,Oti,South,Shipped from Abroad,Electronics,Home Theatre,Sony 5.1 Home Theatre,410.73,38.77,5,2092.42,Returned,2,Not as expected,68,12
2017-09-16,3118,2017-09-21,242,Greater Accra,South,Shipped from Abroad,Fashion,Accessories,Polarized Sunglasses,44.41,29.57,4,207.21,Returned,2,Arrived Late,56,5
2015-09-13,3119,2015-09-23,775,Volta,West,Standard Delivery,Health and beauty,Personal Care,Aichun Beauty Essential Oil,879.48,13.2,5,4410.6,Cancelled,1,Arrived Late,36,10
2020-02-20,3120,2020-02-28,9,Upper East,South,Express,Health and beauty,Makeup,MAC Lipstick,1032.29,46.4,5,5207.85,Delivered,3,,70,8
2019-12-12,3121,2019-12-22,831,Upper East,East,Express,Electronics,Home Theatre,Sony 5.1 Home Theatre,464.75,8.15,4,1867.15,Delivered,2,,70,10
2019-09-22,3122,2019-10-12,211,Weija,West,Express,Electronics,Smartwatches,Samsung Galaxy Watch 3,1029.5,21.77,4,4139.77,Delivered,3,,29,20
2019-12-01,3123,2019-12-13,834,Oti,West,Standard Delivery,Phones and Tablet,Mobile phones,Samsung Galaxy A02,539.91,23.3,5,2722.85,Returned,2,Defective,30,12
2015-08-06,3124,2015-08-22,256,Weija,South,Shipped from Abroad,Phones and Tablet,Mobile phones,Samsung Galaxy A02,1439.02,46.71,1,1485.73,Delivered,1,,67,16
2017-04-27,3125,2017-05-10,207,Upper East,South,Express,Home and Office,Stationery,Moleskine Notebook,926.78,22.34,1,949.12,Delivered,1,,37,13
2018-11-04,3126,2018-11-13,372,Weija,West,Express,Fashion,Accessories,Polarized Sunglasses,1163.02,11.5,5,5826.6,Delivered,3,,25,9
2016-11-28,3127,2016-12-01,329,Oti,East,Shipped from Abroad,Health and beauty,Personal Care,Aichun Beauty Essential Oil,894.03,7.08,5,4477.23,Delivered,3,,33,3
2018-07-05,3128,2018-07-20,567,Ashanti,South,Standard Delivery,Home and Office,Furniture,Ergonomic Office Chair,1102.44,10.32,4,4420.08,Delivered,4,,41,15
2016-12-06,3129,2016-12-19,848,Volta,East,Standard Delivery,Phones and Tablet,Tablets,Amazon Fire HD 8 Kids Tablet,1207.66,49.75,1,1257.41,Delivered,4,,22,13
2019-02-13,3130,2019-02-19,236,Western,West,Express,Electronics,Home Theatre,LG Soundbar,665.19,31.99,4,2692.75,Delivered,1,,32,6
2016-05-05,3131,2016-05-14,877,Upper East,North,Shipped from Abroad,Home and Office,Stationery,Moleskine Notebook,69.77,16.59,4,295.67,Delivered,3,,51,9
2018-05-26,3132,2018-06-08,368,Oti,South,Shipped from Abroad,Fashion,Clothing,100% Cotton 4 Piece T-Shirts,513.79,46.69,1,560.48,Returned,1,Not as expected,36,13
2017-10-11,3133,2017-10-14,211,Weija,North,Shipped from Abroad,Phones and Tablet,Mobile phones,Infinix Smart HD X612,234.62,9.84,5,1182.94,Returned,1,Defective,29,3
2019-10-22,3134,2019-11-02,680,Volta,East,Shipped from Abroad,Phones and Tablet,Mobile phones,iPhone 12,853.54,48.56,4,3462.72,Returned,1,Changed Mind,69,11
2020-07-20,3135,2020-07-29,619,Ashanti,South,Shipped from Abroad,Health and beauty,Personal Care,Aichun Beauty Essential Oil,660.27,38.93,4,2680.01,Returned,2,Changed Mind,22,9
2016-03-09,3136,2016-03-25,699,Weija,North,Express,Home and Office,Stationery,Moleskine Notebook,695.73,23.2,3,2110.39,Delivered,1,,64,16
2018-04-26,3137,2018-05-09,461,Greater Accra,East,Express,Phones and Tablet,Mobile phones,iPhone 12,1147.81,28.65,5,5767.7,Delivered,3,,56,13
2016-11-25,3138,2016-12-14,146,Western,Central,Standard Delivery,Phones and Tablet,Tablets,Amazon Fire HD 8 Kids Tablet,809.45,36.77,4,3274.57,Delivered,3,,46,19
2015-11-01,3139,2015-11-18,836,Volta,Central,Standard Delivery,Health and beauty,Makeup,MAC Lipstick,789.12,33.36,2,1611.6,Delivered,2,,26,17
2018-10-23,3140,2018-10-30,650,Upper East,Central,Shipped from Abroad,Health and beauty,Makeup,MAC Lipstick,465.27,34.61,5,2360.96,Returned,1,Not as expected,34,7
2016-10-18,3141,2016-10-29,484,Western,North,Shipped from Abroad,Phones and Tablet,Mobile phones,Infinix Smart HD X612,1028.66,39.91,5,5183.21,Delivered,3,,36,11
2020-12-24,3142,2021-01-02,759,Ashanti,East,Express,Fashion,Accessories,Leather Wallet,821.18,30.59,3,2494.13,Returned,2,Changed Mind,30,9
2017-02-15,3143,2017-03-01,436,Weija,Central,Shipped from Abroad,Phones and Tablet,Tablets,iPad Air 4th Gen,65.29,19.03,2,149.61,Returned,2,Not as expected,66,14
2019-11-20,3144,2019-12-02,398,Volta,North,Standard Delivery,Health and beauty,Makeup,MAC Lipstick,680.44,34.84,2,1395.72,Delivered,5,,50,12
2016-03-28,3145,2016-04-06,225,Weija,West,Shipped from Abroad,Electronics,Home Theatre,Sony 5.1 Home Theatre,81.16,42.32,1,123.48,Returned,2,Not as expected,39,9
2016-03-11,3146,2016-03-18,183,Weija,North,Express,Phones and Tablet,Mobile phones,iPhone 12,721.12,11.72,3,2175.08,Delivered,3,,27,7
2020-09-05,3147,2020-09-16,594,Greater Accra,South,Standard Delivery,Electronics,Digital Cameras,Sony Alpha a6000,56.5,17.64,3,187.14,Delivered,2,,47,11
2018-09-20,3148,2018-10-06,829,Ashanti,North,Standard Delivery,Phones and Tablet,Tablets,Amazon Fire HD 8 Kids Tablet,64.53,27.65,3,221.24,Returned,2,Not as expected,40,16
2017-06-24,3149,2017-07-12,789,Greater Accra,North,Standard Delivery,Phones and Tablet,Tablets,Amazon Fire HD 8 Kids Tablet,24.52,39.46,2,88.5,Delivered,2,,21,18
2015-12-27,3150,2015-12-30,713,Weija,West,Shipped from Abroad,Phones and Tablet,Tablets,iPad Air 4th Gen,965.63,40.0,4,3902.52,Delivered,2,,66,3
2018-08-09,3151,2018-08-15,8,Ashanti,North,Express,Fashion,Clothing,Men's Denim Jacket,1459.37,5.29,2,2924.03,Delivered,5,,55,6
2017-12-05,3152,2017-12-20,820,Ashanti,South,Express,Health and beauty,Makeup,MAC Lipstick,786.48,49.61,4,3195.53,Delivered,4,,27,15
2017-09-30,3153,2017-10-19,210,Ashanti,East,Shipped from Abroad,Fashion,Clothing,Men's Denim Jacket,310.61,41.24,1,351.85,Delivered,2,,53,19
2018-12-30,3154,2019-01-02,642,Greater Accra,East,Shipped from Abroad,Home and Office,Stationery,Moleskine Notebook,703.54,14.36,3,2124.98,Returned,1,Arrived Late,23,3
2020-07-24,3155,2020-08-04,711,Greater Accra,South,Standard Delivery,Fashion,Accessories,Polarized Sunglasses,149.62,17.48,2,316.72,Delivered,3,,28,11
2019-01-10,3156,2019-01-27,135,Volta,North,Shipped from Abroad,Fashion,Shoes,Nike Air Max,140.11,22.8,3,443.13,Delivered,4,,41,17
2019-11-09,3157,2019-11-13,378,Greater Accra,North,Standard Delivery,Phones and Tablet,Tablets,iPad Air 4th Gen,122.85,27.35,1,150.2,Delivered,3,,44,4
2015-10-26,3158,2015-10-30,188,Volta,North,Shipped from Abroad,Electronics,Digital Cameras,Nikon D3500,958.51,44.73,4,3878.77,Delivered,3,,50,4
2018-03-12,3159,2018-03-25,65,Volta,East,Shipped from Abroad,Home and Office,Stationery,Parker Pen,1034.93,47.44,2,2117.3,Delivered,1,,58,13
2020-02-12,3160,2020-03-03,158,Oti,Central,Express,Home and Office,Furniture,Ergonomic Office Chair,918.5,7.18,1,925.68,Delivered,3,,56,20
2020-04-13,3161,2020-04-21,118,Upper East,South,Standard Delivery,Phones and Tablet,Tablets,iPad Air 4th Gen,411.99,11.22,4,1659.18,Delivered,3,,62,8
2020-10-05,3162,2020-10-18,10,Upper East,East,Standard Delivery,Electronics,Home Theatre,Sony 5.1 Home Theatre,1164.66,29.7,1,1194.36,Delivered,3,,66,13
2016-06-28,3163,2016-06-30,72,Upper East,East,Express,Health and beauty,Makeup,Maybelline Foundation,1300.2,11.97,1,1312.17,Delivered,3,,49,2
2016-09-06,3164,2016-09-10,293,Ashanti,East,Standard Delivery,Electronics,Smartwatches,Samsung Galaxy Watch 3,491.73,39.83,1,531.56,Delivered,3,,49,4
2019-12-07,3165,2019-12-19,916,Upper East,North,Shipped from Abroad,Phones and Tablet,Mobile phones,Samsung Galaxy A02,278.62,24.92,1,303.54,Delivered,1,,46,12
2016-03-02,3166,2016-03-20,815,Greater Accra,East,Express,Phones and Tablet,Tablets,iPad Air 4th Gen,590.23,37.45,1,627.68,Delivered,1,,50,18
2016-05-19,3167,2016-05-28,415,Western,South,Shipped from Abroad,Health and beauty,Makeup,Maybelline Foundation,66.83,40.29,2,173.95,Returned,2,Not as expected,53,9
2015-05-05,3168,2015-05-15,372,Volta,West,Shipped from Abroad,Electronics,Home Theatre,LG Soundbar,1354.39,24.88,4,5442.44,Delivered,1,,25,10
2015-03-11,3169,2015-03-26,571,Ashanti,East,Express,Electronics,Home Theatre,Sony 5.1 Home Theatre,997.01,48.81,2,2042.83,Delivered,2,,22,15
2016-12-25,3170,2017-01-05,450,Ashanti,West,Standard Delivery,Fashion,Shoes,Nike Air Max,115.94,10.42,1,126.36,Delivered,3,,49,11
2015-07-10,3171,2015-07-24,274,Ashanti,East,Shipped from Abroad,Health and beauty,Personal Care,Aichun Beauty Essential Oil,175.72,45.06,1,220.78,Delivered,4,,27,14
2015-05-16,3172,2015-05-25,682,Western,Central,Standard Delivery,Electronics,Digital Cameras,Sony Alpha a6000,745.58,46.08,3,2282.82,Delivered,3,,49,9
2016-08-23,3173,2016-08-28,65,Weija,North,Express,Health and beauty,Personal Care,Aichun Beauty Essential Oil,793.33,24.87,5,3991.52,Delivered,5,,58,5
2019-06-03,3174,2019-06-11,38,Weija,Central,Standard Delivery,Phones and Tablet,Tablets,iPad Air 4th Gen,151.97,31.2,5,791.05,Delivered,3,,53,8
2016-07-30,3175,2016-08-19,518,Oti,North,Standard Delivery,Electronics,Digital Cameras,Nikon D3500,500.37,43.95,4,2045.43,Delivered,1,,57,20
2020-03-19,3176,2020-03-23,357,Upper East,North,Express,Fashion,Clothing,Men's Denim Jacket,335.3,23.21,1,358.51,Delivered,1,,45,4
2015-03-16,3177,2015-03-23,926,Upper East,South,Express,Phones and Tablet,Mobile phones,iPhone 12,616.48,9.82,1,626.3,Delivered,2,,32,7
2018-06-24,3178,2018-07-01,692,Greater Accra,West,Shipped from Abroad,Fashion,Clothing,Men's Denim Jacket,539.24,37.3,2,1115.78,Delivered,2,,20,7
2018-03-31,3179,2018-04-18,68,Greater Accra,North,Standard Delivery,Health and beauty,Personal Care,Aichun Beauty Essential Oil,403.3,11.14,3,1221.04,Delivered,1,,23,18
2018-06-22,3180,2018-06-29,142,Upper East,North,Express,Home and Office,Stationery,Moleskine Notebook,236.39,38.44,1,274.83,Returned,2,Not as expected,35,7
2017-04-25,3181,2017-05-10,431,Greater Accra,Central,Express,Phones and Tablet,Tablets,Amazon Fire HD 8 Kids Tablet,934.74,17.39,5,4691.09,Delivered,4,,19,15
2018-05-11,3182,2018-05-20,393,Upper East,East,Shipped from Abroad,Phones and Tablet,Mobile phones,iPhone 12,16.46,39.94,3,89.32,Returned,1,Changed Mind,30,9
2017-11-02,3183,2017-11-17,252,Oti,South,Express,Fashion,Shoes,Adidas Ultraboost,944.99,6.08,4,3786.04,Delivered,3,,67,15
2017-03-19,3184,2017-03-30,603,Weija,Central,Shipped from Abroad,Fashion,Accessories,Leather Wallet,543.0,19.78,3,1648.78,Delivered,1,,63,11
2018-06-10,3185,2018-06-30,518,Oti,South,Express,Electronics,Home Theatre,LG Soundbar,40.41,27.21,1,67.62,Delivered,1,,57,20
2018-11-23,3186,2018-12-07,157,Western,East,Express,Phones and Tablet,Mobile phones,Infinix Smart HD X612,1292.0,47.1,5,6507.1,Delivered,4,,42,14
2019-04-27,3187,2019-05-07,448,Volta,East,Shipped from Abroad,Home and Office,Stationery,Moleskine Notebook,435.63,30.23,5,2208.38,Delivered,2,,46,10
2018-05-17,3188,2018-06-01,393,Volta,North,Shipped from Abroad,Fashion,Shoes,Nike Air Max,860.27,22.89,1,883.16,Returned,2,Arrived Late,30,15
2019-07-08,3189,2019-07-18,95,Upper East,North,Express,Home and Office,Stationery,Parker Pen,1090.25,23.53,5,5474.78,Returned,2,Defective,25,10
2019-06-07,3190,2019-06-18,687,Volta,Central,Express,Fashion,Accessories,Leather Wallet,958.11,43.83,4,3876.27,Returned,1,Arrived Late,36,11
2016-10-04,3191,2016-10-13,57,Oti,West,Express,Electronics,Home Theatre,Sony 5.1 Home Theatre,583.68,42.67,4,2377.39,Returned,1,Defective,21,9
2018-06-07,3192,2018-06-18,47,Western,North,Shipped from Abroad,Fashion,Clothing,100% Cotton 4 Piece T-Shirts,935.4,44.12,5,4721.12,Delivered,1,,40,11
2015-11-03,3193,2015-11-22,602,Oti,North,Standard Delivery,Health and beauty,Personal Care,Avon Soft Musk Spray,1038.25,10.21,1,1048.46,Returned,1,Changed Mind,25,19
2015-04-10,3194,2015-04-13,406,Weija,West,Standard Delivery,Health and beauty,Makeup,Maybelline Foundation,683.27,20.11,2,1386.65,Delivered,2,,69,3
2020-05-03,3195,2020-05-18,325,Greater Accra,North,Standard Delivery,Home and Office,Furniture,8 Cubes Plastic Wardrobe,1237.79,23.61,1,1261.4,Delivered,1,,22,15
2016-07-04,3196,2016-07-08,881,Volta,South,Standard Delivery,Electronics,Smartwatches,Apple Watch Series 6,326.34,23.6,5,1655.3,Returned,2,Changed Mind,28,4
2019-09-29,3197,2019-10-12,554,Volta,South,Shipped from Abroad,Electronics,Digital Cameras,Canon EOS 600D 18MP CMOS DSLR,608.34,38.26,3,1863.28,Returned,1,Arrived Late,62,13
2018-09-12,3198,2018-09-30,218,Oti,South,Standard Delivery,Health and beauty,Makeup,MAC Lipstick,1388.95,6.26,2,2784.16,Returned,1,Defective,57,18
2020-04-07,3199,2020-04-12,462,Greater Accra,Central,Express,Phones and Tablet,Mobile phones,iPhone 12,419.16,7.52,1,426.68,Delivered,5,,58,5
2017-12-18,3200,2017-12-30,104,Greater Accra,West,Express,Electronics,Digital Cameras,Sony Alpha a6000,267.19,8.13,5,1344.08,Delivered,3,,43,12
2019-06-01,3201,2019-06-20,440,Weija,North,Standard Delivery,Electronics,Smartwatches,Samsung Galaxy Watch 3,129.51,45.36,3,433.89,Delivered,1,,67,19
2018-03-03,3202,2018-03-17,684,Weija,East,Express,Phones and Tablet,Tablets,iPad Air 4th Gen,618.36,8.23,2,1244.95,Delivered,3,,40,14
2018-03-17,3203,2018-04-02,185,Ashanti,West,Express,Phones and Tablet,Tablets,iPad Air 4th Gen,1389.14,34.66,3,4202.08,Delivered,3,,29,16
2015-10-18,3204,2015-11-03,470,Weija,South,Shipped from Abroad,Phones and Tablet,Mobile phones,iPhone 12,154.72,43.15,5,816.75,Delivered,5,,24,16
2017-04-15,3205,2017-05-03,336,Western,South,Standard Delivery,Fashion,Shoes,Adidas Ultraboost,206.31,5.66,4,830.9,Delivered,2,,21,18
2015-04-27,3206,2015-05-12,741,Greater Accra,East,Express,Health and beauty,Makeup,Maybelline Foundation,1033.11,33.56,4,4166.0,Returned,1,Not as expected,42,15
2016-11-10,3207,2016-11-27,641,Weija,Central,Standard Delivery,Health and beauty,Makeup,MAC Lipstick,982.51,11.84,2,1976.86,Delivered,3,,41,17
2020-02-05,3208,2020-02-21,504,Western,South,Express,Phones and Tablet,Tablets,iPad Air 4th Gen,1265.54,24.75,4,5086.91,Delivered,1,,43,16
2019-08-22,3209,2019-08-26,206,Volta,East,Shipped from Abroad,Home and Office,Stationery,Moleskine Notebook,337.16,12.97,5,1698.77,Delivered,2,,69,4
2018-03-05,3210,2018-03-15,276,Volta,South,Standard Delivery,Phones and Tablet,Tablets,iPad Air 4th Gen,1262.56,44.08,3,3831.76,Cancelled,1,Defective,35,10
2015-09-02,3211,2015-09-16,71,Upper East,East,Standard Delivery,Phones and Tablet,Tablets,iPad Air 4th Gen,1276.14,28.47,2,2580.75,Delivered,4,,69,14
2016-09-08,3212,2016-09-15,712,Ashanti,North,Express,Phones and Tablet,Mobile phones,Samsung Galaxy A02,237.58,48.35,5,1236.25,Delivered,3,,33,7
2018-03-23,3213,2018-04-01,274,Upper East,East,Express,Phones and Tablet,Tablets,Amazon Fire HD 8 Kids Tablet,1098.35,25.12,1,1123.47,Returned,1,Arrived Late,27,9
2015-04-13,3214,2015-04-22,987,Western,North,Standard Delivery,Fashion,Accessories,Leather Wallet,835.34,35.22,5,4211.92,Delivered,4,,20,9
2015-08-28,3215,2015-09-12,45,Weija,Central,Standard Delivery,Electronics,Smartwatches,Samsung Galaxy Watch 3,790.12,37.84,1,827.96,Delivered,4,,46,15
2018-11-13,3216,2018-11-26,651,Greater Accra,Central,Shipped from Abroad,Health and beauty,Personal Care,Aichun Beauty Essential Oil,481.56,22.62,4,1948.86,Delivered,4,,35,13
2016-10-02,3217,2016-10-15,55,Weija,West,Standard Delivery,Phones and Tablet,Mobile phones,Samsung Galaxy A02,99.79,28.36,3,327.73,Returned,1,Defective,62,13
2018-08-11,3218,2018-08-13,32,Volta,South,Shipped from Abroad,Health and beauty,Makeup,Maybelline Foundation,855.92,12.09,1,868.01,Delivered,1,,50,2
2018-09-28,3219,2018-10-12,742,Volta,South,Shipped from Abroad,Health and beauty,Personal Care,Aichun Beauty Essential Oil,382.36,13.35,1,395.71,Delivered,2,,55,14
2018-10-08,3220,2018-10-21,627,Greater Accra,South,Standard Delivery,Electronics,Digital Cameras,Canon EOS 600D 18MP CMOS DSLR,1208.65,5.09,2,2422.39,Delivered,1,,54,13
2015-09-19,3221,2015-09-21,430,Oti,South,Shipped from Abroad,Home and Office,Furniture,Ergonomic Office Chair,1350.39,26.87,2,2727.65,Delivered,2,,53,2
2016-09-28,3222,2016-10-01,748,Oti,East,Shipped from Abroad,Home and Office,Stationery,Parker Pen,1491.18,17.3,5,7473.2,Delivered,4,,26,3
2015-03-17,3223,2015-03-28,363,Ashanti,North,Shipped from Abroad,Phones and Tablet,Tablets,iPad Air 4th Gen,1204.83,45.9,4,4865.22,Returned,1,Not as expected,53,11
2019-06-28,3224,2019-07-02,776,Greater Accra,West,Express,Home and Office,Furniture,8 Cubes Plastic Wardrobe,62.92,42.44,1,105.36,Delivered,3,,46,4
2015-06-14,3225,2015-06-22,89,Ashanti,West,Standard Delivery,Electronics,Home Theatre,LG Soundbar,170.44,7.8,2,348.68,Delivered,3,,68,8
2017-04-03,3226,2017-04-16,812,Oti,North,Shipped from Abroad,Fashion,Shoes,Adidas Ultraboost,205.21,49.31,2,459.73,Delivered,3,,44,13
2020-05-27,3227,2020-06-16,425,Volta,East,Shipped from Abroad,Electronics,Home Theatre,LG Soundbar,1361.76,9.54,1,1371.3,Delivered,1,,24,20
2018-09-28,3228,2018-10-09,72,Ashanti,Central,Standard Delivery,Electronics,Home Theatre,Sony 5.1 Home Theatre,1057.96,17.04,2,2132.96,Delivered,1,,49,11
2015-02-05,3229,2015-02-11,979,Oti,West,Shipped from Abroad,Health and beauty,Personal Care,Avon Soft Musk Spray,1121.88,20.79,5,5630.19,Delivered,3,,64,6
2016-06-05,3230,2016-06-16,758,Oti,South,Standard Delivery,Fashion,Accessories,Polarized Sunglasses,462.26,46.08,4,1895.12,Returned,2,Changed Mind,59,11
2020-09-16,3231,2020-09-21,624,Ashanti,South,Standard Delivery,Electronics,Digital Cameras,Canon EOS 600D 18MP CMOS DSLR,196.07,26.79,5,1007.14,Returned,2,Not as expected,54,5
2016-12-15,3232,2016-12-17,963,Volta,West,Standard Delivery,Home and Office,Furniture,8 Cubes Plastic Wardrobe,1107.12,42.3,3,3363.66,Delivered,4,,28,2
2020-08-17,3233,2020-08-21,8,Western,East,Standard Delivery,Electronics,Digital Cameras,Canon EOS 600D 18MP CMOS DSLR,718.4,30.54,4,2904.14,Delivered,5,,55,4
2016-03-14,3234,2016-03-24,298,Ashanti,North,Express,Home and Office,Furniture,8 Cubes Plastic Wardrobe,287.29,21.09,5,1457.54,Delivered,1,,69,10
2020-12-14,3235,2020-12-17,243,Ashanti,West,Shipped from Abroad,Health and beauty,Personal Care,Avon Soft Musk Spray,1192.06,30.07,4,4798.31,Delivered,1,,61,3
2018-06-01,3236,2018-06-21,225,Volta,Central,Shipped from Abroad,Electronics,Smartwatches,Samsung Galaxy Watch 3,372.79,9.71,4,1500.87,Returned,1,Changed Mind,39,20
2015-12-22,3237,2015-12-25,307,Volta,West,Express,Electronics,Digital Cameras,Nikon D3500,838.61,33.36,2,1710.58,Cancelled,1,Arrived Late,50,3
2020-10-02,3238,2020-10-04,430,Upper East,South,Shipped from Abroad,Health and beauty,Makeup,Maybelline Foundation,1484.28,40.6,4,5977.72,Delivered,1,,53,2
2019-07-27,3239,2019-08-02,737,Volta,West,Express,Home and Office,Stationery,Parker Pen,510.59,43.47,2,1064.65,Delivered,2,,33,6
2015-12-10,3240,2015-12-23,308,Volta,Central,Shipped from Abroad,Home and Office,Furniture,8 Cubes Plastic Wardrobe,1472.73,23.66,2,2969.12,Delivered,3,,49,13
2019-12-26,3241,2020-01-07,809,Volta,North,Standard Delivery,Home and Office,Furniture,8 Cubes Plastic Wardrobe,1443.73,22.54,4,5797.46,Returned,1,Defective,47,12
2016-02-12,3242,2016-02-26,594,Western,East,Express,Home and Office,Stationery,Parker Pen,964.13,23.92,2,1952.18,Returned,2,Defective,47,14
2020-09-14,3243,2020-09-30,604,Greater Accra,East,Standard Delivery,Electronics,Smartwatches,Samsung Galaxy Watch 3,843.42,34.49,3,2564.75,Delivered,2,,45,16
2015-09-22,3244,2015-09-29,181,Oti,North,Express,Fashion,Accessories,Polarized Sunglasses,1182.72,5.53,2,2370.97,Delivered,3,,63,7
2017-01-11,3245,2017-01-27,382,Weija,Central,Express,Health and beauty,Makeup,MAC Lipstick,367.29,30.6,4,1499.76,Delivered,4,,37,16
2016-08-17,3246,2016-08-29,860,Greater Accra,West,Express,Health and beauty,Makeup,MAC Lipstick,970.48,43.0,2,1983.96,Returned,1,Defective,26,12
2017-01-03,3247,2017-01-09,384,Upper East,South,Express,Phones and Tablet,Tablets,Amazon Fire HD 8 Kids Tablet,1092.25,38.53,4,4407.53,Returned,1,Not as expected,68,6
2017-11-20,3248,2017-11-22,991,Volta,North,Standard Delivery,Phones and Tablet,Tablets,Amazon Fire HD 8 Kids Tablet,762.32,46.26,3,2333.22,Delivered,2,,61,2
2020-02-12,3249,2020-03-01,50,Volta,West,Express,Phones and Tablet,Mobile phones,iPhone 12,1044.44,26.55,4,4204.31,Returned,2,Arrived Late,43,18
2020-08-31,3250,2020-09-04,462,Upper East,West,Shipped from Abroad,Health and beauty,Makeup,MAC Lipstick,832.69,36.91,3,2534.98,Cancelled,1,Changed Mind,58,4
2020-09-17,3251,2020-10-05,947,Weija,North,Express,Phones and Tablet,Mobile phones,Infinix Smart HD X612,1117.49,40.83,2,2275.81,Delivered,3,,40,18
2018-10-01,3252,2018-10-16,716,Oti,South,Standard Delivery,Electronics,Smartwatches,Samsung Galaxy Watch 3,235.32,20.03,5,1196.63,Delivered,4,,63,15
2019-05-27,3253,2019-06-10,391,Volta,Central,Express,Health and beauty,Makeup,MAC Lipstick,252.64,24.26,1,276.9,Delivered,1,,27,14
2020-04-04,3254,2020-04-12,212,Weija,North,Standard Delivery,Health and beauty,Makeup,Maybelline Foundation,1391.27,21.3,2,2803.84,Delivered,1,,49,8
2015-11-25,3255,2015-12-12,593,Western,North,Express,Electronics,Smartwatches,Samsung Galaxy Watch 3,186.68,27.25,5,960.65,Delivered,1,,28,17
2020-08-07,3256,2020-08-25,847,Volta,Central,Shipped from Abroad,Fashion,Accessories,Leather Wallet,731.29,18.4,4,2943.56,Delivered,4,,46,18
2019-05-25,3257,2019-06-05,244,Greater Accra,Central,Express,Phones and Tablet,Tablets,iPad Air 4th Gen,1124.58,6.36,3,3380.1,Delivered,3,,30,11
2019-04-26,3258,2019-05-13,555,Volta,North,Standard Delivery,Fashion,Clothing,100% Cotton 4 Piece T-Shirts,1454.55,22.39,4,5840.59,Cancelled,2,Changed Mind,47,17
2018-09-04,3259,2018-09-19,90,Greater Accra,West,Shipped from Abroad,Fashion,Clothing,100% Cotton 4 Piece T-Shirts,1030.56,26.24,5,5179.04,Delivered,3,,21,15
2017-01-17,3260,2017-01-23,446,Weija,South,Express,Fashion,Accessories,Leather Wallet,415.48,18.2,2,849.16,Delivered,5,,56,6
2020-03-09,3261,2020-03-22,182,Oti,North,Express,Health and beauty,Makeup,Maybelline Foundation,158.05,35.8,1,193.85,Delivered,3,,28,13
2020-06-18,3262,2020-07-04,535,Western,West,Standard Delivery,Home and Office,Stationery,Moleskine Notebook,1427.56,33.84,5,7171.64,Returned,2,Arrived Late,26,16
2019-02-01,3263,2019-02-12,885,Upper East,West,Standard Delivery,Electronics,Smartwatches,Apple Watch Series 6,245.55,14.32,2,505.42,Delivered,3,,40,11
2017-03-07,3264,2017-03-15,519,Western,East,Standard Delivery,Health and beauty,Makeup,Maybelline Foundation,661.1,20.65,1,681.75,Returned,1,Changed Mind,34,8
2015-04-26,3265,2015-05-14,727,Weija,Central,Express,Phones and Tablet,Tablets,Amazon Fire HD 8 Kids Tablet,239.95,42.91,2,522.81,Returned,1,Arrived Late,44,18
2015-06-30,3266,2015-07-18,728,Western,West,Standard Delivery,Electronics,Smartwatches,Samsung Galaxy Watch 3,915.19,10.27,5,4586.22,Delivered,2,,29,18
2015-10-12,3267,2015-10-16,143,Oti,West,Standard Delivery,Health and beauty,Personal Care,Avon Soft Musk Spray,942.99,23.55,5,4738.5,Delivered,4,,34,4
2018-02-19,3268,2018-02-25,966,Weija,Central,Standard Delivery,Electronics,Digital Cameras,Nikon D3500,34.87,45.98,1,80.85,Cancelled,2,Changed Mind,62,6
2020-04-22,3269,2020-04-24,153,Greater Accra,North,Standard Delivery,Fashion,Clothing,100% Cotton 4 Piece T-Shirts,222.64,49.87,4,940.43,Returned,2,Changed Mind,45,2
2020-02-15,3270,2020-02-25,488,Volta,East,Standard Delivery,Electronics,Smartwatches,Apple Watch Series 6,915.99,35.15,3,2783.12,Delivered,3,,43,10
2017-10-26,3271,2017-10-28,890,Western,South,Shipped from Abroad,Home and Office,Furniture,Ergonomic Office Chair,1187.51,14.79,3,3577.32,Cancelled,1,Defective,40,2
2016-06-25,3272,2016-07-11,726,Oti,West,Standard Delivery,Health and beauty,Personal Care,Avon Soft Musk Spray,1202.12,21.77,1,1223.89,Returned,2,Changed Mind,27,16
2016-09-19,3273,2016-10-04,388,Greater Accra,Central,Shipped from Abroad,Health and beauty,Makeup,Maybelline Foundation,504.06,14.08,3,1526.26,Delivered,3,,18,15
2016-03-27,3274,2016-03-31,21,Western,South,Express,Fashion,Shoes,Adidas Ultraboost,1178.85,20.86,5,5915.11,Delivered,4,,62,4
2020-07-01,3275,2020-07-09,404,Western,East,Express,Electronics,Home Theatre,LG Soundbar,427.55,12.21,4,1722.41,Delivered,3,,34,8
2019-05-01,3276,2019-05-19,424,Oti,Central,Shipped from Abroad,Phones and Tablet,Mobile phones,Samsung Galaxy A02,813.68,29.91,2,1657.27,Returned,1,Defective,31,18
2016-12-29,3277,2017-01-09,615,Greater Accra,West,Shipped from Abroad,Home and Office,Stationery,Moleskine Notebook,997.05,34.61,3,3025.76,Delivered,3,,60,11
2019-01-07,3278,2019-01-26,145,Western,West,Express,Fashion,Clothing,Men's Denim Jacket,1492.07,30.17,2,3014.31,Delivered,5,,49,19
2019-10-08,3279,2019-10-11,214,Weija,Central,Shipped from Abroad,Health and beauty,Personal Care,Avon Soft Musk Spray,1341.6,37.18,3,4061.98,Returned,1,Arrived Late,23,3
2017-02-19,3280,2017-03-03,710,Oti,East,Express,Home and Office,Stationery,Moleskine Notebook,68.33,18.79,1,87.12,Delivered,2,,56,12
2020-07-12,3281,2020-07-29,27,Ashanti,West,Standard Delivery,Phones and Tablet,Tablets,Amazon Fire HD 8 Kids Tablet,1055.95,43.01,4,4266.81,Delivered,1,,46,17
2017-04-17,3282,2017-04-19,234,Ashanti,West,Standard Delivery,Phones and Tablet,Tablets,iPad Air 4th Gen,713.62,13.94,1,727.56,Delivered,1,,20,2
2018-06-12,3283,2018-06-15,405,Upper East,Central,Shipped from Abroad,Health and beauty,Makeup,MAC Lipstick,400.62,17.94,2,819.18,Delivered,5,,42,3
2018-09-23,3284,2018-10-01,342,Oti,West,Express,Electronics,Smartwatches,Apple Watch Series 6,125.88,34.97,1,160.85,Delivered,1,,39,8
2018-07-03,3285,2018-07-14,604,Weija,Central,Express,Health and beauty,Personal Care,Aichun Beauty Essential Oil,751.89,7.24,2,1511.02,Returned,2,Arrived Late,45,11
2017-08-09,3286,2017-08-11,357,Ashanti,South,Shipped from Abroad,Home and Office,Furniture,Ergonomic Office Chair,1352.41,8.42,5,6770.47,Cancelled,1,Defective,45,2
2020-11-24,3287,2020-12-06,588,Upper East,Central,Shipped from Abroad,Electronics,Home Theatre,LG Soundbar,1254.0,9.88,2,2517.88,Delivered,3,,19,12
2017-06-19,3288,2017-06-30,355,Volta,Central,Standard Delivery,Home and Office,Stationery,Moleskine Notebook,456.99,9.12,2,923.1,Delivered,2,,63,11
2018-04-16,3289,2018-04-18,517,Oti,South,Express,Phones and Tablet,Mobile phones,Infinix Smart HD X612,1471.28,24.86,3,4438.7,Delivered,5,,69,2
2017-12-02,3290,2017-12-13,912,Greater Accra,West,Shipped from Abroad,Fashion,Shoes,Adidas Ultraboost,123.2,45.48,5,661.48,Delivered,2,,37,11
2015-07-09,3291,2015-07-25,360,Greater Accra,East,Express,Fashion,Shoes,Adidas Ultraboost,685.34,48.71,5,3475.41,Delivered,5,,31,16
2020-08-30,3292,2020-09-16,939,Oti,South,Shipped from Abroad,Fashion,Shoes,Adidas Ultraboost,775.92,39.48,2,1591.32,Returned,2,Defective,22,17
2017-02-11,3293,2017-02-20,232,Ashanti,West,Express,Phones and Tablet,Mobile phones,iPhone 12,801.25,46.13,3,2449.88,Delivered,4,,59,9
2015-11-25,3294,2015-12-09,436,Ashanti,Central,Express,Fashion,Clothing,Men's Denim Jacket,928.57,11.68,5,4654.53,Delivered,3,,66,14
2018-04-26,3295,2018-05-10,248,Oti,Central,Shipped from Abroad,Phones and Tablet,Tablets,Amazon Fire HD 8 Kids Tablet,1280.8,47.85,4,5171.05,Delivered,3,,65,14
2017-09-09,3296,2017-09-13,322,Volta,South,Shipped from Abroad,Home and Office,Stationery,Parker Pen,1254.24,27.4,1,1281.64,Delivered,5,,69,4
2020-02-15,3297,2020-02-18,283,Volta,South,Standard Delivery,Electronics,Smartwatches,Apple Watch Series 6,1165.11,21.65,5,5847.2,Returned,2,Defective,61,3
2020-08-08,3298,2020-08-14,79,Ashanti,North,Express,Phones and Tablet,Tablets,iPad Air 4th Gen,394.93,40.7,4,1620.42,Delivered,4,,50,6
2020-04-10,3299,2020-04-18,197,Upper East,South,Express,Home and Office,Stationery,Moleskine Notebook,468.66,34.62,4,1909.26,Delivered,2,,50,8
2015-02-04,3300,2015-02-14,591,Weija,Central,Shipped from Abroad,Health and beauty,Makeup,MAC Lipstick,216.53,34.74,5,1117.39,Delivered,5,,24,10
2020-01-20,3301,2020-02-08,759,Oti,East,Standard Delivery,Fashion,Shoes,Adidas Ultraboost,1115.16,36.75,3,3382.23,Delivered,4,,30,19
2020-08-31,3302,2020-09-15,351,Weija,North,Express,Electronics,Digital Cameras,Nikon D3500,657.93,14.01,2,1329.87,Delivered,1,,66,15
2017-06-27,3303,2017-07-05,61,Weija,West,Standard Delivery,Electronics,Home Theatre,Sony 5.1 Home Theatre,1070.11,18.07,4,4298.51,Delivered,1,,36,8
2015-04-09,3304,2015-04-27,156,Weija,East,Shipped from Abroad,Fashion,Shoes,Nike Air Max,957.7,23.69,2,1939.09,Delivered,2,,67,18
2016-10-07,3305,2016-10-27,921,Upper East,East,Shipped from Abroad,Phones and Tablet,Tablets,iPad Air 4th Gen,36.85,48.79,4,196.19,Delivered,2,,68,20
2018-07-04,3306,2018-07-23,958,Western,East,Express,Phones and Tablet,Mobile phones,Infinix Smart HD X612,1334.06,35.79,3,4037.97,Returned,2,Not as expected,45,19
2019-12-24,3307,2020-01-06,12,Oti,East,Standard Delivery,Fashion,Shoes,Adidas Ultraboost,76.81,10.61,5,394.66,Delivered,3,,28,13
2019-08-14,3308,2019-08-26,924,Greater Accra,West,Express,Home and Office,Furniture,8 Cubes Plastic Wardrobe,917.17,37.52,5,4623.37,Delivered,2,,54,12
2020-02-05,3309,2020-02-18,578,Volta,West,Standard Delivery,Fashion,Shoes,Nike Air Max,94.72,20.95,3,305.11,Returned,1,Defective,23,13
2015-04-18,3310,2015-05-02,831,Ashanti,South,Standard Delivery,Electronics,Smartwatches,Samsung Galaxy Watch 3,516.95,48.4,3,1599.25,Returned,2,Not as expected,70,14
2016-09-26,3311,2016-10-01,575,Volta,South,Shipped from Abroad,Home and Office,Stationery,Parker Pen,636.8,24.68,1,661.48,Delivered,1,,20,5
2020-09-15,3312,2020-10-04,317,Upper East,South,Shipped from Abroad,Health and beauty,Personal Care,Aichun Beauty Essential Oil,1148.16,42.65,1,1190.81,Returned,1,Arrived Late,26,19
2017-06-06,3313,2017-06-16,75,Upper East,West,Shipped from Abroad,Phones and Tablet,Mobile phones,Samsung Galaxy A02,592.11,35.42,1,627.53,Returned,2,Not as expected,26,10
2015-05-28,3314,2015-06-14,858,Western,East,Standard Delivery,Home and Office,Furniture,Ergonomic Office Chair,357.43,14.73,4,1444.45,Returned,1,Not as expected,45,17
2020-03-24,3315,2020-03-28,73,Weija,Central,Standard Delivery,Electronics,Smartwatches,Apple Watch Series 6,661.65,11.01,3,1995.96,Returned,1,Changed Mind,37,4
2020-12-18,3316,2020-12-27,5,Western,Central,Express,Health and beauty,Personal Care,Avon Soft Musk Spray,692.8,40.25,1,733.05,Delivered,3,,42,9
2017-05-04,3317,2017-05-24,155,Greater Accra,South,Standard Delivery,Phones and Tablet,Tablets,Amazon Fire HD 8 Kids Tablet,551.09,13.78,4,2218.14,Returned,2,Defective,36,20
2015-12-01,3318,2015-12-11,711,Greater Accra,South,Express,Fashion,Shoes,Nike Air Max,1396.69,13.45,4,5600.21,Delivered,2,,28,10
2020-09-28,3319,2020-10-03,852,Greater Accra,West,Express,Fashion,Clothing,Men's Denim Jacket,97.34,12.63,1,109.97,Delivered,4,,52,5
2019-11-17,3320,2019-11-30,744,Volta,West,Shipped from Abroad,Electronics,Home Theatre,Sony 5.1 Home Theatre,475.46,30.67,5,2407.97,Delivered,4,,49,13
2015-09-06,3321,2015-09-11,118,Weija,Central,Express,Phones and Tablet,Tablets,iPad Air 4th Gen,950.81,25.21,1,976.02,Delivered,4,,62,5
2016-07-06,3322,2016-07-21,154,Western,Central,Standard Delivery,Fashion,Accessories,Polarized Sunglasses,890.64,8.57,5,4461.77,Delivered,1,,42,15
2016-05-06,3323,2016-05-12,585,Greater Accra,South,Standard Delivery,Fashion,Clothing,100% Cotton 4 Piece T-Shirts,866.68,43.15,2,1776.51,Delivered,4,,36,6
2015-01-29,3324,2015-02-14,763,Ashanti,East,Shipped from Abroad,Electronics,Digital Cameras,Nikon D3500,294.15,8.03,1,302.18,Delivered,1,,49,16
2019-11-30,3325,2019-12-02,713,Weija,East,Express,Fashion,Accessories,Leather Wallet,15.64,15.96,2,47.24,Delivered,4,,66,2
2015-03-02,3326,2015-03-09,557,Upper East,North,Standard Delivery,Electronics,Digital Cameras,Sony Alpha a6000,105.74,26.83,2,238.31,Delivered,3,,49,7
2020-08-24,3327,2020-09-11,60,Ashanti,North,Express,Health and beauty,Makeup,Maybelline Foundation,1476.56,49.92,4,5956.16,Delivered,3,,68,18
2019-01-28,3328,2019-02-07,150,Upper East,East,Shipped from Abroad,Fashion,Shoes,Nike Air Max,150.25,19.59,2,320.09,Delivered,1,,54,10
2017-09-04,3329,2017-09-07,832,Upper East,West,Shipped from Abroad,Phones and Tablet,Mobile phones,Infinix Smart HD X612,190.3,12.33,1,202.63,Delivered,3,,51,3
2018-03-09,3330,2018-03-28,241,Volta,East,Standard Delivery,Home and Office,Stationery,Moleskine Notebook,145.71,10.89,1,156.6,Delivered,2,,35,19
2016-11-28,3331,2016-12-12,484,Greater Accra,Central,Shipped from Abroad,Phones and Tablet,Mobile phones,Infinix Smart HD X612,490.1,25.65,5,2476.15,Delivered,3,,36,14
2017-09-21,3332,2017-09-27,444,Ashanti,East,Shipped from Abroad,Health and beauty,Makeup,Maybelline Foundation,1037.95,9.5,1,1047.45,Returned,1,Defective,65,6
2015-08-30,3333,2015-09-13,137,Upper East,East,Shipped from Abroad,Phones and Tablet,Tablets,iPad Air 4th Gen,588.28,17.25,3,1782.09,Delivered,4,,42,14
2020-03-28,3334,2020-04-10,749,Ashanti,North,Standard Delivery,Health and beauty,Makeup,Maybelline Foundation,470.88,46.52,2,988.28,Returned,1,Changed Mind,39,13
2016-03-05,3335,2016-03-13,525,Greater Accra,East,Express,Electronics,Smartwatches,Apple Watch Series 6,895.3,42.1,1,937.4,Delivered,2,,69,8
2020-02-20,3336,2020-02-25,510,Greater Accra,Central,Express,Electronics,Home Theatre,LG Soundbar,770.47,17.96,5,3870.31,Delivered,2,,49,5
2017-05-17,3337,2017-05-29,97,Western,West,Shipped from Abroad,Phones and Tablet,Tablets,iPad Air 4th Gen,1352.27,19.13,1,1371.4,Delivered,4,,61,12
2020-02-25,3338,2020-03-07,329,Western,North,Express,Electronics,Home Theatre,Sony 5.1 Home Theatre,1299.9,40.55,5,6540.05,Delivered,1,,33,11
2015-12-27,3339,2016-01-06,858,Oti,East,Shipped from Abroad,Fashion,Clothing,Men's Denim Jacket,1331.26,30.44,4,5355.48,Returned,1,Defective,45,10
2019-10-07,3340,2019-10-20,842,Volta,North,Standard Delivery,Phones and Tablet,Tablets,iPad Air 4th Gen,1383.12,18.63,5,6934.23,Delivered,1,,43,13
2020-04-02,3341,2020-04-18,360,Greater Accra,East,Standard Delivery,Fashion,Accessories,Polarized Sunglasses,717.41,20.53,4,2890.17,Delivered,4,,31,16
2018-08-27,3342,2018-09-01,324,Oti,East,Express,Electronics,Home Theatre,Sony 5.1 Home Theatre,975.61,40.49,2,1991.71,Returned,1,Arrived Late,34,5
2018-02-26,3343,2018-03-08,461,Weija,West,Shipped from Abroad,Health and beauty,Personal Care,Avon Soft Musk Spray,1175.03,14.15,1,1189.18,Delivered,2,,56,10
2017-03-26,3344,2017-04-02,529,Greater Accra,North,Standard Delivery,Phones and Tablet,Tablets,Amazon Fire HD 8 Kids Tablet,1272.46,43.4,3,3860.78,Delivered,3,,42,7
2018-06-07,3345,2018-06-27,16,Volta,East,Standard Delivery,Home and Office,Furniture,Ergonomic Office Chair,891.13,31.11,3,2704.5,Delivered,2,,70,20
2017-06-03,3346,2017-06-21,546,Western,East,Standard Delivery,Health and beauty,Makeup,MAC Lipstick,195.47,10.45,1,205.92,Delivered,4,,62,18
2019-09-24,3347,2019-09-26,364,Ashanti,Central,Standard Delivery,Electronics,Digital Cameras,Canon EOS 600D 18MP CMOS DSLR,1205.46,24.46,4,4846.3,Returned,2,Not as expected,54,2
2020-05-29,3348,2020-06-12,714,Western,Central,Standard Delivery,Phones and Tablet,Tablets,Amazon Fire HD 8 Kids Tablet,747.02,27.39,5,3762.49,Returned,1,Defective,61,14
2016-09-11,3349,2016-09-29,786,Upper East,South,Standard Delivery,Phones and Tablet,Mobile phones,Infinix Smart HD X612,617.28,16.12,5,3102.52,Delivered,3,,26,18
2017-01-14,3350,2017-02-02,630,Ashanti,East,Standard Delivery,Electronics,Home Theatre,LG Soundbar,1114.86,18.34,5,5592.64,Delivered,3,,39,19
2020-06-11,3351,2020-06-16,362,Upper East,East,Express,Home and Office,Furniture,Ergonomic Office Chair,903.67,43.64,3,2754.65,Delivered,4,,41,5
2016-08-24,3352,2016-09-13,93,Upper East,Central,Standard Delivery,Phones and Tablet,Tablets,Amazon Fire HD 8 Kids Tablet,174.43,12.17,4,709.89,Delivered,2,,41,20
2017-01-22,3353,2017-02-09,130,Oti,South,Standard Delivery,Electronics,Smartwatches,Apple Watch Series 6,1274.89,39.57,2,2589.35,Cancelled,1,Arrived Late,53,18
2020-10-30,3354,2020-11-08,555,Weija,West,Express,Health and beauty,Makeup,Maybelline Foundation,1041.3,23.07,1,1064.37,Delivered,1,,47,9
2016-02-26,3355,2016-03-10,64,Western,Central,Standard Delivery,Health and beauty,Personal Care,Avon Soft Musk Spray,480.75,34.95,2,996.45,Delivered,2,,65,13
2015-06-21,3356,2015-06-29,771,Oti,North,Shipped from Abroad,Electronics,Digital Cameras,Nikon D3500,580.76,18.08,3,1760.36,Returned,1,Arrived Late,30,8
2019-07-21,3357,2019-08-07,972,Ashanti,South,Standard Delivery,Health and beauty,Makeup,MAC Lipstick,100.07,23.16,2,223.3,Delivered,1,,52,17
2020-07-29,3358,2020-08-11,865,Upper East,Central,Shipped from Abroad,Home and Office,Furniture,8 Cubes Plastic Wardrobe,338.41,29.51,5,1721.56,Delivered,4,,58,13
2015-10-15,3359,2015-11-02,927,Ashanti,West,Express,Fashion,Accessories,Leather Wallet,909.04,39.51,4,3675.67,Delivered,1,,23,18
2020-12-24,3360,2021-01-06,667,Western,Central,Shipped from Abroad,Home and Office,Furniture,Ergonomic Office Chair,709.36,10.63,1,719.99,Returned,2,Arrived Late,33,13
2020-06-01,3361,2020-06-05,510,Weija,East,Express,Fashion,Clothing,Men's Denim Jacket,501.06,23.17,3,1526.35,Delivered,4,,49,4
2017-04-19,3362,2017-04-29,186,Oti,North,Express,Electronics,Smartwatches,Samsung Galaxy Watch 3,1316.89,24.02,4,5291.58,Returned,2,Arrived Late,29,10
2017-02-19,3363,2017-03-10,353,Greater Accra,Central,Shipped from Abroad,Home and Office,Furniture,Ergonomic Office Chair,261.87,19.67,4,1067.15,Returned,1,Defective,70,19
2019-04-26,3364,2019-04-30,234,Western,East,Shipped from Abroad,Electronics,Digital Cameras,Canon EOS 600D 18MP CMOS DSLR,107.88,32.83,4,464.35,Delivered,3,,20,4
2016-10-19,3365,2016-11-04,416,Western,East,Express,Home and Office,Furniture,Ergonomic Office Chair,1420.97,39.6,2,2881.54,Returned,1,Arrived Late,26,16
2018-10-23,3366,2018-11-01,360,Ashanti,North,Express,Fashion,Shoes,Adidas Ultraboost,996.56,8.5,2,2001.62,Delivered,3,,31,9
2019-03-22,3367,2019-03-24,241,Western,Central,Express,Home and Office,Furniture,8 Cubes Plastic Wardrobe,1413.51,15.05,3,4255.58,Returned,2,Defective,35,2
2016-09-18,3368,2016-10-05,680,Upper East,East,Shipped from Abroad,Health and beauty,Personal Care,Avon Soft Musk Spray,463.52,18.73,2,945.77,Delivered,5,,69,17
2020-02-14,3369,2020-03-02,872,Weija,West,Shipped from Abroad,Home and Office,Stationery,Moleskine Notebook,326.99,36.9,4,1344.86,Returned,1,Not as expected,56,17
2017-05-06,3370,2017-05-11,573,Oti,Central,Shipped from Abroad,Electronics,Digital Cameras,Sony Alpha a6000,760.81,5.73,4,3048.97,Delivered,4,,44,5
2020-09-16,3371,2020-09-20,876,Weija,East,Express,Fashion,Clothing,Men's Denim Jacket,1195.82,14.84,5,5993.94,Cancelled,1,Not as expected,34,4
2017-12-26,3372,2018-01-09,858,Ashanti,North,Standard Delivery,Home and Office,Furniture,Ergonomic Office Chair,1453.97,22.54,5,7292.39,Delivered,1,,45,14
2018-07-20,3373,2018-08-09,204,Volta,North,Express,Health and beauty,Personal Care,Aichun Beauty Essential Oil,1433.43,30.38,5,7197.53,Delivered,4,,35,20
2019-06-07,3374,2019-06-21,215,Volta,East,Express,Electronics,Smartwatches,Samsung Galaxy Watch 3,1370.91,43.63,5,6898.18,Returned,2,Changed Mind,67,14
2015-02-21,3375,2015-02-26,435,Ashanti,East,Shipped from Abroad,Phones and Tablet,Mobile phones,Samsung Galaxy A02,617.51,36.46,3,1888.99,Returned,2,Arrived Late,59,5
2017-11-14,3376,2017-12-03,189,Greater Accra,North,Shipped from Abroad,Phones and Tablet,Tablets,Amazon Fire HD 8 Kids Tablet,74.58,20.32,3,244.06,Returned,2,Changed Mind,43,19
2016-04-20,3377,2016-05-04,804,Oti,Central,Shipped from Abroad,Health and beauty,Personal Care,Avon Soft Musk Spray,896.8,42.47,1,939.27,Delivered,4,,68,14
2020-07-01,3378,2020-07-07,217,Ashanti,Central,Shipped from Abroad,Fashion,Shoes,Nike Air Max,541.8,49.49,4,2216.69,Delivered,2,,34,6
2020-07-29,3379,2020-08-17,588,Western,South,Express,Home and Office,Furniture,Ergonomic Office Chair,807.52,46.78,3,2469.34,Delivered,2,,19,19
2016-06-09,3380,2016-06-11,339,Weija,North,Express,Health and beauty,Makeup,MAC Lipstick,1087.95,36.02,2,2211.92,Returned,1,Defective,53,2
2016-03-20,3381,2016-04-02,406,Upper East,East,Shipped from Abroad,Health and beauty,Makeup,Maybelline Foundation,414.43,38.95,3,1282.24,Delivered,1,,69,13
2020-11-16,3382,2020-11-26,299,Weija,East,Shipped from Abroad,Phones and Tablet,Mobile phones,Samsung Galaxy A02,1362.87,23.76,1,1386.63,Delivered,3,,36,10
2019-08-11,3383,2019-08-20,246,Oti,East,Express,Health and beauty,Personal Care,Avon Soft Musk Spray,358.73,9.48,5,1803.13,Returned,1,Not as expected,68,9
2018-05-23,3384,2018-06-12,20,Western,West,Shipped from Abroad,Fashion,Accessories,Leather Wallet,1308.74,46.62,5,6590.32,Delivered,4,,38,20
2015-08-01,3385,2015-08-04,18,Volta,Central,Standard Delivery,Electronics,Smartwatches,Samsung Galaxy Watch 3,940.65,49.34,2,1930.64,Delivered,2,,43,3
2015-02-13,3386,2015-03-04,428,Weija,North,Express,Electronics,Digital Cameras,Sony Alpha a6000,112.98,6.64,5,571.54,Returned,2,Changed Mind,26,19
2020-03-08,3387,2020-03-16,709,Weija,East,Express,Phones and Tablet,Mobile phones,iPhone 12,670.84,7.42,3,2019.94,Returned,2,Changed Mind,24,8
2019-01-22,3388,2019-01-28,540,Greater Accra,Central,Shipped from Abroad,Home and Office,Furniture,8 Cubes Plastic Wardrobe,798.1,32.94,1,831.04,Returned,2,Not as expected,53,6
2018-12-29,3389,2019-01-02,183,Western,East,Shipped from Abroad,Phones and Tablet,Mobile phones,Samsung Galaxy A02,1407.39,18.05,3,4240.22,Delivered,3,,27,4
2015-01-22,3390,2015-01-24,527,Weija,North,Shipped from Abroad,Phones and Tablet,Mobile phones,Infinix Smart HD X612,80.59,42.2,2,203.38,Returned,2,Defective,43,2
2020-06-22,3391,2020-07-02,2,Volta,Central,Standard Delivery,Phones and Tablet,Tablets,iPad Air 4th Gen,644.74,45.87,1,690.61,Delivered,1,,27,10
2017-01-15,3392,2017-01-31,417,Weija,West,Express,Health and beauty,Personal Care,Aichun Beauty Essential Oil,25.53,35.47,3,112.06,Delivered,5,,54,16
2020-03-04,3393,2020-03-18,312,Weija,East,Standard Delivery,Phones and Tablet,Mobile phones,iPhone 12,1103.94,38.96,4,4454.72,Delivered,1,,54,14
2020-04-16,3394,2020-05-02,640,Western,South,Shipped from Abroad,Electronics,Home Theatre,LG Soundbar,600.12,30.47,4,2430.95,Delivered,3,,54,16
2019-11-11,3395,2019-11-23,149,Western,North,Standard Delivery,Fashion,Accessories,Polarized Sunglasses,961.01,49.45,5,4854.5,Delivered,2,,46,12
2015-05-19,3396,2015-06-06,542,Ashanti,North,Express,Health and beauty,Makeup,MAC Lipstick,1493.36,29.38,5,7496.18,Delivered,2,,39,18
2016-04-23,3397,2016-05-01,153,Oti,West,Standard Delivery,Electronics,Home Theatre,LG Soundbar,412.57,6.14,4,1656.42,Delivered,3,,45,8
2018-03-07,3398,2018-03-21,124,Volta,North,Shipped from Abroad,Home and Office,Furniture,8 Cubes Plastic Wardrobe,1300.97,17.77,1,1318.74,Delivered,2,,68,14
2015-11-10,3399,2015-11-26,516,Upper East,South,Shipped from Abroad,Phones and Tablet,Tablets,Amazon Fire HD 8 Kids Tablet,1231.73,39.01,2,2502.47,Delivered,4,,20,16
2018-06-17,3400,2018-07-07,632,Oti,East,Standard Delivery,Fashion,Accessories,Polarized Sunglasses,474.94,19.06,2,968.94,Returned,1,Not as expected,34,20
2016-01-21,3401,2016-01-23,270,Weija,East,Express,Home and Office,Stationery,Parker Pen,1154.31,5.98,5,5777.53,Delivered,5,,69,2
2015-07-31,3402,2015-08-10,289,Volta,South,Shipped from Abroad,Phones and Tablet,Tablets,iPad Air 4th Gen,1097.13,15.2,1,1112.33,Delivered,2,,40,10
2017-12-13,3403,2017-12-19,669,Western,Central,Shipped from Abroad,Home and Office,Stationery,Moleskine Notebook,190.76,7.1,4,770.14,Returned,1,Not as expected,34,6
2015-09-14,3404,2015-10-01,271,Ashanti,North,Express,Fashion,Clothing,100% Cotton 4 Piece T-Shirts,20.99,33.14,3,96.11,Delivered,2,,33,17
2015-08-15,3405,2015-08-17,182,Upper East,North,Express,Home and Office,Furniture,Ergonomic Office Chair,272.16,39.62,4,1128.26,Returned,2,Not as expected,28,2
2020-07-08,3406,2020-07-27,16,Greater Accra,North,Shipped from Abroad,Fashion,Clothing,Men's Denim Jacket,172.31,49.96,2,394.58,Delivered,3,,70,19
2017-09-28,3407,2017-10-13,247,Upper East,East,Shipped from Abroad,Health and beauty,Makeup,MAC Lipstick,672.49,14.72,1,687.21,Delivered,2,,70,15
2018-12-05,3408,2018-12-22,188,Ashanti,North,Standard Delivery,Health and beauty,Personal Care,Aichun Beauty Essential Oil,189.14,16.17,5,961.87,Delivered,3,,50,17
2020-02-06,3409,2020-02-25,378,Ashanti,South,Standard Delivery,Home and Office,Furniture,Ergonomic Office Chair,876.5,5.33,5,4387.83,Delivered,4,,44,19
2016-10-17,3410,2016-10-19,532,Ashanti,East,Express,Health and beauty,Personal Care,Avon Soft Musk Spray,920.64,36.8,2,1878.08,Delivered,4,,60,2
2020-12-02,3411,2020-12-07,258,Greater Accra,East,Standard Delivery,Home and Office,Furniture,Ergonomic Office Chair,1021.63,28.24,3,3093.13,Delivered,2,,42,5
2016-05-30,3412,2016-06-10,610,Ashanti,East,Express,Fashion,Accessories,Polarized Sunglasses,1089.32,47.87,4,4405.15,Delivered,2,,32,11
2015-08-28,3413,2015-09-03,484,Oti,South,Standard Delivery,Electronics,Digital Cameras,Sony Alpha a6000,770.11,31.2,2,1571.42,Returned,1,Defective,36,6
2017-05-04,3414,2017-05-17,942,Western,North,Express,Health and beauty,Makeup,MAC Lipstick,1060.25,45.62,2,2166.12,Delivered,3,,26,13
2015-09-10,3415,2015-09-28,195,Volta,East,Standard Delivery,Health and beauty,Personal Care,Avon Soft Musk Spray,1296.56,24.78,5,6507.58,Delivered,1,,38,18
2018-12-02,3416,2018-12-12,669,Volta,Central,Shipped from Abroad,Electronics,Home Theatre,Sony 5.1 Home Theatre,59.94,13.98,1,73.92,Returned,2,Defective,34,10
2020-07-28,3417,2020-08-15,601,Western,North,Shipped from Abroad,Electronics,Home Theatre,Sony 5.1 Home Theatre,927.3,28.2,2,1882.8,Delivered,1,,44,18
2018-04-05,3418,2018-04-21,570,Ashanti,Central,Standard Delivery,Home and Office,Stationery,Parker Pen,56.65,42.52,4,269.12,Delivered,1,,34,16
2019-02-27,3419,2019-03-11,513,Volta,East,Express,Health and beauty,Personal Care,Aichun Beauty Essential Oil,1043.21,43.04,5,5259.09,Delivered,1,,52,12
2018-02-16,3420,2018-02-27,602,Volta,South,Express,Electronics,Digital Cameras,Nikon D3500,968.36,20.02,3,2925.1,Delivered,2,,25,11
2016-03-03,3421,2016-03-09,556,Weija,Central,Express,Fashion,Accessories,Polarized Sunglasses,626.4,17.62,2,1270.42,Delivered,4,,41,6
2020-07-17,3422,2020-07-31,178,Greater Accra,East,Shipped from Abroad,Phones and Tablet,Tablets,Amazon Fire HD 8 Kids Tablet,864.12,43.98,4,3500.46,Delivered,2,,18,14
2017-09-01,3423,2017-09-04,514,Greater Accra,North,Standard Delivery,Electronics,Home Theatre,Sony 5.1 Home Theatre,469.57,45.68,4,1923.96,Returned,2,Not as expected,36,3
2017-03-18,3424,2017-03-25,106,Ashanti,West,Shipped from Abroad,Phones and Tablet,Tablets,iPad Air 4th Gen,102.3,7.97,2,212.57,Delivered,2,,27,7
2019-07-08,3425,2019-07-22,563,Upper East,Central,Express,Electronics,Home Theatre,LG Soundbar,605.53,49.34,3,1865.93,Delivered,1,,44,14
2015-12-07,3426,2015-12-22,324,Weija,Central,Shipped from Abroad,Fashion,Shoes,Nike Air Max,1466.78,33.11,3,4433.45,Delivered,4,,34,15
2019-04-10,3427,2019-04-28,77,Ashanti,North,Standard Delivery,Electronics,Digital Cameras,Nikon D3500,262.41,28.67,1,291.08,Delivered,3,,23,18
2015-09-11,3428,2015-09-29,394,Western,North,Standard Delivery,Fashion,Accessories,Polarized Sunglasses,48.14,5.3,5,246.0,Delivered,5,,52,18
2015-01-27,3429,2015-02-05,515,Oti,Central,Shipped from Abroad,Phones and Tablet,Mobile phones,Infinix Smart HD X612,257.43,41.81,1,299.24,Delivered,1,,66,9
2020-02-25,3430,2020-03-09,733,Volta,West,Express,Phones and Tablet,Tablets,iPad Air 4th Gen,1393.8,39.47,5,7008.47,Delivered,5,,48,13
2016-08-02,3431,2016-08-08,140,Western,South,Express,Home and Office,Furniture,Ergonomic Office Chair,51.57,11.51,5,269.36,Delivered,2,,22,6
2019-11-26,3432,2019-12-13,292,Western,Central,Shipped from Abroad,Fashion,Accessories,Polarized Sunglasses,693.69,23.24,3,2104.31,Returned,2,Changed Mind,28,17
2017-04-23,3433,2017-05-10,747,Volta,East,Standard Delivery,Fashion,Clothing,100% Cotton 4 Piece T-Shirts,144.49,37.1,3,470.57,Delivered,3,,54,17
2018-10-24,3434,2018-11-07,567,Greater Accra,Central,Express,Home and Office,Furniture,Ergonomic Office Chair,948.82,26.85,1,975.67,Delivered,3,,41,14
2016-03-23,3435,2016-04-06,71,Upper East,West,Standard Delivery,Electronics,Smartwatches,Samsung Galaxy Watch 3,312.6,47.42,2,672.62,Delivered,1,,69,14
2015-05-17,3436,2015-06-04,833,Weija,South,Express,Fashion,Accessories,Leather Wallet,683.57,45.14,5,3462.99,Delivered,2,,24,18
2015-10-05,3437,2015-10-12,410,Weija,Central,Standard Delivery,Electronics,Digital Cameras,Nikon D3500,480.95,48.18,1,529.13,Delivered,2,,24,7
2015-05-07,3438,2015-05-16,158,Ashanti,Central,Shipped from Abroad,Electronics,Digital Cameras,Sony Alpha a6000,987.72,32.56,2,2008.0,Delivered,4,,56,9
2016-03-04,3439,2016-03-06,244,Oti,East,Standard Delivery,Electronics,Smartwatches,Samsung Galaxy Watch 3,1478.11,16.2,4,5928.64,Delivered,1,,30,2
2019-09-16,3440,2019-09-30,714,Volta,North,Express,Fashion,Accessories,Leather Wallet,210.48,45.46,4,887.38,Delivered,1,,61,14
2019-06-04,3441,2019-06-07,98,Upper East,West,Express,Home and Office,Furniture,8 Cubes Plastic Wardrobe,289.14,5.2,2,583.48,Returned,1,Not as expected,36,3
2019-07-30,3442,2019-08-18,247,Ashanti,Central,Standard Delivery,Home and Office,Furniture,8 Cubes Plastic Wardrobe,91.84,23.28,1,115.12,Delivered,1,,70,19
2016-04-18,3443,2016-04-29,679,Western,East,Shipped from Abroad,Health and beauty,Makeup,MAC Lipstick,1089.96,14.43,1,1104.39,Delivered,2,,48,11
2015-11-16,3444,2015-12-01,838,Ashanti,North,Express,Electronics,Digital Cameras,Sony Alpha a6000,1039.94,25.94,1,1065.88,Returned,2,Defective,29,15
2016-11-11,3445,2016-11-21,969,Western,East,Shipped from Abroad,Phones and Tablet,Mobile phones,iPhone 12,93.92,37.0,5,506.6,Delivered,2,,65,10
2015-09-20,3446,2015-10-04,497,Western,West,Standard Delivery,Home and Office,Furniture,8 Cubes Plastic Wardrobe,361.62,46.91,3,1131.77,Delivered,2,,45,14
2017-12-23,3447,2018-01-06,788,Western,Central,Standard Delivery,Phones and Tablet,Tablets,Amazon Fire HD 8 Kids Tablet,736.62,12.97,1,749.59,Delivered,4,,20,14
2020-04-24,3448,2020-05-02,715,Western,North,Standard Delivery,Electronics,Digital Cameras,Sony Alpha a6000,34.39,7.06,1,41.45,Delivered,1,,51,8
2016-07-08,3449,2016-07-27,493,Volta,East,Standard Delivery,Electronics,Digital Cameras,Canon EOS 600D 18MP CMOS DSLR,877.24,30.02,5,4416.22,Returned,1,Defective,28,19
2019-09-03,3450,2019-09-18,983,Western,North,Standard Delivery,Home and Office,Stationery,Parker Pen,973.3,19.9,2,1966.5,Returned,2,Changed Mind,46,15
2019-05-13,3451,2019-05-25,642,Oti,Central,Standard Delivery,Home and Office,Furniture,Ergonomic Office Chair,906.34,26.51,2,1839.19,Returned,2,Changed Mind,23,12
2017-02-03,3452,2017-02-09,996,Oti,Central,Standard Delivery,Phones and Tablet,Mobile phones,Infinix Smart HD X612,1157.72,6.2,4,4637.08,Delivered,1,,30,6
2016-05-21,3453,2016-05-27,543,Volta,East,Express,Electronics,Home Theatre,Sony 5.1 Home Theatre,1237.95,22.08,2,2497.98,Delivered,3,,30,6
2017-03-13,3454,2017-03-23,780,Upper East,East,Standard Delivery,Health and beauty,Makeup,MAC Lipstick,381.73,9.13,3,1154.32,Returned,2,Not as expected,24,10
2018-05-18,3455,2018-06-07,251,Greater Accra,North,Shipped from Abroad,Fashion,Accessories,Polarized Sunglasses,71.48,49.92,5,407.32,Returned,2,Not as expected,50,20
2017-08-13,3456,2017-08-15,490,Volta,West,Express,Fashion,Shoes,Adidas Ultraboost,738.23,47.0,2,1523.46,Cancelled,1,Arrived Late,51,2
2019-02-03,3457,2019-02-20,264,Oti,Central,Standard Delivery,Home and Office,Stationery,Moleskine Notebook,1296.58,24.99,2,2618.15,Returned,2,Not as expected,43,17
2017-02-08,3458,2017-02-17,441,Oti,South,Standard Delivery,Fashion,Shoes,Nike Air Max,1041.06,27.64,5,5232.94,Returned,1,Not as expected,37,9
2018-05-22,3459,2018-05-27,474,Greater Accra,Central,Shipped from Abroad,Phones and Tablet,Tablets,Amazon Fire HD 8 Kids Tablet,538.35,19.05,2,1095.75,Delivered,2,,64,5
2020-06-11,3460,2020-06-23,118,Volta,North,Express,Phones and Tablet,Tablets,iPad Air 4th Gen,968.36,36.43,3,2941.51,Cancelled,2,Not as expected,62,12
2020-10-04,3461,2020-10-06,885,Oti,West,Standard Delivery,Phones and Tablet,Mobile phones,iPhone 12,610.04,29.88,5,3080.08,Returned,2,Defective,40,2
2015-07-05,3462,2015-07-18,243,Ashanti,South,Shipped from Abroad,Health and beauty,Personal Care,Aichun Beauty Essential Oil,434.37,26.54,2,895.28,Delivered,2,,61,13
2019-07-04,3463,2019-07-13,300,Upper East,Central,Shipped from Abroad,Phones and Tablet,Tablets,iPad Air 4th Gen,1220.79,30.19,4,4913.35,Delivered,3,,18,9
2020-09-23,3464,2020-09-30,743,Weija,West,Shipped from Abroad,Fashion,Shoes,Adidas Ultraboost,793.67,14.43,4,3189.11,Returned,2,Arrived Late,29,7
2019-09-10,3465,2019-09-26,905,Volta,Central,Express,Electronics,Home Theatre,LG Soundbar,830.15,20.83,2,1681.13,Delivered,1,,24,16
2017-01-29,3466,2017-02-04,347,Greater Accra,North,Shipped from Abroad,Electronics,Smartwatches,Apple Watch Series 6,140.04,41.99,1,182.03,Delivered,3,,62,6
2016-01-19,3467,2016-02-08,53,Oti,North,Shipped from Abroad,Home and Office,Furniture,8 Cubes Plastic Wardrobe,1164.61,11.44,5,5834.49,Returned,2,Changed Mind,21,20
2019-02-14,3468,2019-02-18,623,Western,Central,Shipped from Abroad,Health and beauty,Makeup,Maybelline Foundation,938.58,6.48,2,1883.64,Returned,2,Not as expected,49,4
2016-08-19,3469,2016-08-28,753,Greater Accra,East,Standard Delivery,Home and Office,Furniture,8 Cubes Plastic Wardrobe,854.81,9.51,4,3428.75,Delivered,2,,33,9
2017-06-07,3470,2017-06-13,157,Oti,North,Standard Delivery,Fashion,Accessories,Leather Wallet,1148.32,39.8,3,3484.76,Returned,2,Not as expected,42,6
2016-04-22,3471,2016-05-12,608,Volta,East,Standard Delivery,Health and beauty,Makeup,Maybelline Foundation,90.79,6.04,1,96.83,Delivered,3,,49,20
2019-01-30,3472,2019-02-03,196,Greater Accra,North,Express,Electronics,Smartwatches,Apple Watch Series 6,1025.3,39.72,3,3115.62,Returned,2,Arrived Late,35,4
2018-02-04,3473,2018-02-21,637,Weija,South,Express,Electronics,Home Theatre,LG Soundbar,174.46,42.33,4,740.17,Delivered,3,,52,17
2020-08-27,3474,2020-09-10,864,Volta,North,Express,Health and beauty,Personal Care,Aichun Beauty Essential Oil,1103.41,42.51,2,2249.33,Returned,1,Not as expected,59,14
2015-02-25,3475,2015-03-05,89,Weija,North,Shipped from Abroad,Electronics,Digital Cameras,Nikon D3500,1366.88,18.04,3,4118.68,Delivered,1,,68,8
2019-04-18,3476,2019-04-20,810,Upper East,South,Express,Health and beauty,Personal Care,Aichun Beauty Essential Oil,646.09,38.67,3,1976.94,Returned,1,Not as expected,37,2
2015-09-25,3477,2015-10-14,585,Volta,East,Express,Electronics,Smartwatches,Apple Watch Series 6,1093.52,14.74,2,2201.78,Delivered,1,,36,19
2018-02-13,3478,2018-02-15,693,Volta,Central,Express,Home and Office,Furniture,Ergonomic Office Chair,116.04,29.61,3,377.73,Delivered,2,,29,2
2016-06-21,3479,2016-07-05,608,Weija,West,Shipped from Abroad,Health and beauty,Makeup,MAC Lipstick,356.31,11.88,3,1080.81,Delivered,3,,49,14
2017-11-26,3480,2017-12-02,874,Upper East,North,Express,Health and beauty,Makeup,MAC Lipstick,1031.83,32.85,3,3128.34,Delivered,3,,30,6
2015-05-16,3481,2015-06-02,288,Upper East,South,Express,Health and beauty,Makeup,MAC Lipstick,1416.81,44.58,4,5711.82,Returned,1,Changed Mind,44,17
2015-07-16,3482,2015-07-22,427,Western,West,Express,Phones and Tablet,Tablets,iPad Air 4th Gen,855.23,18.03,2,1728.49,Returned,2,Changed Mind,68,6
2018-02-05,3483,2018-02-07,148,Ashanti,Central,Shipped from Abroad,Fashion,Accessories,Leather Wallet,516.68,36.17,3,1586.21,Delivered,1,,34,2
2018-02-13,3484,2018-02-21,166,Greater Accra,Central,Shipped from Abroad,Electronics,Digital Cameras,Sony Alpha a6000,413.93,16.28,4,1672.0,Delivered,1,,36,8
2019-01-28,3485,2019-02-16,898,Ashanti,North,Shipped from Abroad,Fashion,Clothing,Men's Denim Jacket,428.27,38.2,4,1751.28,Delivered,1,,55,19
2015-06-23,3486,2015-07-04,990,Ashanti,West,Standard Delivery,Phones and Tablet,Mobile phones,iPhone 12,182.4,34.2,1,216.6,Returned,2,Defective,22,11
2018-01-29,3487,2018-02-01,213,Western,North,Shipped from Abroad,Fashion,Accessories,Polarized Sunglasses,1088.09,13.63,1,1101.72,Returned,2,Arrived Late,23,3
2016-08-09,3488,2016-08-24,192,Greater Accra,Central,Standard Delivery,Home and Office,Furniture,Ergonomic Office Chair,1427.22,10.76,2,2865.2,Delivered,4,,33,15
2017-10-16,3489,2017-10-25,38,Volta,North,Express,Fashion,Clothing,Men's Denim Jacket,148.43,41.45,2,338.31,Cancelled,1,Arrived Late,53,9
2018-02-20,3490,2018-03-05,276,Oti,Central,Express,Fashion,Clothing,100% Cotton 4 Piece T-Shirts,1305.46,6.85,1,1312.31,Returned,1,Changed Mind,35,13
2015-02-19,3491,2015-02-22,935,Greater Accra,South,Shipped from Abroad,Home and Office,Furniture,Ergonomic Office Chair,501.11,20.94,4,2025.38,Cancelled,1,Arrived Late,47,3
2019-05-12,3492,2019-05-22,407,Volta,West,Express,Health and beauty,Makeup,MAC Lipstick,1290.26,18.91,3,3889.69,Delivered,3,,23,10
2018-12-09,3493,2018-12-15,80,Upper East,South,Shipped from Abroad,Fashion,Accessories,Polarized Sunglasses,223.37,20.0,4,913.48,Delivered,3,,40,6
2016-10-26,3494,2016-11-12,253,Weija,West,Shipped from Abroad,Home and Office,Furniture,8 Cubes Plastic Wardrobe,246.59,28.2,1,274.79,Delivered,3,,33,17
2016-03-03,3495,2016-03-05,490,Weija,North,Express,Home and Office,Furniture,Ergonomic Office Chair,800.77,39.53,2,1641.07,Delivered,1,,51,2
2019-05-10,3496,2019-05-14,960,Upper East,West,Shipped from Abroad,Health and beauty,Makeup,MAC Lipstick,652.15,23.7,5,3284.45,Delivered,4,,49,4
2015-05-13,3497,2015-05-24,919,Greater Accra,North,Standard Delivery,Electronics,Smartwatches,Apple Watch Series 6,50.6,41.65,1,92.25,Delivered,3,,59,11
2019-04-07,3498,2019-04-22,697,Volta,Central,Express,Health and beauty,Personal Care,Avon Soft Musk Spray,647.36,46.26,5,3283.06,Returned,1,Arrived Late,63,15
2019-09-27,3499,2019-10-10,139,Ashanti,East,Standard Delivery,Phones and Tablet,Tablets,Amazon Fire HD 8 Kids Tablet,1288.34,9.06,3,3874.08,Returned,2,Not as expected,50,13
2015-02-26,3500,2015-03-16,824,Upper East,South,Standard Delivery,Phones and Tablet,Tablets,Amazon Fire HD 8 Kids Tablet,391.27,45.41,5,2001.76,Delivered,3,,41,18
2016-12-03,3501,2016-12-22,310,Oti,North,Express,Fashion,Clothing,100% Cotton 4 Piece T-Shirts,504.38,23.05,5,2544.95,Returned,1,Defective,45,19
2016-03-14,3502,2016-03-16,510,Ashanti,North,Standard Delivery,Electronics,Smartwatches,Samsung Galaxy Watch 3,667.56,22.06,3,2024.74,Delivered,1,,49,2
2017-12-16,3503,2017-12-18,223,Oti,South,Shipped from Abroad,Electronics,Smartwatches,Apple Watch Series 6,1199.61,43.54,2,2442.76,Delivered,2,,49,2
2019-11-04,3504,2019-11-18,243,Weija,East,Express,Phones and Tablet,Mobile phones,Samsung Galaxy A02,1497.72,42.27,4,6033.15,Returned,1,Defective,61,14
2020-05-18,3505,2020-05-24,309,Weija,East,Express,Phones and Tablet,Mobile phones,iPhone 12,968.78,9.71,1,978.49,Delivered,3,,40,6
2016-02-02,3506,2016-02-09,673,Western,North,Shipped from Abroad,Phones and Tablet,Tablets,Amazon Fire HD 8 Kids Tablet,1202.55,36.82,4,4847.02,Returned,1,Defective,27,7
2016-09-23,3507,2016-10-10,696,Greater Accra,Central,Standard Delivery,Health and beauty,Makeup,Maybelline Foundation,1138.31,30.93,3,3445.86,Returned,2,Changed Mind,21,17
2019-10-24,3508,2019-11-03,916,Western,Central,Standard Delivery,Health and beauty,Makeup,MAC Lipstick,303.42,30.55,5,1547.65,Delivered,3,,46,10
2020-01-14,3509,2020-01-25,106,Western,North,Express,Health and beauty,Makeup,MAC Lipstick,463.39,27.51,1,490.9,Returned,1,Defective,27,11
2017-08-20,3510,2017-09-05,982,Ashanti,West,Express,Electronics,Digital Cameras,Sony Alpha a6000,128.53,25.44,2,282.5,Delivered,3,,30,16
2018-06-22,3511,2018-07-01,140,Oti,Central,Express,Phones and Tablet,Mobile phones,iPhone 12,659.31,39.28,4,2676.52,Returned,2,Changed Mind,22,9
2017-01-16,3512,2017-01-23,148,Greater Accra,South,Express,Phones and Tablet,Mobile phones,Samsung Galaxy A02,1016.16,38.42,4,4103.06,Delivered,3,,34,7
2015-01-22,3513,2015-02-11,536,Western,North,Standard Delivery,Health and beauty,Personal Care,Avon Soft Musk Spray,227.01,43.78,4,951.82,Delivered,2,,19,20
2016-05-26,3514,2016-06-11,59,Volta,Central,Standard Delivery,Fashion,Clothing,Men's Denim Jacket,897.96,43.26,2,1839.18,Cancelled,1,Not as expected,32,16
2018-07-26,3515,2018-08-07,500,Western,West,Express,Home and Office,Stationery,Parker Pen,1111.41,34.97,3,3369.2,Delivered,4,,49,12
2016-10-24,3516,2016-11-05,293,Western,North,Express,Health and beauty,Makeup,Maybelline Foundation,258.1,42.96,1,301.06,Delivered,3,,49,12
2020-12-18,3517,2020-12-30,873,Greater Accra,East,Shipped from Abroad,Home and Office,Stationery,Moleskine Notebook,1136.5,32.33,1,1168.83,Delivered,3,,33,12
2017-05-21,3518,2017-06-03,274,Western,South,Shipped from Abroad,Electronics,Smartwatches,Apple Watch Series 6,1422.38,6.88,5,7118.78,Cancelled,1,Changed Mind,27,13
2015-10-27,3519,2015-11-09,684,Volta,Central,Shipped from Abroad,Health and beauty,Personal Care,Aichun Beauty Essential Oil,309.19,8.17,5,1554.12,Cancelled,1,Not as expected,40,13
2018-10-15,3520,2018-10-17,354,Oti,Central,Express,Electronics,Smartwatches,Samsung Galaxy Watch 3,990.66,16.75,4,3979.39,Delivered,2,,26,2
2015-04-17,3521,2015-05-06,245,Ashanti,West,Express,Phones and Tablet,Mobile phones,Samsung Galaxy A02,1043.72,18.95,3,3150.11,Delivered,3,,22,19
2020-09-21,3522,2020-10-02,518,Weija,North,Shipped from Abroad,Phones and Tablet,Mobile phones,Infinix Smart HD X612,620.62,20.51,2,1261.75,Returned,1,Not as expected,57,11
2015-02-05,3523,2015-02-08,230,Upper East,East,Express,Home and Office,Furniture,Ergonomic Office Chair,424.05,7.29,3,1279.44,Cancelled,1,Arrived Late,59,3
2020-11-30,3524,2020-12-06,732,Oti,West,Express,Phones and Tablet,Mobile phones,Samsung Galaxy A02,499.32,12.38,1,511.7,Delivered,1,,69,6
2018-12-25,3525,2019-01-01,151,Volta,West,Express,Home and Office,Furniture,8 Cubes Plastic Wardrobe,1142.54,49.2,3,3476.82,Returned,1,Arrived Late,30,7
2018-02-24,3526,2018-03-09,396,Upper East,West,Standard Delivery,Health and beauty,Personal Care,Aichun Beauty Essential Oil,103.29,13.2,1,116.49,Cancelled,2,Arrived Late,49,13
2015-07-21,3527,2015-07-28,154,Weija,West,Express,Fashion,Clothing,100% Cotton 4 Piece T-Shirts,1404.48,26.0,2,2834.96,Delivered,3,,42,7
2017-05-12,3528,2017-05-20,186,Ashanti,Central,Express,Electronics,Smartwatches,Samsung Galaxy Watch 3,920.08,23.41,5,4623.81,Delivered,4,,29,8
2015-09-11,3529,2015-09-25,804,Volta,Central,Standard Delivery,Health and beauty,Makeup,MAC Lipstick,911.14,6.3,3,2739.72,Returned,1,Not as expected,68,14
2017-11-24,3530,2017-11-29,852,Ashanti,East,Express,Home and Office,Stationery,Parker Pen,337.41,30.94,4,1380.58,Returned,1,Changed Mind,52,5
2015-11-17,3531,2015-11-24,568,Western,West,Standard Delivery,Home and Office,Stationery,Moleskine Notebook,1354.67,13.09,1,1367.76,Delivered,4,,25,7
2017-08-28,3532,2017-09-17,79,Western,Central,Shipped from Abroad,Home and Office,Furniture,8 Cubes Plastic Wardrobe,63.57,25.08,1,88.65,Delivered,1,,50,20
2015-12-11,3533,2015-12-23,310,Weija,North,Express,Health and beauty,Personal Care,Aichun Beauty Essential Oil,199.1,41.35,1,240.45,Returned,1,Defective,45,12
2017-08-27,3534,2017-09-15,241,Volta,South,Shipped from Abroad,Electronics,Digital Cameras,Nikon D3500,1030.15,10.35,3,3100.8,Returned,2,Defective,35,19
2017-12-16,3535,2017-12-25,349,Western,North,Standard Delivery,Health and beauty,Makeup,Maybelline Foundation,870.52,8.68,1,879.2,Delivered,5,,18,9
2017-07-16,3536,2017-07-22,332,Oti,West,Standard Delivery,Home and Office,Furniture,Ergonomic Office Chair,785.46,13.41,2,1584.33,Delivered,3,,36,6
2016-11-17,3537,2016-12-02,252,Greater Accra,North,Express,Fashion,Shoes,Nike Air Max,245.33,31.95,5,1258.6,Delivered,1,,67,15
2016-08-13,3538,2016-08-23,230,Oti,West,Express,Home and Office,Furniture,Ergonomic Office Chair,481.07,46.41,1,527.48,Delivered,4,,59,10
2017-10-06,3539,2017-10-13,871,Ashanti,South,Shipped from Abroad,Home and Office,Furniture,8 Cubes Plastic Wardrobe,1472.03,39.38,5,7399.53,Returned,2,Arrived Late,47,7
2015-10-12,3540,2015-10-14,533,Greater Accra,East,Shipped from Abroad,Fashion,Clothing,Men's Denim Jacket,729.62,29.09,4,2947.57,Returned,1,Changed Mind,70,2
2016-12-30,3541,2017-01-05,326,Upper East,Central,Express,Phones and Tablet,Tablets,Amazon Fire HD 8 Kids Tablet,695.95,28.32,5,3508.07,Returned,2,Not as expected,21,6
2019-10-15,3542,2019-10-29,501,Volta,West,Express,Electronics,Digital Cameras,Canon EOS 600D 18MP CMOS DSLR,843.78,22.06,5,4240.96,Delivered,3,,55,14
2020-06-07,3543,2020-06-23,98,Greater Accra,East,Shipped from Abroad,Health and beauty,Makeup,Maybelline Foundation,140.42,20.49,5,722.59,Returned,2,Arrived Late,36,16
2020-02-04,3544,2020-02-20,835,Western,West,Shipped from Abroad,Home and Office,Stationery,Parker Pen,993.92,15.31,4,3990.99,Delivered,4,,19,16
2017-04-26,3545,2017-05-05,843,Greater Accra,West,Express,Phones and Tablet,Tablets,iPad Air 4th Gen,1400.19,15.88,1,1416.07,Returned,1,Defective,18,9
2016-06-22,3546,2016-07-09,803,Western,South,Standard Delivery,Home and Office,Furniture,8 Cubes Plastic Wardrobe,166.81,6.41,1,173.22,Delivered,4,,29,17
2019-07-02,3547,2019-07-08,994,Weija,North,Standard Delivery,Electronics,Digital Cameras,Canon EOS 600D 18MP CMOS DSLR,871.71,46.94,2,1790.36,Delivered,3,,30,6
2019-12-12,3548,2019-12-20,308,Volta,West,Standard Delivery,Fashion,Clothing,Men's Denim Jacket,527.79,33.75,5,2672.7,Delivered,3,,49,8
2019-07-16,3549,2019-07-26,318,Volta,East,Shipped from Abroad,Phones and Tablet,Tablets,iPad Air 4th Gen,785.63,10.77,3,2367.66,Delivered,4,,25,10
2019-10-21,3550,2019-11-01,934,Greater Accra,North,Standard Delivery,Phones and Tablet,Mobile phones,iPhone 12,929.06,10.24,5,4655.54,Cancelled,1,Defective,44,11
2020-04-04,3551,2020-04-21,186,Oti,West,Shipped from Abroad,Phones and Tablet,Mobile phones,Infinix Smart HD X612,654.38,31.04,2,1339.8,Returned,1,Arrived Late,29,17
2020-12-02,3552,2020-12-19,672,Ashanti,West,Express,Home and Office,Furniture,8 Cubes Plastic Wardrobe,651.09,42.18,2,1344.36,Delivered,4,,63,17
2019-12-04,3553,2019-12-14,961,Upper East,Central,Standard Delivery,Phones and Tablet,Mobile phones,iPhone 12,1102.81,37.29,5,5551.34,Returned,1,Arrived Late,20,10
2018-09-02,3554,2018-09-09,949,Western,East,Shipped from Abroad,Home and Office,Stationery,Moleskine Notebook,1084.51,46.49,1,1131.0,Delivered,3,,33,7
2018-03-11,3555,2018-03-31,697,Weija,Central,Express,Home and Office,Stationery,Moleskine Notebook,258.46,17.47,4,1051.31,Delivered,2,,63,20
2019-10-27,3556,2019-11-05,722,Ashanti,North,Standard Delivery,Health and beauty,Makeup,Maybelline Foundation,932.07,35.43,3,2831.64,Returned,1,Changed Mind,38,9
2017-03-13,3557,2017-03-23,846,Upper East,North,Standard Delivery,Fashion,Shoes,Adidas Ultraboost,56.41,35.97,3,205.2,Delivered,4,,69,10
2017-10-04,3558,2017-10-10,789,Greater Accra,West,Standard Delivery,Fashion,Accessories,Leather Wallet,1370.82,43.74,2,2785.38,Delivered,1,,21,6
2020-11-05,3559,2020-11-14,180,Greater Accra,West,Shipped from Abroad,Fashion,Shoes,Nike Air Max,1474.89,46.26,2,2996.04,Delivered,3,,67,9
2015-11-01,3560,2015-11-08,82,Upper East,West,Shipped from Abroad,Phones and Tablet,Tablets,Amazon Fire HD 8 Kids Tablet,1385.64,49.37,2,2820.65,Delivered,2,,42,7
2015-01-26,3561,2015-02-12,697,Oti,Central,Express,Phones and Tablet,Mobile phones,Infinix Smart HD X612,783.3,26.32,5,3942.82,Delivered,2,,63,17
2016-01-15,3562,2016-01-18,333,Volta,West,Express,Electronics,Digital Cameras,Sony Alpha a6000,496.71,30.94,3,1521.07,Delivered,1,,18,3
2015-02-10,3563,2015-03-02,356,Volta,South,Express,Phones and Tablet,Tablets,iPad Air 4th Gen,834.71,30.29,4,3369.13,Delivered,1,,53,20
2017-12-28,3564,2018-01-05,856,Upper East,Central,Standard Delivery,Home and Office,Stationery,Moleskine Notebook,1498.29,44.54,5,7535.99,Delivered,1,,19,8
2019-08-22,3565,2019-08-26,285,Oti,Central,Express,Phones and Tablet,Tablets,iPad Air 4th Gen,364.31,32.98,3,1125.91,Delivered,4,,48,4
2016-05-01,3566,2016-05-20,601,Volta,East,Shipped from Abroad,Health and beauty,Makeup,MAC Lipstick,573.2,27.14,3,1746.74,Delivered,3,,44,19
2016-07-01,3567,2016-07-18,975,Oti,North,Standard Delivery,Home and Office,Stationery,Moleskine Notebook,451.16,22.72,1,473.88,Delivered,3,,24,17
2019-12-17,3568,2019-12-29,757,Ashanti,Central,Standard Delivery,Fashion,Shoes,Nike Air Max,1173.58,22.29,3,3543.03,Delivered,1,,57,12
2015-11-28,3569,2015-12-11,198,Greater Accra,West,Express,Fashion,Shoes,Adidas Ultraboost,471.65,40.0,3,1454.95,Delivered,3,,42,13
2020-08-28,3570,2020-09-13,128,Volta,East,Shipped from Abroad,Electronics,Smartwatches,Apple Watch Series 6,666.33,36.85,2,1369.51,Delivered,2,,66,16
2018-04-01,3571,2018-04-10,2,Greater Accra,South,Shipped from Abroad,Health and beauty,Personal Care,Avon Soft Musk Spray,1465.57,39.73,2,2970.87,Delivered,3,,27,9
2015-03-27,3572,2015-04-12,452,Greater Accra,West,Express,Fashion,Shoes,Nike Air Max,170.37,37.54,5,889.39,Returned,1,Defective,60,16
2016-10-05,3573,2016-10-15,505,Western,Central,Standard Delivery,Fashion,Accessories,Polarized Sunglasses,367.28,46.17,5,1882.57,Delivered,5,,51,10
2016-09-21,3574,2016-09-24,404,Weija,West,Standard Delivery,Phones and Tablet,Mobile phones,iPhone 12,767.27,42.07,1,809.34,Delivered,3,,34,3
2019-09-24,3575,2019-10-10,53,Oti,South,Express,Phones and Tablet,Tablets,iPad Air 4th Gen,829.79,46.28,2,1705.86,Returned,2,Changed Mind,21,16
2015-11-17,3576,2015-11-24,895,Greater Accra,Central,Standard Delivery,Electronics,Digital Cameras,Canon EOS 600D 18MP CMOS DSLR,937.88,33.4,2,1909.16,Delivered,3,,42,7
2019-04-01,3577,2019-04-04,467,Volta,West,Standard Delivery,Electronics,Digital Cameras,Nikon D3500,1412.91,10.33,1,1423.24,Delivered,5,,70,3
2016-09-06,3578,2016-09-13,419,Oti,Central,Express,Home and Office,Furniture,Ergonomic Office Chair,692.99,16.45,3,2095.42,Delivered,4,,44,7
2020-09-02,3579,2020-09-17,242,Volta,North,Shipped from Abroad,Phones and Tablet,Mobile phones,Infinix Smart HD X612,835.03,44.36,2,1714.42,Delivered,2,,56,15
2020-01-07,3580,2020-01-17,703,Upper East,East,Shipped from Abroad,Fashion,Shoes,Adidas Ultraboost,1231.05,41.95,4,4966.15,Returned,2,Arrived Late,37,10
2020-09-24,3581,2020-10-09,402,Weija,Central,Shipped from Abroad,Phones and Tablet,Tablets,Amazon Fire HD 8 Kids Tablet,128.46,8.77,2,265.69,Delivered,3,,29,15
2020-08-17,3582,2020-09-02,807,Weija,South,Shipped from Abroad,Health and beauty,Makeup,Maybelline Foundation,508.51,40.04,4,2074.08,Delivered,4,,48,16
2020-03-18,3583,2020-04-07,436,Volta,West,Shipped from Abroad,Electronics,Digital Cameras,Canon EOS 600D 18MP CMOS DSLR,935.89,11.01,5,4690.46,Returned,2,Defective,66,20
2017-08-04,3584,2017-08-11,396,Volta,South,Shipped from Abroad,Phones and Tablet,Mobile phones,iPhone 12,114.91,6.8,3,351.53,Returned,1,Changed Mind,49,7
2020-08-13,3585,2020-09-01,644,Western,South,Express,Electronics,Digital Cameras,Canon EOS 600D 18MP CMOS DSLR,1098.34,37.13,4,4430.49,Delivered,2,,23,19
2020-01-10,3586,2020-01-20,641,Greater Accra,West,Express,Health and beauty,Makeup,Maybelline Foundation,1205.94,22.06,5,6051.76,Delivered,4,,41,10
2020-08-11,3587,2020-08-15,874,Oti,West,Standard Delivery,Electronics,Digital Cameras,Canon EOS 600D 18MP CMOS DSLR,126.39,34.92,1,161.31,Delivered,4,,30,4
2018-10-01,3588,2018-10-10,278,Western,East,Express,Electronics,Digital Cameras,Sony Alpha a6000,623.15,49.29,1,672.44,Delivered,2,,64,9
2019-01-03,3589,2019-01-14,966,Volta,West,Standard Delivery,Phones and Tablet,Mobile phones,iPhone 12,1228.33,47.86,4,4961.18,Returned,2,Changed Mind,62,11
2017-04-01,3590,2017-04-08,991,Ashanti,North,Express,Electronics,Home Theatre,Sony 5.1 Home Theatre,56.21,10.4,4,235.24,Returned,1,Arrived Late,61,7
2017-09-02,3591,2017-09-05,891,Upper East,South,Express,Health and beauty,Makeup,MAC Lipstick,132.8,23.6,3,422.0,Returned,2,Changed Mind,20,3
2019-06-24,3592,2019-07-13,946,Weija,West,Express,Home and Office,Furniture,8 Cubes Plastic Wardrobe,1375.04,6.5,4,5506.66,Delivered,4,,42,19
2019-10-18,3593,2019-11-07,944,Oti,West,Standard Delivery,Health and beauty,Personal Care,Aichun Beauty Essential Oil,609.16,10.07,2,1228.39,Delivered,4,,53,20
2016-05-28,3594,2016-06-12,290,Weija,East,Shipped from Abroad,Electronics,Smartwatches,Apple Watch Series 6,1119.18,46.69,4,4523.41,Delivered,3,,24,15
2018-10-21,3595,2018-11-09,54,Western,East,Shipped from Abroad,Fashion,Clothing,Men's Denim Jacket,849.96,9.37,1,859.33,Returned,2,Changed Mind,31,19
2019-12-27,3596,2019-12-29,742,Ashanti,South,Shipped from Abroad,Health and beauty,Personal Care,Avon Soft Musk Spray,151.55,20.1,4,626.3,Returned,2,Arrived Late,55,2
2015-04-02,3597,2015-04-07,368,Greater Accra,South,Express,Electronics,Digital Cameras,Canon EOS 600D 18MP CMOS DSLR,1367.36,49.55,4,5518.99,Delivered,5,,36,5
2016-01-06,3598,2016-01-21,442,Volta,East,Express,Fashion,Clothing,100% Cotton 4 Piece T-Shirts,614.14,22.56,1,636.7,Delivered,4,,51,15
2018-08-17,3599,2018-08-29,220,Western,East,Standard Delivery,Health and beauty,Makeup,MAC Lipstick,1033.08,37.02,4,4169.34,Returned,2,Not as expected,34,12
2017-07-29,3600,2017-08-01,536,Weija,West,Express,Phones and Tablet,Mobile phones,Samsung Galaxy A02,1378.45,11.02,1,1389.47,Returned,1,Arrived Late,19,3
2019-10-31,3601,2019-11-09,605,Volta,North,Express,Phones and Tablet,Tablets,iPad Air 4th Gen,334.86,11.22,2,680.94,Returned,2,Arrived Late,43,9
2015-10-21,3602,2015-11-09,1000,Ashanti,North,Standard Delivery,Home and Office,Stationery,Parker Pen,125.37,44.2,3,420.31,Returned,2,Not as expected,65,19
2017-02-24,3603,2017-03-07,11,Oti,West,Standard Delivery,Home and Office,Furniture,Ergonomic Office Chair,716.06,35.61,2,1467.73,Returned,1,Arrived Late,37,11
2016-10-18,3604,2016-10-31,887,Upper East,Central,Shipped from Abroad,Home and Office,Furniture,8 Cubes Plastic Wardrobe,332.61,12.24,4,1342.68,Returned,2,Not as expected,35,13
2017-01-13,3605,2017-01-30,619,Volta,West,Shipped from Abroad,Health and beauty,Makeup,Maybelline Foundation,953.89,17.13,5,4786.58,Delivered,5,,22,17
2016-04-12,3606,2016-04-29,662,Upper East,North,Shipped from Abroad,Health and beauty,Makeup,MAC Lipstick,1035.59,8.85,1,1044.44,Delivered,4,,46,17
2019-03-31,3607,2019-04-15,364,Western,North,Express,Fashion,Clothing,Men's Denim Jacket,1358.72,11.7,5,6805.3,Delivered,1,,54,15
2016-04-10,3608,2016-04-12,134,Upper East,East,Standard Delivery,Health and beauty,Personal Care,Aichun Beauty Essential Oil,1285.17,22.11,5,6447.96,Delivered,2,,52,2
2019-02-06,3609,2019-02-14,961,Western,East,Shipped from Abroad,Health and beauty,Makeup,Maybelline Foundation,836.12,28.54,1,864.66,Delivered,3,,20,8
2019-11-26,3610,2019-12-11,501,Ashanti,South,Express,Health and beauty,Personal Care,Aichun Beauty Essential Oil,100.29,41.33,1,141.62,Delivered,3,,55,15
2019-02-09,3611,2019-02-12,316,Upper East,West,Express,Phones and Tablet,Mobile phones,Samsung Galaxy A02,1347.9,46.84,5,6786.34,Returned,1,Defective,38,3
2020-10-18,3612,2020-11-01,32,Weija,East,Shipped from Abroad,Phones and Tablet,Mobile phones,Infinix Smart HD X612,160.39,7.63,5,809.58,Delivered,5,,50,14
2020-12-04,3613,2020-12-15,811,Western,Central,Express,Home and Office,Stationery,Parker Pen,1135.37,6.83,3,3412.94,Returned,1,Defective,35,11
2015-09-18,3614,2015-09-27,947,Upper East,North,Standard Delivery,Fashion,Clothing,100% Cotton 4 Piece T-Shirts,389.95,28.14,2,808.04,Delivered,1,,40,9
2020-03-06,3615,2020-03-08,453,Upper East,North,Shipped from Abroad,Health and beauty,Personal Care,Aichun Beauty Essential Oil,1493.99,26.79,4,6002.75,Delivered,1,,20,2
2016-02-22,3616,2016-03-12,890,Weija,Central,Express,Home and Office,Stationery,Parker Pen,482.44,45.19,2,1010.07,Returned,1,Not as expected,40,19
2015-08-27,3617,2015-09-07,803,Upper East,Central,Standard Delivery,Health and beauty,Makeup,Maybelline Foundation,132.32,35.14,1,167.46,Returned,1,Changed Mind,29,11
2016-08-04,3618,2016-08-13,944,Upper East,East,Shipped from Abroad,Health and beauty,Makeup,MAC Lipstick,900.98,36.54,1,937.52,Delivered,1,,53,9
2016-04-26,3619,2016-05-04,931,Western,East,Shipped from Abroad,Electronics,Digital Cameras,Canon EOS 600D 18MP CMOS DSLR,778.15,15.82,1,793.97,Delivered,1,,25,8
2018-07-22,3620,2018-07-24,448,Volta,West,Express,Fashion,Accessories,Leather Wallet,496.82,35.13,3,1525.59,Cancelled,2,Not as expected,46,2
2016-07-27,3621,2016-08-15,781,Ashanti,Central,Standard Delivery,Phones and Tablet,Mobile phones,Samsung Galaxy A02,835.65,15.78,1,851.43,Returned,2,Changed Mind,59,19
2018-10-24,3622,2018-11-02,916,Ashanti,North,Express,Health and beauty,Makeup,Maybelline Foundation,810.18,15.16,1,825.34,Delivered,3,,46,9
2020-08-07,3623,2020-08-16,693,Weija,West,Shipped from Abroad,Health and beauty,Makeup,Maybelline Foundation,1185.89,38.56,1,1224.45,Returned,1,Arrived Late,29,9
2017-11-13,3624,2017-11-27,264,Western,Central,Standard Delivery,Home and Office,Furniture,Ergonomic Office Chair,447.43,36.19,4,1825.91,Returned,1,Changed Mind,43,14
2020-01-14,3625,2020-01-25,101,Oti,South,Standard Delivery,Phones and Tablet,Mobile phones,iPhone 12,1142.74,18.72,2,2304.2,Delivered,3,,37,11
2015-01-23,3626,2015-02-11,418,Volta,Central,Express,Home and Office,Furniture,Ergonomic Office Chair,1136.29,25.41,2,2297.99,Returned,2,Changed Mind,41,19
2016-05-21,3627,2016-06-09,626,Western,South,Standard Delivery,Fashion,Accessories,Polarized Sunglasses,283.44,19.53,5,1436.73,Delivered,4,,39,19
2019-12-04,3628,2019-12-24,723,Oti,East,Express,Fashion,Accessories,Leather Wallet,1068.19,10.48,2,2146.86,Delivered,2,,28,20
2019-04-19,3629,2019-04-21,338,Greater Accra,Central,Standard Delivery,Health and beauty,Personal Care,Avon Soft Musk Spray,331.3,11.24,3,1005.14,Delivered,1,,36,2
2016-12-28,3630,2017-01-07,982,Oti,West,Standard Delivery,Home and Office,Furniture,8 Cubes Plastic Wardrobe,78.55,15.3,3,250.95,Delivered,4,,30,10
2016-04-09,3631,2016-04-21,18,Weija,South,Standard Delivery,Electronics,Home Theatre,LG Soundbar,221.06,41.26,1,262.32,Delivered,2,,43,12
2016-11-22,3632,2016-12-10,161,Ashanti,North,Express,Phones and Tablet,Tablets,iPad Air 4th Gen,527.97,49.27,3,1633.18,Delivered,1,,55,18
2016-02-24,3633,2016-03-07,589,Oti,North,Standard Delivery,Electronics,Home Theatre,Sony 5.1 Home Theatre,675.49,18.55,5,3396.0,Delivered,3,,69,12
2016-07-12,3634,2016-07-25,948,Upper East,South,Express,Electronics,Digital Cameras,Canon EOS 600D 18MP CMOS DSLR,59.19,7.05,3,184.62,Cancelled,2,Defective,33,13
2020-01-30,3635,2020-02-08,209,Western,Central,Standard Delivery,Electronics,Home Theatre,LG Soundbar,1015.92,17.62,3,3065.38,Delivered,2,,68,9
2020-03-04,3636,2020-03-24,868,Western,Central,Shipped from Abroad,Health and beauty,Makeup,MAC Lipstick,226.85,41.61,3,722.16,Delivered,5,,69,20
2015-03-17,3637,2015-03-25,574,Ashanti,Central,Shipped from Abroad,Phones and Tablet,Mobile phones,Infinix Smart HD X612,462.01,23.7,5,2333.75,Returned,1,Changed Mind,62,8
2016-12-09,3638,2016-12-12,297,Western,East,Shipped from Abroad,Electronics,Digital Cameras,Nikon D3500,632.92,12.18,3,1910.94,Delivered,1,,47,3
2015-08-31,3639,2015-09-09,386,Oti,Central,Shipped from Abroad,Fashion,Clothing,Men's Denim Jacket,1241.66,30.85,4,4997.49,Delivered,5,,40,9
2020-01-07,3640,2020-01-24,849,Weija,East,Express,Home and Office,Furniture,8 Cubes Plastic Wardrobe,277.28,14.69,5,1401.09,Delivered,1,,23,17
2020-04-19,3641,2020-04-23,71,Greater Accra,North,Standard Delivery,Phones and Tablet,Tablets,iPad Air 4th Gen,588.85,28.54,4,2383.94,Delivered,4,,69,4
2019-11-09,3642,2019-11-19,536,Upper East,Central,Standard Delivery,Fashion,Accessories,Leather Wallet,764.45,6.71,4,3064.51,Returned,2,Not as expected,19,10
2016-01-02,3643,2016-01-16,964,Greater Accra,West,Express,Electronics,Home Theatre,LG Soundbar,1046.37,17.5,5,5249.35,Returned,1,Defective,50,14
2018-01-16,3644,2018-02-01,840,Ashanti,South,Standard Delivery,Health and beauty,Personal Care,Avon Soft Musk Spray,1143.17,38.33,2,2324.67,Delivered,1,,41,16
2019-05-29,3645,2019-06-16,721,Volta,East,Standard Delivery,Electronics,Home Theatre,Sony 5.1 Home Theatre,1239.95,29.86,4,4989.66,Delivered,4,,57,18
2016-12-10,3646,2016-12-14,219,Weija,West,Standard Delivery,Phones and Tablet,Mobile phones,Infinix Smart HD X612,929.17,49.44,2,1907.78,Returned,2,Not as expected,63,4
2018-10-13,3647,2018-10-17,641,Weija,Central,Express,Health and beauty,Makeup,Maybelline Foundation,682.0,49.95,3,2095.95,Delivered,4,,41,4
2020-04-02,3648,2020-04-20,177,Volta,West,Standard Delivery,Health and beauty,Makeup,Maybelline Foundation,369.07,24.93,1,394.0,Delivered,5,,41,18
2019-09-14,3649,2019-09-24,495,Weija,Central,Standard Delivery,Fashion,Accessories,Leather Wallet,1127.44,25.99,5,5663.19,Delivered,1,,65,10
2017-11-25,3650,2017-12-03,495,Volta,West,Standard Delivery,Home and Office,Furniture,Ergonomic Office Chair,313.99,20.43,4,1276.39,Delivered,3,,65,8
2015-02-03,3651,2015-02-12,930,Upper East,South,Shipped from Abroad,Electronics,Digital Cameras,Canon EOS 600D 18MP CMOS DSLR,1354.21,9.77,5,6780.82,Delivered,5,,25,9
2020-04-26,3652,2020-05-07,324,Oti,South,Shipped from Abroad,Fashion,Accessories,Polarized Sunglasses,1458.05,32.3,1,1490.35,Returned,2,Defective,34,11
2016-05-24,3653,2016-06-09,186,Volta,West,Standard Delivery,Home and Office,Stationery,Moleskine Notebook,939.41,17.83,1,957.24,Delivered,3,,29,16
2015-12-01,3654,2015-12-03,149,Greater Accra,West,Standard Delivery,Fashion,Shoes,Adidas Ultraboost,39.55,47.08,4,205.28,Returned,1,Defective,46,2
2019-06-01,3655,2019-06-09,301,Weija,West,Standard Delivery,Electronics,Home Theatre,Sony 5.1 Home Theatre,772.76,20.73,3,2339.01,Delivered,1,,28,8
2019-05-30,3656,2019-06-05,701,Western,South,Standard Delivery,Fashion,Clothing,Men's Denim Jacket,223.46,20.49,4,914.33,Delivered,2,,65,6
2015-09-08,3657,2015-09-23,755,Upper East,East,Express,Fashion,Clothing,Men's Denim Jacket,1396.7,15.05,5,6998.55,Returned,2,Arrived Late,62,15
2020-08-25,3658,2020-09-10,557,Greater Accra,Central,Express,Phones and Tablet,Mobile phones,iPhone 12,482.82,15.59,3,1464.05,Delivered,3,,49,16
2016-07-13,3659,2016-07-20,691,Oti,North,Express,Electronics,Smartwatches,Samsung Galaxy Watch 3,697.98,21.09,1,719.07,Returned,1,Defective,21,7
2018-05-12,3660,2018-05-15,848,Oti,Central,Shipped from Abroad,Phones and Tablet,Tablets,Amazon Fire HD 8 Kids Tablet,1442.19,29.94,4,5798.7,Delivered,5,,22,3
2019-04-05,3661,2019-04-23,484,Greater Accra,Central,Standard Delivery,Phones and Tablet,Mobile phones,Samsung Galaxy A02,1229.87,39.41,4,4958.89,Delivered,1,,36,18
2016-07-16,3662,2016-07-19,303,Upper East,South,Shipped from Abroad,Phones and Tablet,Mobile phones,Samsung Galaxy A02,1389.51,8.33,5,6955.88,Returned,2,Not as expected,35,3
2017-01-09,3663,2017-01-21,526,Volta,South,Express,Fashion,Accessories,Polarized Sunglasses,42.15,12.76,1,54.91,Cancelled,1,Arrived Late,67,12
2016-10-01,3664,2016-10-21,422,Upper East,South,Standard Delivery,Fashion,Clothing,Men's Denim Jacket,558.99,5.61,4,2241.57,Delivered,3,,68,20
2017-10-24,3665,2017-11-05,75,Upper East,South,Standard Delivery,Fashion,Shoes,Adidas Ultraboost,1309.82,41.84,3,3971.3,Delivered,4,,26,12
2017-06-29,3666,2017-07-10,337,Oti,East,Express,Fashion,Accessories,Polarized Sunglasses,669.68,30.72,1,700.4,Delivered,1,,23,11
2017-11-03,3667,2017-11-19,406,Western,Central,Express,Home and Office,Furniture,8 Cubes Plastic Wardrobe,1468.78,10.75,2,2948.31,Delivered,5,,69,16
2019-07-29,3668,2019-08-07,201,Ashanti,Central,Standard Delivery,Phones and Tablet,Tablets,Amazon Fire HD 8 Kids Tablet,305.54,46.44,3,963.06,Delivered,3,,50,9
2018-05-13,3669,2018-05-18,571,Ashanti,West,Standard Delivery,Fashion,Shoes,Adidas Ultraboost,125.59,16.08,3,392.85,Delivered,1,,22,5
2017-10-22,3670,2017-10-26,602,Western,East,Standard Delivery,Home and Office,Stationery,Parker Pen,937.98,45.99,3,2859.93,Cancelled,2,Defective,25,4
2017-12-30,3671,2018-01-11,384,Greater Accra,East,Shipped from Abroad,Fashion,Shoes,Adidas Ultraboost,626.48,11.7,4,2517.62,Delivered,3,,68,12
2015-03-25,3672,2015-04-09,608,Weija,West,Standard Delivery,Health and beauty,Makeup,Maybelline Foundation,163.12,30.34,5,845.94,Returned,2,Not as expected,49,15
2017-02-07,3673,2017-02-18,542,Volta,North,Shipped from Abroad,Health and beauty,Personal Care,Aichun Beauty Essential Oil,1278.38,43.56,2,2600.32,Returned,1,Arrived Late,39,11
2019-08-31,3674,2019-09-19,146,Western,North,Standard Delivery,Electronics,Home Theatre,Sony 5.1 Home Theatre,669.63,26.12,3,2035.01,Delivered,5,,46,19
2016-06-01,3675,2016-06-12,59,Greater Accra,West,Standard Delivery,Health and beauty,Personal Care,Avon Soft Musk Spray,702.0,9.28,3,2115.28,Returned,1,Not as expected,32,11
2016-10-16,3676,2016-10-20,269,Ashanti,South,Shipped from Abroad,Fashion,Accessories,Polarized Sunglasses,1399.87,6.2,2,2805.94,Delivered,4,,18,4
2017-09-24,3677,2017-10-01,884,Greater Accra,North,Standard Delivery,Health and beauty,Makeup,Maybelline Foundation,935.19,25.62,4,3766.38,Returned,1,Arrived Late,66,7
2019-12-08,3678,2019-12-20,761,Oti,East,Shipped from Abroad,Health and beauty,Personal Care,Aichun Beauty Essential Oil,1290.76,47.24,2,2628.76,Delivered,3,,38,12
2016-03-05,3679,2016-03-23,979,Western,West,Shipped from Abroad,Electronics,Smartwatches,Samsung Galaxy Watch 3,1095.46,15.61,2,2206.53,Returned,1,Defective,64,18
2020-02-15,3680,2020-02-19,533,Upper East,East,Standard Delivery,Home and Office,Furniture,Ergonomic Office Chair,889.13,20.05,5,4465.7,Delivered,5,,70,4
2016-01-24,3681,2016-01-28,64,Weija,West,Standard Delivery,Fashion,Shoes,Adidas Ultraboost,745.08,21.5,3,2256.74,Returned,2,Defective,65,4
2020-07-30,3682,2020-08-05,457,Greater Accra,East,Express,Phones and Tablet,Tablets,iPad Air 4th Gen,130.51,33.12,5,685.67,Delivered,2,,48,6
2016-04-10,3683,2016-04-29,184,Western,South,Express,Health and beauty,Makeup,MAC Lipstick,1150.77,42.72,3,3495.03,Delivered,1,,37,19
2017-07-30,3684,2017-08-18,748,Greater Accra,South,Express,Home and Office,Furniture,Ergonomic Office Chair,1166.36,14.91,1,1181.27,Delivered,3,,26,19
2019-02-19,3685,2019-03-06,870,Weija,East,Standard Delivery,Health and beauty,Personal Care,Avon Soft Musk Spray,247.18,7.51,3,749.05,Delivered,1,,49,15
2018-08-18,3686,2018-09-06,395,Weija,South,Standard Delivery,Fashion,Shoes,Nike Air Max,425.67,11.03,2,862.37,Delivered,2,,49,19
2020-07-13,3687,2020-07-19,530,Ashanti,South,Shipped from Abroad,Health and beauty,Personal Care,Avon Soft Musk Spray,597.66,8.08,5,2996.38,Delivered,2,,44,6
2019-01-12,3688,2019-01-25,952,Upper East,East,Standard Delivery,Phones and Tablet,Tablets,Amazon Fire HD 8 Kids Tablet,692.14,31.95,3,2108.37,Returned,2,Arrived Late,22,13
2017-07-28,3689,2017-08-04,524,Oti,Central,Shipped from Abroad,Electronics,Digital Cameras,Nikon D3500,88.81,6.88,3,273.31,Returned,2,Not as expected,70,7
2020-02-17,3690,2020-03-07,564,Oti,South,Shipped from Abroad,Fashion,Clothing,Men's Denim Jacket,1235.75,6.83,1,1242.58,Delivered,3,,18,19
2016-12-01,3691,2016-12-04,623,Weija,East,Express,Fashion,Clothing,Men's Denim Jacket,1009.59,42.09,2,2061.27,Delivered,4,,49,3
2017-07-10,3692,2017-07-19,979,Weija,East,Shipped from Abroad,Home and Office,Stationery,Parker Pen,196.34,46.32,5,1028.02,Delivered,1,,64,9
2015-12-20,3693,2015-12-26,910,Volta,East,Shipped from Abroad,Phones and Tablet,Mobile phones,Infinix Smart HD X612,141.11,30.84,4,595.28,Delivered,3,,22,6
2020-11-05,3694,2020-11-10,622,Greater Accra,East,Shipped from Abroad,Health and beauty,Personal Care,Avon Soft Musk Spray,412.87,46.89,5,2111.24,Returned,2,Arrived Late,62,5
2020-11-20,3695,2020-11-24,117,Oti,South,Express,Health and beauty,Makeup,Maybelline Foundation,10.9,33.23,2,55.03,Returned,1,Not as expected,26,4
2017-05-14,3696,2017-05-28,533,Upper East,Central,Express,Health and beauty,Personal Care,Aichun Beauty Essential Oil,309.97,17.4,1,327.37,Delivered,3,,70,14
2015-07-14,3697,2015-07-24,168,Oti,North,Express,Home and Office,Stationery,Parker Pen,176.2,43.56,3,572.16,Returned,2,Not as expected,32,10
2017-06-26,3698,2017-06-30,347,Western,East,Standard Delivery,Fashion,Shoes,Adidas Ultraboost,211.31,12.24,2,434.86,Delivered,5,,62,4
2020-01-22,3699,2020-02-08,969,Upper East,East,Standard Delivery,Electronics,Smartwatches,Samsung Galaxy Watch 3,1357.9,17.11,2,2732.91,Delivered,1,,65,17
2018-11-21,3700,2018-12-11,468,Volta,South,Standard Delivery,Fashion,Shoes,Nike Air Max,255.23,9.45,2,519.91,Delivered,1,,54,20
2020-01-08,3701,2020-01-19,334,Western,South,Standard Delivery,Health and beauty,Personal Care,Avon Soft Musk Spray,1283.83,5.28,4,5140.6,Delivered,3,,23,11
2019-01-12,3702,2019-01-20,249,Western,West,Express,Phones and Tablet,Mobile phones,iPhone 12,1042.47,5.24,4,4175.12,Delivered,5,,57,8
2018-04-24,3703,2018-05-05,346,Western,South,Express,Fashion,Accessories,Leather Wallet,247.91,30.99,1,278.9,Delivered,4,,70,11
2016-01-20,3704,2016-01-28,534,Volta,North,Shipped from Abroad,Home and Office,Furniture,Ergonomic Office Chair,1334.28,29.92,3,4032.76,Returned,2,Not as expected,52,8
2017-11-11,3705,2017-11-17,599,Upper East,Central,Express,Fashion,Accessories,Polarized Sunglasses,880.63,17.43,2,1778.69,Delivered,1,,47,6
2018-06-11,3706,2018-06-21,743,Volta,Central,Express,Fashion,Accessories,Polarized Sunglasses,1194.64,39.56,5,6012.76,Delivered,4,,29,10
2017-08-26,3707,2017-09-05,829,Western,East,Standard Delivery,Phones and Tablet,Mobile phones,iPhone 12,817.1,34.44,1,851.54,Returned,1,Not as expected,40,10
2020-07-21,3708,2020-08-06,181,Oti,South,Standard Delivery,Fashion,Accessories,Leather Wallet,496.46,27.92,5,2510.22,Delivered,5,,63,16
2019-08-30,3709,2019-09-02,887,Ashanti,Central,Shipped from Abroad,Health and beauty,Makeup,MAC Lipstick,101.92,44.23,2,248.07,Delivered,5,,35,3
2020-05-16,3710,2020-05-21,14,Ashanti,South,Shipped from Abroad,Health and beauty,Personal Care,Avon Soft Musk Spray,1288.06,13.71,5,6454.01,Delivered,5,,22,5
2016-10-18,3711,2016-11-05,771,Weija,North,Shipped from Abroad,Home and Office,Stationery,Moleskine Notebook,229.96,15.73,2,475.65,Delivered,4,,30,18
2018-07-04,3712,2018-07-22,904,Greater Accra,Central,Express,Health and beauty,Makeup,MAC Lipstick,1083.85,21.06,2,2188.76,Delivered,3,,41,18
2018-02-02,3713,2018-02-12,812,Ashanti,Central,Shipped from Abroad,Health and beauty,Personal Care,Aichun Beauty Essential Oil,143.98,37.19,5,757.09,Delivered,3,,44,10
2015-07-27,3714,2015-08-16,507,Ashanti,West,Standard Delivery,Fashion,Clothing,Men's Denim Jacket,1172.98,44.68,2,2390.64,Delivered,3,,70,20
2020-08-19,3715,2020-09-06,859,Oti,South,Shipped from Abroad,Electronics,Home Theatre,Sony 5.1 Home Theatre,619.28,11.36,5,3107.76,Delivered,4,,64,18
2017-12-11,3716,2017-12-21,978,Western,East,Standard Delivery,Home and Office,Stationery,Moleskine Notebook,376.08,19.08,4,1523.4,Returned,1,Changed Mind,29,10
2016-07-08,3717,2016-07-10,317,Ashanti,West,Standard Delivery,Fashion,Shoes,Nike Air Max,575.18,29.31,4,2330.03,Delivered,5,,26,2
2016-01-28,3718,2016-02-05,550,Oti,West,Shipped from Abroad,Fashion,Accessories,Leather Wallet,1132.97,15.14,4,4547.02,Delivered,4,,58,8
2017-09-20,3719,2017-10-09,945,Volta,South,Standard Delivery,Phones and Tablet,Mobile phones,Samsung Galaxy A02,1231.57,35.39,1,1266.96,Delivered,3,,46,19
2015-06-08,3720,2015-06-24,101,Greater Accra,West,Shipped from Abroad,Home and Office,Furniture,Ergonomic Office Chair,269.14,26.16,5,1371.86,Delivered,3,,37,16
2016-04-10,3721,2016-04-20,667,Greater Accra,Central,Express,Phones and Tablet,Mobile phones,Samsung Galaxy A02,104.84,6.87,3,321.39,Delivered,5,,33,10
2017-08-16,3722,2017-08-27,31,Greater Accra,South,Shipped from Abroad,Health and beauty,Personal Care,Aichun Beauty Essential Oil,99.16,42.82,4,439.46,Delivered,5,,25,11
2018-09-18,3723,2018-10-04,772,Upper East,Central,Shipped from Abroad,Health and beauty,Personal Care,Aichun Beauty Essential Oil,386.32,14.67,3,1173.63,Delivered,4,,66,16
2015-01-25,3724,2015-02-05,81,Volta,East,Standard Delivery,Phones and Tablet,Tablets,Amazon Fire HD 8 Kids Tablet,829.67,48.89,1,878.56,Delivered,3,,40,11
2019-02-28,3725,2019-03-09,323,Weija,North,Express,Health and beauty,Personal Care,Aichun Beauty Essential Oil,351.64,46.49,4,1453.05,Delivered,2,,63,9
2020-06-13,3726,2020-06-28,906,Western,North,Standard Delivery,Fashion,Accessories,Polarized Sunglasses,1285.2,5.23,4,5146.03,Delivered,4,,53,15
2015-07-15,3727,2015-07-17,742,Upper East,West,Shipped from Abroad,Health and beauty,Personal Care,Aichun Beauty Essential Oil,428.37,43.42,1,471.79,Delivered,3,,55,2
2020-04-19,3728,2020-04-28,503,Ashanti,East,Express,Electronics,Digital Cameras,Nikon D3500,614.16,32.05,4,2488.69,Delivered,4,,23,9
2018-12-30,3729,2019-01-01,484,Oti,Central,Standard Delivery,Fashion,Clothing,100% Cotton 4 Piece T-Shirts,123.48,37.91,4,531.83,Delivered,2,,36,2
2016-09-12,3730,2016-09-29,292,Greater Accra,Central,Shipped from Abroad,Electronics,Digital Cameras,Canon EOS 600D 18MP CMOS DSLR,1106.82,11.6,1,1118.42,Returned,2,Defective,28,17
2018-02-27,3731,2018-03-08,437,Ashanti,East,Standard Delivery,Fashion,Shoes,Adidas Ultraboost,454.63,12.91,5,2286.06,Delivered,3,,51,9
2019-12-24,3732,2020-01-13,502,Oti,South,Standard Delivery,Phones and Tablet,Tablets,iPad Air 4th Gen,782.8,26.06,5,3940.06,Returned,1,Arrived Late,60,20
2019-01-11,3733,2019-01-30,429,Weija,West,Standard Delivery,Phones and Tablet,Mobile phones,iPhone 12,502.23,40.73,4,2049.65,Returned,2,Defective,55,19
2016-02-16,3734,2016-02-18,620,Ashanti,West,Shipped from Abroad,Electronics,Home Theatre,Sony 5.1 Home Theatre,253.25,26.26,5,1292.51,Delivered,1,,28,2
2015-01-11,3735,2015-01-18,187,Weija,West,Standard Delivery,Electronics,Digital Cameras,Sony Alpha a6000,188.62,21.63,4,776.11,Delivered,4,,47,7
2015-08-27,3736,2015-09-04,981,Ashanti,North,Shipped from Abroad,Electronics,Digital Cameras,Nikon D3500,1435.88,22.34,2,2894.1,Delivered,2,,38,8
2018-12-03,3737,2018-12-06,968,Volta,West,Shipped from Abroad,Fashion,Accessories,Polarized Sunglasses,668.08,17.08,3,2021.32,Delivered,4,,42,3
2019-08-15,3738,2019-08-23,774,Weija,North,Standard Delivery,Phones and Tablet,Tablets,iPad Air 4th Gen,327.26,7.98,5,1644.28,Delivered,4,,66,8
2016-10-01,3739,2016-10-04,717,Upper East,North,Shipped from Abroad,Phones and Tablet,Mobile phones,Infinix Smart HD X612,168.25,29.47,2,365.97,Delivered,3,,56,3
2016-08-24,3740,2016-09-07,844,Oti,West,Express,Health and beauty,Makeup,Maybelline Foundation,1452.27,17.17,4,5826.25,Delivered,1,,63,14
2017-07-04,3741,2017-07-22,623,Oti,Central,Standard Delivery,Home and Office,Furniture,Ergonomic Office Chair,669.83,17.84,1,687.67,Delivered,4,,49,18
2018-08-18,3742,2018-08-27,537,Weija,West,Express,Phones and Tablet,Mobile phones,Samsung Galaxy A02,1269.29,31.9,2,2570.48,Delivered,3,,40,9
2019-12-21,3743,2020-01-08,852,Upper East,South,Shipped from Abroad,Phones and Tablet,Mobile phones,Samsung Galaxy A02,820.73,9.77,2,1651.23,Returned,1,Defective,52,18
2015-06-11,3744,2015-06-22,106,Greater Accra,North,Express,Health and beauty,Personal Care,Avon Soft Musk Spray,358.93,31.85,1,390.78,Delivered,1,,27,11
2019-12-13,3745,2019-12-29,663,Oti,Central,Shipped from Abroad,Phones and Tablet,Mobile phones,Infinix Smart HD X612,1188.71,34.58,1,1223.29,Delivered,3,,43,16
2018-07-04,3746,2018-07-16,698,Oti,East,Standard Delivery,Health and beauty,Makeup,MAC Lipstick,85.82,15.46,1,101.28,Delivered,1,,18,12
2016-05-12,3747,2016-05-26,219,Weija,East,Standard Delivery,Phones and Tablet,Mobile phones,Samsung Galaxy A02,853.88,13.11,3,2574.75,Delivered,2,,63,14
2018-05-26,3748,2018-06-08,419,Weija,North,Express,Phones and Tablet,Tablets,iPad Air 4th Gen,558.07,30.53,1,588.6,Delivered,3,,44,13
2016-03-26,3749,2016-04-11,420,Volta,East,Standard Delivery,Phones and Tablet,Mobile phones,Infinix Smart HD X612,219.01,5.26,2,443.28,Delivered,3,,37,16
2017-12-09,3750,2017-12-16,493,Volta,West,Shipped from Abroad,Health and beauty,Personal Care,Avon Soft Musk Spray,1437.13,42.35,2,2916.61,Delivered,1,,28,7
2020-08-17,3751,2020-09-04,834,Weija,South,Standard Delivery,Electronics,Home Theatre,Sony 5.1 Home Theatre,772.46,5.59,4,3095.43,Returned,2,Not as expected,30,18
2018-04-09,3752,2018-04-17,927,Ashanti,North,Standard Delivery,Phones and Tablet,Tablets,Amazon Fire HD 8 Kids Tablet,41.89,46.88,2,130.66,Returned,2,Not as expected,23,8
2016-07-04,3753,2016-07-18,801,Volta,Central,Express,Fashion,Clothing,100% Cotton 4 Piece T-Shirts,276.76,49.96,3,880.24,Delivered,1,,63,14
2019-09-13,3754,2019-09-23,134,Volta,South,Standard Delivery,Home and Office,Furniture,8 Cubes Plastic Wardrobe,134.71,19.13,4,557.97,Delivered,3,,52,10
2017-12-01,3755,2017-12-18,720,Ashanti,Central,Express,Phones and Tablet,Tablets,Amazon Fire HD 8 Kids Tablet,581.87,13.39,3,1759.0,Delivered,4,,18,17
2016-10-12,3756,2016-10-24,27,Upper East,South,Standard Delivery,Home and Office,Furniture,8 Cubes Plastic Wardrobe,1006.2,25.1,4,4049.9,Delivered,2,,46,12
2019-03-25,3757,2019-04-10,588,Volta,North,Express,Health and beauty,Personal Care,Avon Soft Musk Spray,612.31,43.61,5,3105.16,Returned,2,Arrived Late,19,16
2017-01-26,3758,2017-01-29,956,Volta,North,Shipped from Abroad,Home and Office,Furniture,Ergonomic Office Chair,1308.26,26.97,2,2643.49,Returned,1,Arrived Late,28,3
2016-06-18,3759,2016-07-03,250,Western,West,Standard Delivery,Fashion,Clothing,Men's Denim Jacket,921.22,46.25,5,4652.35,Delivered,4,,23,15
2017-11-07,3760,2017-11-22,81,Weija,South,Standard Delivery,Electronics,Smartwatches,Apple Watch Series 6,945.38,24.42,3,2860.56,Delivered,3,,40,15
2017-05-21,3761,2017-05-31,275,Oti,North,Standard Delivery,Phones and Tablet,Tablets,iPad Air 4th Gen,67.84,26.35,1,94.19,Delivered,4,,19,10
2015-12-05,3762,2015-12-19,514,Volta,Central,Standard Delivery,Fashion,Accessories,Leather Wallet,928.16,22.82,4,3735.46,Delivered,4,,36,14
2019-08-14,3763,2019-08-29,534,Ashanti,East,Express,Phones and Tablet,Tablets,iPad Air 4th Gen,451.97,34.34,4,1842.22,Returned,1,Not as expected,52,15
2020-08-23,3764,2020-09-11,351,Ashanti,North,Standard Delivery,Phones and Tablet,Mobile phones,iPhone 12,1218.58,15.14,4,4889.46,Delivered,4,,66,19
2018-08-07,3765,2018-08-27,233,Oti,North,Express,Health and beauty,Personal Care,Aichun Beauty Essential Oil,1115.07,15.32,4,4475.6,Returned,1,Changed Mind,65,20
2018-12-21,3766,2019-01-04,751,Upper East,East,Standard Delivery,Electronics,Smartwatches,Samsung Galaxy Watch 3,25.93,8.33,4,112.05,Delivered,4,,31,14
2017-05-12,3767,2017-05-20,302,Greater Accra,Central,Shipped from Abroad,Home and Office,Furniture,8 Cubes Plastic Wardrobe,668.93,33.38,1,702.31,Delivered,4,,27,8
2016-11-03,3768,2016-11-15,165,Upper East,East,Express,Fashion,Accessories,Polarized Sunglasses,373.16,25.65,2,771.97,Returned,1,Not as expected,58,12
2018-05-29,3769,2018-06-04,354,Ashanti,North,Shipped from Abroad,Electronics,Digital Cameras,Nikon D3500,878.75,43.85,1,922.6,Returned,2,Defective,26,6
2017-10-21,3770,2017-11-05,296,Volta,East,Shipped from Abroad,Home and Office,Furniture,8 Cubes Plastic Wardrobe,412.31,6.9,3,1243.83,Delivered,1,,39,15
2019-01-10,3771,2019-01-12,514,Greater Accra,East,Shipped from Abroad,Electronics,Digital Cameras,Canon EOS 600D 18MP CMOS DSLR,1362.78,18.09,3,4106.43,Delivered,3,,36,2
2017-07-16,3772,2017-07-28,503,Greater Accra,North,Express,Health and beauty,Personal Care,Aichun Beauty Essential Oil,742.99,12.67,3,2241.64,Delivered,3,,23,12
2016-06-16,3773,2016-06-20,690,Oti,West,Shipped from Abroad,Phones and Tablet,Tablets,Amazon Fire HD 8 Kids Tablet,395.66,19.95,3,1206.93,Delivered,2,,22,4
2020-04-17,3774,2020-04-27,963,Volta,South,Express,Health and beauty,Personal Care,Avon Soft Musk Spray,1486.74,35.26,2,3008.74,Delivered,3,,28,10
2015-10-04,3775,2015-10-19,199,Weija,North,Standard Delivery,Health and beauty,Makeup,MAC Lipstick,748.38,28.59,3,2273.73,Delivered,3,,24,15
2019-07-31,3776,2019-08-03,391,Volta,East,Standard Delivery,Home and Office,Stationery,Parker Pen,1463.52,25.23,1,1488.75,Returned,1,Arrived Late,27,3
2019-03-05,3777,2019-03-09,149,Upper East,South,Shipped from Abroad,Electronics,Home Theatre,LG Soundbar,1176.92,22.19,2,2376.03,Returned,1,Defective,46,4
2019-04-06,3778,2019-04-25,467,Upper East,West,Standard Delivery,Fashion,Clothing,100% Cotton 4 Piece T-Shirts,139.91,14.4,5,713.95,Delivered,2,,70,19
2015-08-29,3779,2015-08-31,954,Greater Accra,South,Standard Delivery,Health and beauty,Makeup,Maybelline Foundation,1376.08,37.85,3,4166.09,Delivered,3,,66,2
2020-09-08,3780,2020-09-27,191,Weija,East,Standard Delivery,Electronics,Home Theatre,LG Soundbar,272.87,21.92,3,840.53,Delivered,3,,69,19
2016-12-13,3781,2016-12-15,233,Upper East,North,Express,Electronics,Digital Cameras,Nikon D3500,1390.91,43.46,4,5607.1,Returned,1,Defective,65,2
2020-04-17,3782,2020-04-19,132,Upper East,West,Standard Delivery,Home and Office,Furniture,8 Cubes Plastic Wardrobe,1341.95,31.93,2,2715.83,Returned,2,Arrived Late,21,2
2016-03-15,3783,2016-03-20,688,Western,Central,Shipped from Abroad,Phones and Tablet,Tablets,iPad Air 4th Gen,864.04,47.92,1,911.96,Returned,1,Changed Mind,46,5
2015-02-18,3784,2015-03-04,946,Upper East,East,Express,Fashion,Shoes,Adidas Ultraboost,1183.19,33.75,3,3583.32,Returned,2,Changed Mind,42,14
2017-01-14,3785,2017-01-20,647,Upper East,Central,Standard Delivery,Phones and Tablet,Mobile phones,iPhone 12,1070.63,34.09,2,2175.35,Returned,1,Arrived Late,19,6
2017-07-03,3786,2017-07-05,574,Oti,Central,Express,Health and beauty,Makeup,Maybelline Foundation,212.41,35.97,2,460.79,Delivered,1,,62,2
2016-02-29,3787,2016-03-18,303,Western,West,Express,Health and beauty,Makeup,Maybelline Foundation,679.41,38.91,3,2077.14,Delivered,1,,35,18
2018-06-10,3788,2018-06-16,199,Oti,Central,Express,Electronics,Smartwatches,Samsung Galaxy Watch 3,397.87,33.33,1,431.2,Delivered,2,,24,6
2017-01-30,3789,2017-02-12,159,Volta,Central,Standard Delivery,Fashion,Accessories,Leather Wallet,1258.21,42.81,1,1301.02,Delivered,4,,49,13
2019-10-20,3790,2019-10-22,936,Upper East,East,Standard Delivery,Home and Office,Stationery,Parker Pen,71.48,24.2,2,167.16,Delivered,1,,28,2
2015-03-16,3791,2015-03-28,379,Weija,Central,Express,Fashion,Clothing,Men's Denim Jacket,729.69,15.59,3,2204.66,Returned,1,Not as expected,56,12
2019-04-15,3792,2019-05-04,414,Upper East,South,Shipped from Abroad,Fashion,Accessories,Polarized Sunglasses,1398.04,12.58,5,7002.78,Delivered,4,,19,19
2017-06-24,3793,2017-07-08,467,Weija,North,Shipped from Abroad,Fashion,Accessories,Leather Wallet,434.57,23.96,5,2196.81,Returned,1,Defective,70,14
2018-04-29,3794,2018-05-13,361,Greater Accra,West,Standard Delivery,Fashion,Clothing,100% Cotton 4 Piece T-Shirts,1268.49,12.53,4,5086.49,Returned,2,Defective,65,14
2020-03-07,3795,2020-03-11,952,Ashanti,West,Standard Delivery,Electronics,Home Theatre,Sony 5.1 Home Theatre,524.67,32.83,3,1606.84,Delivered,3,,22,4
2020-06-23,3796,2020-07-11,759,Volta,South,Standard Delivery,Home and Office,Furniture,8 Cubes Plastic Wardrobe,1282.48,35.86,3,3883.3,Delivered,5,,30,18
2020-03-08,3797,2020-03-17,912,Ashanti,Central,Express,Home and Office,Stationery,Moleskine Notebook,200.04,31.11,4,831.27,Delivered,3,,37,9
2019-11-09,3798,2019-11-21,244,Volta,East,Express,Fashion,Accessories,Polarized Sunglasses,184.13,19.35,1,203.48,Delivered,4,,30,12
2016-02-10,3799,2016-02-27,305,Ashanti,East,Shipped from Abroad,Health and beauty,Personal Care,Avon Soft Musk Spray,612.06,11.75,5,3072.05,Delivered,1,,46,17
2019-09-27,3800,2019-10-06,138,Ashanti,West,Shipped from Abroad,Fashion,Accessories,Polarized Sunglasses,769.51,5.21,3,2313.74,Delivered,3,,19,9
2020-04-06,3801,2020-04-13,400,Upper East,West,Express,Health and beauty,Makeup,Maybelline Foundation,1154.33,31.96,3,3494.95,Delivered,2,,65,7
2016-01-29,3802,2016-02-05,657,Oti,West,Shipped from Abroad,Home and Office,Stationery,Moleskine Notebook,463.3,35.59,4,1888.79,Returned,2,Changed Mind,21,7
2018-01-19,3803,2018-02-04,818,Upper East,South,Standard Delivery,Home and Office,Stationery,Parker Pen,1049.27,47.67,3,3195.48,Delivered,3,,27,16
2017-08-11,3804,2017-08-13,734,Upper East,West,Standard Delivery,Health and beauty,Personal Care,Avon Soft Musk Spray,977.15,36.72,4,3945.32,Delivered,3,,41,2
2015-07-06,3805,2015-07-12,517,Oti,West,Shipped from Abroad,Fashion,Clothing,Men's Denim Jacket,1411.47,36.08,4,5681.96,Returned,2,Changed Mind,69,6
2016-11-21,3806,2016-12-06,398,Weija,West,Standard Delivery,Home and Office,Furniture,Ergonomic Office Chair,349.13,47.3,3,1094.69,Delivered,3,,50,15
2019-05-27,3807,2019-06-10,443,Weija,South,Standard Delivery,Home and Office,Stationery,Moleskine Notebook,990.36,43.56,1,1033.92,Delivered,3,,19,14
2017-06-19,3808,2017-06-27,995,Western,Central,Shipped from Abroad,Phones and Tablet,Mobile phones,iPhone 12,191.24,47.44,5,1003.64,Delivered,2,,58,8
2020-09-20,3809,2020-10-04,967,Upper East,South,Shipped from Abroad,Phones and Tablet,Tablets,iPad Air 4th Gen,18.87,27.26,1,46.13,Delivered,2,,38,14
2015-08-01,3810,2015-08-12,130,Weija,South,Standard Delivery,Fashion,Clothing,100% Cotton 4 Piece T-Shirts,172.35,45.14,2,389.84,Returned,2,Arrived Late,53,11
2019-10-02,3811,2019-10-14,693,Upper East,North,Express,Phones and Tablet,Tablets,iPad Air 4th Gen,526.67,40.62,4,2147.3,Delivered,3,,29,12
2018-02-23,3812,2018-03-05,956,Oti,Central,Shipped from Abroad,Electronics,Digital Cameras,Sony Alpha a6000,1182.99,39.39,4,4771.35,Delivered,2,,28,10
2019-10-25,3813,2019-11-05,630,Western,West,Shipped from Abroad,Fashion,Shoes,Adidas Ultraboost,91.52,31.08,1,122.6,Delivered,2,,39,11
2016-09-06,3814,2016-09-15,232,Volta,Central,Shipped from Abroad,Home and Office,Stationery,Moleskine Notebook,185.12,41.28,3,596.64,Delivered,3,,59,9
2015-06-06,3815,2015-06-16,985,Greater Accra,East,Express,Health and beauty,Makeup,Maybelline Foundation,948.87,15.53,4,3811.01,Returned,1,Arrived Late,27,10
2017-09-26,3816,2017-10-05,727,Weija,South,Standard Delivery,Health and beauty,Personal Care,Avon Soft Musk Spray,757.33,31.02,3,2303.01,Delivered,3,,44,9
2020-03-14,3817,2020-04-01,44,Western,Central,Express,Fashion,Clothing,Men's Denim Jacket,1193.44,17.54,4,4791.3,Returned,2,Changed Mind,56,18
2015-07-27,3818,2015-07-30,254,Greater Accra,West,Standard Delivery,Electronics,Digital Cameras,Canon EOS 600D 18MP CMOS DSLR,287.81,7.64,5,1446.69,Delivered,3,,22,3
2016-02-23,3819,2016-03-05,909,Volta,South,Express,Electronics,Smartwatches,Apple Watch Series 6,783.58,14.72,4,3149.04,Delivered,1,,60,11
2020-12-16,3820,2020-12-31,237,Weija,North,Standard Delivery,Fashion,Shoes,Nike Air Max,239.57,11.35,2,490.49,Returned,1,Arrived Late,58,15
2019-08-12,3821,2019-08-23,567,Ashanti,West,Shipped from Abroad,Electronics,Smartwatches,Samsung Galaxy Watch 3,328.79,48.9,4,1364.06,Delivered,1,,41,11
2019-10-23,3822,2019-10-25,350,Greater Accra,South,Shipped from Abroad,Health and beauty,Makeup,Maybelline Foundation,788.85,49.8,4,3205.2,Delivered,3,,59,2
2020-11-30,3823,2020-12-02,782,Volta,Central,Express,Phones and Tablet,Tablets,iPad Air 4th Gen,347.2,31.74,5,1767.74,Delivered,4,,45,2
2018-03-13,3824,2018-03-18,386,Oti,South,Shipped from Abroad,Fashion,Accessories,Leather Wallet,797.61,46.39,5,4034.44,Delivered,4,,40,5
2018-04-25,3825,2018-05-08,625,Oti,West,Express,Health and beauty,Makeup,MAC Lipstick,456.96,22.42,3,1393.3,Delivered,1,,28,13
2019-06-18,3826,2019-06-27,948,Upper East,North,Express,Phones and Tablet,Tablets,Amazon Fire HD 8 Kids Tablet,1497.58,35.86,1,1533.44,Delivered,2,,33,9
2015-01-28,3827,2015-02-05,241,Oti,South,Express,Phones and Tablet,Tablets,Amazon Fire HD 8 Kids Tablet,1406.32,19.86,4,5645.14,Delivered,3,,35,8
2015-06-14,3828,2015-06-22,19,Greater Accra,Central,Shipped from Abroad,Phones and Tablet,Mobile phones,iPhone 12,43.97,5.51,1,49.48,Returned,1,Not as expected,44,8
2017-09-13,3829,2017-09-22,459,Oti,West,Shipped from Abroad,Home and Office,Stationery,Moleskine Notebook,454.29,44.29,4,1861.45,Returned,1,Not as expected,57,9
2015-07-22,3830,2015-07-25,99,Upper East,North,Express,Electronics,Digital Cameras,Canon EOS 600D 18MP CMOS DSLR,945.13,43.81,1,988.94,Returned,2,Not as expected,19,3
2015-12-11,3831,2015-12-31,713,Greater Accra,South,Standard Delivery,Electronics,Digital Cameras,Canon EOS 600D 18MP CMOS DSLR,1027.96,43.13,1,1071.09,Delivered,5,,66,20
2017-03-19,3832,2017-03-24,660,Weija,Central,Express,Phones and Tablet,Tablets,Amazon Fire HD 8 Kids Tablet,1202.11,38.01,1,1240.12,Delivered,4,,21,5
2015-07-26,3833,2015-08-10,155,Western,East,Standard Delivery,Electronics,Digital Cameras,Sony Alpha a6000,565.56,5.39,4,2267.63,Delivered,5,,36,15
2019-07-21,3834,2019-08-06,987,Ashanti,East,Express,Home and Office,Stationery,Parker Pen,1269.04,5.05,2,2543.13,Delivered,3,,20,16
2020-11-19,3835,2020-12-08,140,Ashanti,North,Shipped from Abroad,Electronics,Smartwatches,Apple Watch Series 6,1492.51,17.43,1,1509.94,Delivered,2,,22,19
2020-07-16,3836,2020-07-31,808,Volta,East,Shipped from Abroad,Fashion,Clothing,Men's Denim Jacket,460.37,9.85,2,930.59,Delivered,2,,51,15
2015-09-05,3837,2015-09-25,152,Volta,North,Standard Delivery,Home and Office,Stationery,Moleskine Notebook,1288.32,20.43,5,6462.03,Delivered,2,,46,20
2015-08-31,3838,2015-09-12,886,Ashanti,South,Shipped from Abroad,Fashion,Clothing,100% Cotton 4 Piece T-Shirts,973.06,13.94,3,2933.12,Delivered,3,,55,12
2018-06-21,3839,2018-07-02,266,Ashanti,South,Express,Electronics,Smartwatches,Apple Watch Series 6,1298.12,19.59,5,6510.19,Delivered,3,,57,11
2017-12-28,3840,2018-01-08,272,Ashanti,Central,Shipped from Abroad,Phones and Tablet,Mobile phones,Infinix Smart HD X612,1300.75,47.8,1,1348.55,Delivered,5,,19,11
2017-05-16,3841,2017-06-01,453,Upper East,North,Standard Delivery,Fashion,Clothing,100% Cotton 4 Piece T-Shirts,563.14,47.99,5,2863.69,Delivered,2,,20,16
2017-11-11,3842,2017-11-28,246,Ashanti,Central,Express,Health and beauty,Personal Care,Avon Soft Musk Spray,710.05,36.17,3,2166.32,Returned,2,Not as expected,68,17
2016-12-17,3843,2016-12-29,752,Greater Accra,North,Standard Delivery,Phones and Tablet,Mobile phones,Infinix Smart HD X612,190.13,35.36,4,795.88,Delivered,1,,50,12
2016-02-10,3844,2016-03-01,348,Greater Accra,South,Shipped from Abroad,Fashion,Shoes,Adidas Ultraboost,1377.72,19.69,5,6908.29,Delivered,4,,60,20
2016-06-17,3845,2016-06-21,456,Oti,West,Shipped from Abroad,Health and beauty,Makeup,Maybelline Foundation,1439.28,41.19,3,4359.03,Delivered,1,,55,4
2016-04-04,3846,2016-04-24,460,Upper East,North,Express,Electronics,Digital Cameras,Sony Alpha a6000,965.45,8.57,3,2904.92,Delivered,2,,59,20
2019-06-27,3847,2019-07-11,600,Greater Accra,Central,Express,Home and Office,Furniture,8 Cubes Plastic Wardrobe,142.97,11.93,5,726.78,Delivered,2,,31,14
2017-06-18,3848,2017-06-20,684,Weija,South,Express,Phones and Tablet,Mobile phones,Infinix Smart HD X612,18.82,44.3,2,81.94,Delivered,4,,40,2
2017-08-10,3849,2017-08-20,842,Weija,West,Standard Delivery,Home and Office,Furniture,8 Cubes Plastic Wardrobe,1185.29,19.15,3,3575.02,Delivered,3,,43,10
2017-03-17,3850,2017-03-25,869,Volta,South,Shipped from Abroad,Phones and Tablet,Mobile phones,iPhone 12,499.28,44.02,5,2540.42,Returned,1,Arrived Late,57,8
2016-07-25,3851,2016-08-14,435,Western,Central,Express,Health and beauty,Makeup,Maybelline Foundation,98.13,40.11,3,334.5,Delivered,1,,59,20
2016-07-30,3852,2016-08-05,853,Volta,East,Shipped from Abroad,Home and Office,Stationery,Moleskine Notebook,1466.62,20.98,3,4420.84,Delivered,3,,64,6
2015-04-13,3853,2015-04-19,538,Weija,North,Standard Delivery,Health and beauty,Makeup,Maybelline Foundation,1247.44,29.0,2,2523.88,Delivered,5,,69,6
2018-07-02,3854,2018-07-21,793,Volta,West,Standard Delivery,Fashion,Clothing,Men's Denim Jacket,103.49,27.45,5,544.9,Delivered,2,,24,19
2018-04-14,3855,2018-04-24,497,Weija,Central,Standard Delivery,Electronics,Home Theatre,LG Soundbar,1406.25,30.64,1,1436.89,Delivered,2,,45,10
2018-11-24,3856,2018-12-06,278,Greater Accra,South,Standard Delivery,Home and Office,Stationery,Parker Pen,644.39,33.61,3,1966.78,Cancelled,1,Arrived Late,64,12
2020-10-23,3857,2020-11-11,875,Volta,North,Express,Electronics,Home Theatre,Sony 5.1 Home Theatre,1275.24,12.05,5,6388.25,Returned,1,Changed Mind,52,19
2015-08-03,3858,2015-08-08,529,Ashanti,North,Express,Home and Office,Furniture,8 Cubes Plastic Wardrobe,187.14,16.46,3,577.88,Delivered,1,,42,5
2017-09-12,3859,2017-09-27,128,Western,West,Standard Delivery,Fashion,Shoes,Adidas Ultraboost,917.28,14.45,1,931.73,Delivered,4,,66,15
2015-02-19,3860,2015-03-08,887,Greater Accra,West,Express,Health and beauty,Makeup,Maybelline Foundation,417.97,17.22,1,435.19,Delivered,3,,35,17
2017-10-08,3861,2017-10-19,417,Ashanti,West,Shipped from Abroad,Fashion,Clothing,Men's Denim Jacket,637.35,25.4,4,2574.8,Delivered,3,,54,11
2015-02-18,3862,2015-03-09,357,Western,West,Shipped from Abroad,Health and beauty,Personal Care,Aichun Beauty Essential Oil,620.94,26.45,2,1268.33,Delivered,3,,45,19
2016-06-02,3863,2016-06-20,753,Volta,South,Shipped from Abroad,Home and Office,Stationery,Moleskine Notebook,253.36,5.94,5,1272.74,Delivered,2,,33,18
2018-04-07,3864,2018-04-14,55,Western,North,Express,Fashion,Accessories,Leather Wallet,72.22,22.63,1,94.85,Delivered,1,,62,7
2015-08-31,3865,2015-09-05,961,Greater Accra,North,Standard Delivery,Fashion,Clothing,100% Cotton 4 Piece T-Shirts,1203.89,12.9,1,1216.79,Delivered,3,,20,5
2017-01-22,3866,2017-01-29,661,Weija,North,Standard Delivery,Health and beauty,Personal Care,Aichun Beauty Essential Oil,943.95,40.17,4,3815.97,Cancelled,2,Changed Mind,47,7
2015-11-10,3867,2015-11-29,539,Western,East,Express,Phones and Tablet,Tablets,iPad Air 4th Gen,686.73,36.57,3,2096.76,Delivered,1,,60,19
2020-08-29,3868,2020-09-12,100,Weija,North,Express,Home and Office,Stationery,Moleskine Notebook,813.74,10.02,1,823.76,Delivered,1,,67,14
2018-12-12,3869,2018-12-17,495,Weija,East,Shipped from Abroad,Health and beauty,Makeup,MAC Lipstick,1467.56,40.54,5,7378.34,Returned,2,Changed Mind,65,5
2019-06-28,3870,2019-07-04,927,Ashanti,North,Express,Home and Office,Furniture,8 Cubes Plastic Wardrobe,959.42,10.58,2,1929.42,Delivered,3,,23,6
2018-11-24,3871,2018-12-01,58,Volta,Central,Standard Delivery,Fashion,Accessories,Polarized Sunglasses,1081.0,34.69,5,5439.69,Delivered,4,,33,7
2016-06-25,3872,2016-07-08,927,Weija,North,Shipped from Abroad,Phones and Tablet,Tablets,iPad Air 4th Gen,10.35,27.23,4,68.63,Delivered,1,,23,13
2016-03-18,3873,2016-03-26,248,Volta,East,Express,Fashion,Shoes,Adidas Ultraboost,780.71,18.79,4,3141.63,Delivered,1,,65,8
2018-02-02,3874,2018-02-11,543,Volta,East,Standard Delivery,Home and Office,Stationery,Moleskine Notebook,1228.42,13.01,4,4926.69,Delivered,2,,30,9
2019-12-15,3875,2019-12-29,768,Greater Accra,South,Express,Electronics,Home Theatre,Sony 5.1 Home Theatre,1126.07,18.37,5,5648.72,Delivered,3,,52,14
2020-02-10,3876,2020-03-01,789,Ashanti,West,Express,Home and Office,Stationery,Parker Pen,945.36,46.96,2,1937.68,Delivered,2,,21,20
2020-02-16,3877,2020-02-20,603,Western,North,Standard Delivery,Fashion,Shoes,Nike Air Max,726.93,33.54,1,760.47,Delivered,3,,63,4
2015-11-13,3878,2015-12-01,698,Volta,Central,Shipped from Abroad,Phones and Tablet,Tablets,Amazon Fire HD 8 Kids Tablet,316.25,37.95,4,1302.95,Returned,2,Defective,18,18
2015-06-27,3879,2015-06-30,204,Ashanti,South,Shipped from Abroad,Phones and Tablet,Mobile phones,iPhone 12,317.07,42.56,4,1310.84,Returned,2,Not as expected,35,3
2018-04-10,3880,2018-04-29,626,Ashanti,North,Standard Delivery,Phones and Tablet,Mobile phones,Samsung Galaxy A02,1224.97,35.9,5,6160.75,Returned,2,Arrived Late,39,19
2018-07-16,3881,2018-08-05,90,Weija,East,Shipped from Abroad,Electronics,Digital Cameras,Nikon D3500,424.34,24.56,5,2146.26,Delivered,2,,21,20
2018-07-16,3882,2018-07-27,165,Weija,East,Shipped from Abroad,Electronics,Smartwatches,Samsung Galaxy Watch 3,1208.65,24.91,3,3650.86,Delivered,2,,58,11
2018-08-24,3883,2018-08-30,72,Volta,Central,Express,Phones and Tablet,Tablets,Amazon Fire HD 8 Kids Tablet,1133.84,11.03,4,4546.39,Delivered,4,,49,6
2020-10-19,3884,2020-11-06,645,Oti,South,Shipped from Abroad,Home and Office,Stationery,Moleskine Notebook,1100.22,13.29,2,2213.73,Delivered,2,,51,18
2018-11-17,3885,2018-11-30,874,Upper East,East,Standard Delivery,Home and Office,Furniture,Ergonomic Office Chair,392.06,32.21,5,1992.51,Delivered,2,,30,13
2016-11-16,3886,2016-12-02,643,Weija,West,Standard Delivery,Home and Office,Stationery,Parker Pen,375.24,26.15,3,1151.87,Returned,1,Not as expected,32,16
2020-06-08,3887,2020-06-22,986,Ashanti,West,Standard Delivery,Health and beauty,Personal Care,Avon Soft Musk Spray,1215.83,37.97,2,2469.63,Cancelled,2,Changed Mind,42,14
2019-08-30,3888,2019-09-17,610,Upper East,West,Express,Health and beauty,Makeup,MAC Lipstick,676.03,45.79,2,1397.85,Delivered,3,,32,18
2015-11-23,3889,2015-12-01,984,Western,West,Standard Delivery,Fashion,Accessories,Polarized Sunglasses,1000.03,45.37,1,1045.4,Delivered,4,,24,8
2020-01-12,3890,2020-02-01,128,Western,West,Express,Phones and Tablet,Tablets,Amazon Fire HD 8 Kids Tablet,432.21,37.8,1,470.01,Delivered,3,,66,20
2018-02-03,3891,2018-02-07,822,Ashanti,Central,Shipped from Abroad,Health and beauty,Personal Care,Avon Soft Musk Spray,410.74,31.54,3,1263.76,Returned,2,Changed Mind,70,4
2017-11-12,3892,2017-12-02,851,Western,East,Shipped from Abroad,Home and Office,Stationery,Moleskine Notebook,1385.43,17.47,3,4173.76,Delivered,4,,64,20
2019-03-09,3893,2019-03-12,488,Western,North,Express,Health and beauty,Makeup,MAC Lipstick,1262.84,45.02,3,3833.54,Delivered,2,,43,3
2016-03-07,3894,2016-03-23,722,Upper East,West,Standard Delivery,Electronics,Home Theatre,Sony 5.1 Home Theatre,1146.78,12.97,2,2306.53,Delivered,5,,38,16
2015-07-21,3895,2015-08-09,199,Oti,East,Standard Delivery,Phones and Tablet,Mobile phones,Infinix Smart HD X612,1158.75,41.64,2,2359.14,Delivered,5,,24,19
2018-03-30,3896,2018-04-16,895,Oti,Central,Express,Fashion,Clothing,100% Cotton 4 Piece T-Shirts,353.2,5.74,1,358.94,Delivered,3,,42,17
2015-01-18,3897,2015-01-28,646,Upper East,South,Express,Electronics,Digital Cameras,Nikon D3500,659.06,30.55,2,1348.67,Delivered,2,,56,10
2015-11-16,3898,2015-12-05,680,Upper East,West,Shipped from Abroad,Health and beauty,Makeup,Maybelline Foundation,205.45,27.21,4,849.01,Returned,2,Arrived Late,69,19
2015-05-07,3899,2015-05-23,756,Ashanti,North,Express,Fashion,Clothing,Men's Denim Jacket,820.63,47.26,5,4150.41,Returned,1,Changed Mind,45,16
2015-10-28,3900,2015-11-12,447,Western,West,Standard Delivery,Fashion,Clothing,Men's Denim Jacket,399.5,39.79,4,1637.79,Returned,1,Not as expected,57,15
2019-05-25,3901,2019-06-02,885,Ashanti,Central,Shipped from Abroad,Home and Office,Stationery,Moleskine Notebook,950.13,38.5,1,988.63,Delivered,5,,40,8
2018-11-04,3902,2018-11-22,318,Western,East,Express,Health and beauty,Makeup,MAC Lipstick,71.89,41.05,3,256.72,Delivered,3,,25,18
2018-03-19,3903,2018-03-23,883,Greater Accra,North,Express,Home and Office,Stationery,Parker Pen,1377.15,7.44,5,6893.19,Cancelled,2,Changed Mind,33,4
2017-07-22,3904,2017-08-02,530,Upper East,West,Express,Health and beauty,Personal Care,Aichun Beauty Essential Oil,91.99,21.94,5,481.89,Returned,1,Arrived Late,44,11
2015-01-05,3905,2015-01-17,155,Ashanti,North,Shipped from Abroad,Electronics,Smartwatches,Samsung Galaxy Watch 3,908.92,31.81,2,1849.65,Delivered,2,,36,12
2020-01-25,3906,2020-01-27,631,Western,West,Express,Home and Office,Stationery,Moleskine Notebook,605.41,8.74,4,2430.38,Returned,2,Not as expected,23,2
2020-12-01,3907,2020-12-04,591,Volta,West,Shipped from Abroad,Home and Office,Furniture,8 Cubes Plastic Wardrobe,288.64,23.51,5,1466.71,Delivered,4,,24,3
2019-09-26,3908,2019-09-30,4,Ashanti,Central,Express,Phones and Tablet,Tablets,Amazon Fire HD 8 Kids Tablet,1382.45,22.15,2,2787.05,Cancelled,2,Not as expected,43,4
2018-04-24,3909,2018-04-29,720,Volta,Central,Express,Fashion,Clothing,100% Cotton 4 Piece T-Shirts,754.3,10.24,2,1518.84,Delivered,3,,18,5
2015-01-24,3910,2015-01-26,820,Upper East,West,Express,Home and Office,Furniture,8 Cubes Plastic Wardrobe,132.44,34.82,1,167.26,Delivered,3,,27,2
2018-02-18,3911,2018-03-06,555,Upper East,West,Shipped from Abroad,Health and beauty,Personal Care,Aichun Beauty Essential Oil,62.8,45.22,2,170.82,Delivered,4,,47,16
2019-09-04,3912,2019-09-16,832,Greater Accra,North,Standard Delivery,Home and Office,Furniture,Ergonomic Office Chair,629.94,9.85,1,639.79,Delivered,3,,51,12
2016-05-11,3913,2016-05-19,638,Greater Accra,North,Shipped from Abroad,Home and Office,Stationery,Moleskine Notebook,657.22,37.68,5,3323.78,Delivered,2,,37,8
2020-07-22,3914,2020-08-01,885,Weija,Central,Standard Delivery,Home and Office,Furniture,8 Cubes Plastic Wardrobe,1430.67,45.4,3,4337.41,Delivered,2,,40,10
2015-04-02,3915,2015-04-16,278,Greater Accra,North,Shipped from Abroad,Home and Office,Furniture,8 Cubes Plastic Wardrobe,202.51,36.79,2,441.81,Delivered,5,,64,14
2016-08-17,3916,2016-08-23,231,Weija,West,Shipped from Abroad,Health and beauty,Makeup,MAC Lipstick,254.05,33.49,1,287.54,Delivered,4,,43,6
2015-08-28,3917,2015-09-05,712,Weija,East,Shipped from Abroad,Home and Office,Stationery,Parker Pen,1371.13,21.63,2,2763.89,Delivered,3,,33,8
2016-11-15,3918,2016-12-02,290,Volta,South,Standard Delivery,Phones and Tablet,Tablets,iPad Air 4th Gen,1184.1,13.13,2,2381.33,Cancelled,2,Arrived Late,24,17
2018-01-23,3919,2018-02-12,106,Western,Central,Standard Delivery,Electronics,Smartwatches,Apple Watch Series 6,939.2,26.71,1,965.91,Returned,1,Arrived Late,27,20
2015-04-30,3920,2015-05-06,941,Western,South,Standard Delivery,Phones and Tablet,Mobile phones,Infinix Smart HD X612,816.02,16.16,2,1648.2,Cancelled,1,Not as expected,65,6
2016-10-15,3921,2016-10-24,336,Ashanti,Central,Standard Delivery,Electronics,Digital Cameras,Nikon D3500,572.11,29.49,3,1745.82,Returned,2,Changed Mind,21,9
2019-11-29,3922,2019-12-16,812,Upper East,Central,Shipped from Abroad,Fashion,Clothing,100% Cotton 4 Piece T-Shirts,777.57,22.54,5,3910.39,Delivered,3,,44,17
2015-03-23,3923,2015-04-08,527,Upper East,South,Shipped from Abroad,Phones and Tablet,Mobile phones,Samsung Galaxy A02,19.2,27.86,2,66.26,Returned,1,Defective,43,16
2020-05-01,3924,2020-05-10,461,Oti,Central,Shipped from Abroad,Phones and Tablet,Tablets,iPad Air 4th Gen,1339.18,31.4,5,6727.3,Delivered,1,,56,9
2020-07-13,3925,2020-07-22,709,Western,East,Standard Delivery,Home and Office,Furniture,Ergonomic Office Chair,1206.82,30.91,3,3651.37,Delivered,4,,24,9
2020-05-21,3926,2020-05-26,768,Greater Accra,North,Shipped from Abroad,Home and Office,Stationery,Parker Pen,276.9,41.55,5,1426.05,Delivered,2,,52,5
2019-09-20,3927,2019-10-08,995,Oti,East,Shipped from Abroad,Home and Office,Furniture,Ergonomic Office Chair,1321.07,11.44,4,5295.72,Delivered,1,,58,18
2017-04-28,3928,2017-05-15,796,Upper East,North,Shipped from Abroad,Home and Office,Stationery,Moleskine Notebook,214.95,8.03,3,652.88,Delivered,4,,35,17
2018-10-18,3929,2018-10-28,159,Oti,Central,Shipped from Abroad,Home and Office,Stationery,Moleskine Notebook,208.26,12.34,2,428.86,Delivered,3,,49,10
2017-04-14,3930,2017-04-17,101,Upper East,North,Standard Delivery,Home and Office,Furniture,Ergonomic Office Chair,261.1,49.4,5,1354.9,Returned,2,Defective,37,3
2020-06-16,3931,2020-06-28,649,Western,North,Standard Delivery,Home and Office,Furniture,8 Cubes Plastic Wardrobe,349.08,44.66,5,1790.06,Delivered,1,,24,12
2018-07-10,3932,2018-07-24,144,Volta,West,Shipped from Abroad,Health and beauty,Makeup,MAC Lipstick,305.61,16.15,4,1238.59,Delivered,1,,65,14
2017-10-24,3933,2017-10-30,33,Volta,Central,Express,Fashion,Shoes,Adidas Ultraboost,1031.55,5.92,3,3100.57,Returned,1,Not as expected,21,6
2017-11-09,3934,2017-11-15,587,Weija,North,Standard Delivery,Home and Office,Furniture,Ergonomic Office Chair,1163.88,8.68,1,1172.56,Delivered,3,,69,6
2020-01-05,3935,2020-01-23,783,Ashanti,West,Express,Phones and Tablet,Mobile phones,Samsung Galaxy A02,1302.8,24.38,2,2629.98,Returned,2,Arrived Late,59,18
2018-01-27,3936,2018-01-31,853,Volta,North,Standard Delivery,Electronics,Digital Cameras,Canon EOS 600D 18MP CMOS DSLR,1226.95,29.02,1,1255.97,Delivered,5,,64,4
2018-12-12,3937,2018-12-28,459,Volta,South,Shipped from Abroad,Fashion,Clothing,100% Cotton 4 Piece T-Shirts,1030.11,26.54,3,3116.87,Delivered,2,,57,16
2018-09-20,3938,2018-10-09,41,Ashanti,North,Shipped from Abroad,Fashion,Shoes,Nike Air Max,29.62,30.02,4,148.5,Delivered,4,,28,19
2017-09-03,3939,2017-09-11,847,Western,Central,Shipped from Abroad,Phones and Tablet,Tablets,iPad Air 4th Gen,1418.53,31.63,4,5705.75,Returned,1,Changed Mind,46,8
2016-08-05,3940,2016-08-24,286,Ashanti,South,Standard Delivery,Home and Office,Furniture,Ergonomic Office Chair,535.31,47.79,3,1653.72,Delivered,3,,32,19
2016-09-19,3941,2016-09-28,680,Weija,North,Shipped from Abroad,Phones and Tablet,Mobile phones,Samsung Galaxy A02,631.01,41.42,1,672.43,Returned,2,Not as expected,69,9
2018-03-25,3942,2018-04-01,259,Oti,North,Standard Delivery,Phones and Tablet,Tablets,iPad Air 4th Gen,1193.06,5.5,2,2391.62,Delivered,3,,45,7
2016-09-23,3943,2016-09-26,684,Western,West,Express,Health and beauty,Makeup,MAC Lipstick,122.81,17.39,2,263.01,Returned,1,Not as expected,40,3
2015-01-28,3944,2015-02-05,188,Upper East,Central,Standard Delivery,Health and beauty,Makeup,MAC Lipstick,242.92,49.0,5,1263.6,Delivered,4,,50,8
2019-07-03,3945,2019-07-14,320,Upper East,East,Shipped from Abroad,Electronics,Smartwatches,Apple Watch Series 6,20.28,37.73,2,78.29,Returned,1,Changed Mind,59,11
2016-07-22,3946,2016-08-01,936,Upper East,East,Shipped from Abroad,Home and Office,Stationery,Moleskine Notebook,1356.02,33.45,2,2745.49,Returned,1,Defective,28,10
2017-12-11,3947,2017-12-22,820,Oti,South,Standard Delivery,Electronics,Smartwatches,Apple Watch Series 6,1108.6,48.67,2,2265.87,Returned,2,Not as expected,27,11
2020-09-03,3948,2020-09-06,533,Oti,Central,Standard Delivery,Health and beauty,Personal Care,Aichun Beauty Essential Oil,768.83,29.49,2,1567.15,Delivered,2,,70,3
2015-06-29,3949,2015-07-01,157,Western,East,Standard Delivery,Electronics,Home Theatre,Sony 5.1 Home Theatre,506.43,25.85,1,532.28,Returned,2,Arrived Late,42,2
2016-05-15,3950,2016-05-21,762,Weija,East,Shipped from Abroad,Electronics,Home Theatre,LG Soundbar,338.49,16.66,4,1370.62,Returned,1,Not as expected,26,6
2017-03-25,3951,2017-04-14,117,Ashanti,West,Shipped from Abroad,Electronics,Home Theatre,LG Soundbar,1297.12,26.82,5,6512.42,Returned,2,Not as expected,26,20
2020-08-18,3952,2020-08-28,176,Volta,East,Shipped from Abroad,Home and Office,Furniture,8 Cubes Plastic Wardrobe,388.29,48.26,4,1601.42,Returned,1,Changed Mind,59,10
2016-03-23,3953,2016-04-10,595,Upper East,West,Standard Delivery,Fashion,Clothing,100% Cotton 4 Piece T-Shirts,725.43,20.49,4,2922.21,Returned,1,Arrived Late,28,18
2019-08-09,3954,2019-08-14,374,Oti,Central,Shipped from Abroad,Electronics,Digital Cameras,Nikon D3500,1336.76,17.6,5,6701.4,Cancelled,2,Arrived Late,62,5
2017-09-19,3955,2017-10-07,435,Oti,South,Standard Delivery,Health and beauty,Personal Care,Aichun Beauty Essential Oil,382.52,36.95,1,419.47,Delivered,3,,59,18
2016-11-01,3956,2016-11-06,184,Greater Accra,East,Express,Electronics,Home Theatre,LG Soundbar,1498.48,14.01,3,4509.45,Cancelled,2,Not as expected,37,5
2017-07-17,3957,2017-07-28,758,Volta,Central,Express,Health and beauty,Makeup,MAC Lipstick,1384.53,43.42,1,1427.95,Cancelled,1,Arrived Late,59,11
2018-06-14,3958,2018-07-01,21,Ashanti,North,Standard Delivery,Electronics,Home Theatre,Sony 5.1 Home Theatre,1338.04,20.92,5,6711.12,Delivered,2,,62,17
2018-03-15,3959,2018-03-30,242,Oti,Central,Express,Phones and Tablet,Tablets,iPad Air 4th Gen,196.27,17.63,4,802.71,Delivered,4,,56,15
2015-03-18,3960,2015-04-01,485,Upper East,West,Shipped from Abroad,Phones and Tablet,Tablets,iPad Air 4th Gen,545.66,27.39,3,1664.37,Delivered,4,,30,14
2019-07-26,3961,2019-07-30,718,Volta,North,Express,Health and beauty,Makeup,MAC Lipstick,1365.73,14.06,1,1379.79,Returned,1,Changed Mind,20,4
2015-09-20,3962,2015-09-23,442,Volta,West,Express,Electronics,Home Theatre,Sony 5.1 Home Theatre,411.91,39.79,1,451.7,Delivered,1,,51,3
2015-10-02,3963,2015-10-10,194,Upper East,Central,Shipped from Abroad,Fashion,Accessories,Polarized Sunglasses,795.07,25.35,1,820.42,Delivered,3,,21,8
2020-10-08,3964,2020-10-19,100,Western,North,Express,Fashion,Shoes,Nike Air Max,1282.47,11.23,1,1293.7,Delivered,1,,67,11
2016-10-25,3965,2016-11-06,6,Weija,South,Standard Delivery,Electronics,Smartwatches,Apple Watch Series 6,1113.78,13.1,1,1126.88,Delivered,2,,51,12
2015-08-12,3966,2015-08-24,845,Ashanti,Central,Standard Delivery,Home and Office,Furniture,8 Cubes Plastic Wardrobe,979.41,9.47,1,988.88,Returned,1,Defective,23,12
2018-11-12,3967,2018-11-30,642,Ashanti,South,Express,Phones and Tablet,Tablets,Amazon Fire HD 8 Kids Tablet,90.29,18.72,5,470.17,Delivered,4,,23,18
2015-10-27,3968,2015-11-14,58,Oti,Central,Express,Phones and Tablet,Tablets,Amazon Fire HD 8 Kids Tablet,288.17,34.79,1,322.96,Returned,2,Arrived Late,33,18
2016-03-13,3969,2016-03-22,297,Upper East,South,Shipped from Abroad,Fashion,Accessories,Leather Wallet,1138.24,27.33,1,1165.57,Delivered,3,,47,9
2015-10-15,3970,2015-10-22,661,Upper East,East,Shipped from Abroad,Health and beauty,Makeup,Maybelline Foundation,881.13,13.1,3,2656.49,Returned,2,Changed Mind,47,7
2020-04-30,3971,2020-05-10,784,Oti,Central,Shipped from Abroad,Home and Office,Stationery,Parker Pen,886.46,15.06,3,2674.44,Delivered,1,,57,10
2016-11-24,3972,2016-12-08,751,Volta,Central,Shipped from Abroad,Electronics,Home Theatre,LG Soundbar,750.93,32.5,2,1534.36,Delivered,3,,31,14
2020-04-29,3973,2020-05-13,686,Ashanti,East,Standard Delivery,Health and beauty,Personal Care,Aichun Beauty Essential Oil,1145.06,42.6,5,5767.9,Delivered,4,,30,14
2015-09-30,3974,2015-10-06,352,Volta,South,Standard Delivery,Electronics,Digital Cameras,Sony Alpha a6000,734.62,14.45,1,749.07,Delivered,2,,40,6
2020-08-01,3975,2020-08-04,775,Ashanti,East,Express,Phones and Tablet,Tablets,Amazon Fire HD 8 Kids Tablet,703.58,8.75,2,1415.91,Delivered,3,,36,3
2018-07-20,3976,2018-08-04,801,Volta,Central,Shipped from Abroad,Home and Office,Furniture,Ergonomic Office Chair,239.24,33.81,2,512.29,Cancelled,1,Arrived Late,63,15
2016-03-25,3977,2016-04-11,686,Oti,South,Shipped from Abroad,Home and Office,Stationery,Parker Pen,278.95,19.4,1,298.35,Delivered,2,,30,17
2020-04-09,3978,2020-04-28,529,Western,South,Express,Home and Office,Stationery,Parker Pen,688.49,36.12,5,3478.57,Delivered,4,,42,19
2016-11-07,3979,2016-11-27,212,Volta,North,Standard Delivery,Fashion,Shoes,Adidas Ultraboost,1078.49,45.73,1,1124.22,Delivered,3,,49,20
2017-02-06,3980,2017-02-15,619,Weija,South,Express,Phones and Tablet,Mobile phones,Infinix Smart HD X612,622.8,17.2,1,640.0,Delivered,5,,22,9
2020-08-26,3981,2020-08-29,657,Volta,Central,Shipped from Abroad,Fashion,Clothing,Men's Denim Jacket,693.91,20.24,4,2795.88,Cancelled,1,Changed Mind,21,3
2019-02-13,3982,2019-03-04,850,Oti,North,Express,Phones and Tablet,Mobile phones,Infinix Smart HD X612,850.84,37.58,2,1739.26,Delivered,2,,34,19
2016-06-17,3983,2016-06-29,689,Volta,North,Express,Home and Office,Stationery,Moleskine Notebook,1444.36,27.72,5,7249.52,Delivered,3,,20,12
2015-11-18,3984,2015-12-04,691,Upper East,South,Express,Fashion,Shoes,Nike Air Max,517.4,32.89,2,1067.69,Delivered,4,,21,16
2018-06-05,3985,2018-06-19,799,Volta,East,Standard Delivery,Home and Office,Stationery,Moleskine Notebook,13.64,27.62,5,95.82,Delivered,2,,62,14
2016-01-28,3986,2016-02-09,553,Ashanti,Central,Shipped from Abroad,Home and Office,Stationery,Parker Pen,196.78,24.4,1,221.18,Delivered,5,,59,12
2018-05-27,3987,2018-06-03,518,Weija,North,Express,Health and beauty,Personal Care,Aichun Beauty Essential Oil,847.94,45.35,2,1741.23,Delivered,5,,57,7
2018-01-17,3988,2018-02-05,132,Volta,East,Express,Phones and Tablet,Tablets,Amazon Fire HD 8 Kids Tablet,1360.06,21.24,5,6821.54,Cancelled,2,Not as expected,21,19
2018-02-26,3989,2018-03-11,702,Western,Central,Standard Delivery,Home and Office,Stationery,Parker Pen,886.71,49.25,1,935.96,Delivered,3,,69,13
2019-07-23,3990,2019-08-10,640,Upper East,Central,Express,Phones and Tablet,Tablets,iPad Air 4th Gen,320.41,37.45,5,1639.5,Returned,2,Changed Mind,54,18
2018-02-24,3991,2018-03-05,886,Greater Accra,Central,Express,Health and beauty,Personal Care,Aichun Beauty Essential Oil,931.12,34.49,4,3758.97,Delivered,3,,55,9
2020-03-04,3992,2020-03-09,128,Western,North,Shipped from Abroad,Fashion,Clothing,100% Cotton 4 Piece T-Shirts,1316.39,32.5,3,3981.67,Delivered,2,,66,5
2016-07-23,3993,2016-08-11,111,Weija,East,Shipped from Abroad,Electronics,Smartwatches,Apple Watch Series 6,687.35,46.35,1,733.7,Returned,1,Not as expected,52,19
2016-05-24,3994,2016-06-02,294,Upper East,South,Standard Delivery,Fashion,Accessories,Leather Wallet,1270.98,30.89,2,2572.85,Delivered,4,,46,9
2018-07-13,3995,2018-07-24,370,Weija,Central,Shipped from Abroad,Health and beauty,Makeup,Maybelline Foundation,61.63,45.33,1,106.96,Delivered,1,,24,11
2015-09-06,3996,2015-09-19,132,Weija,North,Shipped from Abroad,Phones and Tablet,Tablets,iPad Air 4th Gen,1366.96,10.79,5,6845.59,Returned,1,Not as expected,21,13
2017-05-15,3997,2017-05-29,906,Upper East,West,Express,Home and Office,Stationery,Moleskine Notebook,960.27,8.91,2,1929.45,Delivered,1,,53,14
2020-04-21,3998,2020-04-26,754,Greater Accra,South,Shipped from Abroad,Phones and Tablet,Tablets,iPad Air 4th Gen,359.16,36.37,3,1113.85,Delivered,3,,22,5
2017-05-17,3999,2017-06-02,688,Ashanti,South,Shipped from Abroad,Health and beauty,Personal Care,Aichun Beauty Essential Oil,756.01,35.19,2,1547.21,Delivered,3,,46,16
2016-12-18,4000,2016-12-27,797,Upper East,West,Express,Health and beauty,Personal Care,Aichun Beauty Essential Oil,788.52,31.1,4,3185.18,Returned,2,Arrived Late,22,9
2020-05-06,4001,2020-05-25,17,Ashanti,Central,Shipped from Abroad,Health and beauty,Makeup,MAC Lipstick,1069.5,5.95,3,3214.45,Delivered,1,,51,19
2020-11-13,4002,2020-11-28,993,Volta,East,Shipped from Abroad,Fashion,Accessories,Polarized Sunglasses,1437.44,11.26,2,2886.14,Delivered,3,,64,15
2016-04-25,4003,2016-05-11,436,Upper East,West,Shipped from Abroad,Electronics,Smartwatches,Samsung Galaxy Watch 3,434.53,26.75,3,1330.34,Delivered,1,,66,16
2020-04-09,4004,2020-04-29,975,Oti,West,Standard Delivery,Home and Office,Stationery,Moleskine Notebook,230.37,49.97,2,510.71,Delivered,2,,24,20
2017-03-16,4005,2017-03-24,882,Upper East,Central,Express,Health and beauty,Makeup,Maybelline Foundation,1081.23,15.65,4,4340.57,Delivered,2,,66,8
2017-03-07,4006,2017-03-14,388,Western,South,Standard Delivery,Home and Office,Furniture,8 Cubes Plastic Wardrobe,1056.09,9.77,2,2121.95,Delivered,3,,18,7
2016-05-19,4007,2016-05-31,816,Upper East,South,Express,Home and Office,Furniture,8 Cubes Plastic Wardrobe,290.29,20.42,1,310.71,Delivered,2,,21,12
2016-03-21,4008,2016-04-05,920,Oti,East,Shipped from Abroad,Phones and Tablet,Mobile phones,Samsung Galaxy A02,592.67,9.34,4,2380.02,Returned,1,Not as expected,50,15
2018-02-13,4009,2018-03-01,331,Weija,West,Shipped from Abroad,Home and Office,Furniture,8 Cubes Plastic Wardrobe,1385.66,45.23,2,2816.55,Delivered,3,,30,16
2020-11-03,4010,2020-11-10,256,Western,East,Express,Health and beauty,Personal Care,Avon Soft Musk Spray,1064.55,49.2,1,1113.75,Delivered,5,,67,7
2019-11-04,4011,2019-11-14,9,Oti,Central,Shipped from Abroad,Electronics,Home Theatre,LG Soundbar,228.29,43.22,1,271.51,Delivered,2,,70,10
2020-02-15,4012,2020-02-25,207,Volta,North,Express,Fashion,Clothing,100% Cotton 4 Piece T-Shirts,608.66,28.78,5,3072.08,Delivered,4,,37,10
2019-08-27,4013,2019-09-09,974,Greater Accra,West,Express,Health and beauty,Personal Care,Avon Soft Musk Spray,96.02,36.25,4,420.33,Returned,1,Changed Mind,39,13
2020-04-16,4014,2020-04-27,13,Western,West,Standard Delivery,Electronics,Smartwatches,Apple Watch Series 6,543.18,34.04,5,2749.94,Delivered,2,,40,11
2018-12-24,4015,2019-01-11,16,Greater Accra,East,Standard Delivery,Phones and Tablet,Mobile phones,Samsung Galaxy A02,762.85,9.0,1,771.85,Delivered,3,,70,18
2019-07-22,4016,2019-07-28,946,Upper East,South,Shipped from Abroad,Phones and Tablet,Tablets,Amazon Fire HD 8 Kids Tablet,606.66,12.64,2,1225.96,Returned,2,Changed Mind,42,6
2018-05-10,4017,2018-05-13,283,Ashanti,Central,Shipped from Abroad,Health and beauty,Personal Care,Aichun Beauty Essential Oil,539.11,13.73,1,552.84,Delivered,1,,61,3
2017-11-29,4018,2017-12-01,19,Upper East,South,Express,Health and beauty,Personal Care,Avon Soft Musk Spray,1379.08,6.27,4,5522.59,Delivered,2,,44,2
2018-06-30,4019,2018-07-06,142,Greater Accra,North,Express,Phones and Tablet,Tablets,Amazon Fire HD 8 Kids Tablet,868.78,25.89,1,894.67,Delivered,1,,35,6
2015-08-24,4020,2015-08-31,55,Oti,South,Shipped from Abroad,Health and beauty,Makeup,MAC Lipstick,121.67,38.52,2,281.86,Delivered,2,,62,7
2020-04-07,4021,2020-04-24,250,Greater Accra,Central,Standard Delivery,Fashion,Clothing,100% Cotton 4 Piece T-Shirts,1184.77,8.61,2,2378.15,Delivered,4,,23,17
2016-06-21,4022,2016-07-02,245,Volta,South,Standard Delivery,Fashion,Shoes,Nike Air Max,890.04,23.83,4,3583.99,Delivered,4,,22,11
2017-02-07,4023,2017-02-21,614,Volta,West,Express,Phones and Tablet,Tablets,Amazon Fire HD 8 Kids Tablet,135.39,46.33,1,181.72,Delivered,2,,21,14
2019-12-26,4024,2020-01-15,434,Greater Accra,West,Standard Delivery,Home and Office,Stationery,Parker Pen,1486.09,49.25,2,3021.43,Returned,1,Not as expected,65,20
2020-03-31,4025,2020-04-17,514,Weija,West,Shipped from Abroad,Electronics,Digital Cameras,Nikon D3500,127.2,13.17,1,140.37,Returned,2,Defective,36,17
2020-05-06,4026,2020-05-19,652,Weija,West,Standard Delivery,Electronics,Home Theatre,Sony 5.1 Home Theatre,480.65,8.29,1,488.94,Delivered,3,,65,13
2015-04-28,4027,2015-05-05,550,Ashanti,North,Express,Electronics,Home Theatre,Sony 5.1 Home Theatre,938.54,36.05,1,974.59,Cancelled,2,Changed Mind,58,7
2018-03-23,4028,2018-03-28,500,Ashanti,East,Express,Phones and Tablet,Tablets,Amazon Fire HD 8 Kids Tablet,862.39,35.91,4,3485.47,Returned,1,Arrived Late,49,5
2016-02-12,4029,2016-02-16,378,Western,West,Standard Delivery,Phones and Tablet,Mobile phones,Infinix Smart HD X612,695.94,31.88,3,2119.7,Delivered,3,,44,4
2016-10-10,4030,2016-10-27,941,Upper East,East,Shipped from Abroad,Phones and Tablet,Mobile phones,iPhone 12,1088.43,14.94,4,4368.66,Delivered,3,,65,17
2015-10-26,4031,2015-11-15,845,Weija,North,Standard Delivery,Phones and Tablet,Mobile phones,iPhone 12,1167.47,37.17,4,4707.05,Returned,2,Arrived Late,23,20
2018-09-15,4032,2018-09-30,732,Upper East,North,Standard Delivery,Home and Office,Furniture,8 Cubes Plastic Wardrobe,616.99,13.0,4,2480.96,Delivered,1,,69,15
2019-12-24,4033,2019-12-28,293,Weija,South,Shipped from Abroad,Health and beauty,Makeup,MAC Lipstick,85.99,14.64,2,186.62,Delivered,1,,49,4
2017-04-05,4034,2017-04-20,729,Western,East,Standard Delivery,Phones and Tablet,Tablets,Amazon Fire HD 8 Kids Tablet,142.05,48.56,3,474.71,Delivered,3,,61,15
2015-04-06,4035,2015-04-15,920,Greater Accra,North,Standard Delivery,Health and beauty,Personal Care,Avon Soft Musk Spray,525.37,10.33,1,535.7,Delivered,5,,50,9
2019-12-24,4036,2020-01-07,387,Upper East,South,Shipped from Abroad,Phones and Tablet,Tablets,Amazon Fire HD 8 Kids Tablet,497.33,39.75,2,1034.41,Delivered,1,,28,14
2018-09-16,4037,2018-09-24,951,Ashanti,Central,Shipped from Abroad,Home and Office,Stationery,Parker Pen,1134.97,48.31,1,1183.28,Delivered,1,,48,8
2017-02-12,4038,2017-03-01,747,Greater Accra,Central,Shipped from Abroad,Fashion,Shoes,Adidas Ultraboost,1182.79,40.17,4,4771.33,Delivered,3,,54,17
2019-09-05,4039,2019-09-20,736,Ashanti,East,Standard Delivery,Electronics,Home Theatre,Sony 5.1 Home Theatre,480.0,41.29,1,521.29,Delivered,2,,33,15
2019-05-15,4040,2019-05-19,423,Greater Accra,East,Express,Electronics,Home Theatre,Sony 5.1 Home Theatre,1171.37,28.11,5,5884.96,Delivered,1,,59,4
2016-06-18,4041,2016-06-20,693,Weija,West,Standard Delivery,Phones and Tablet,Tablets,iPad Air 4th Gen,71.38,45.51,3,259.65,Returned,1,Arrived Late,29,2
2016-04-03,4042,2016-04-12,678,Oti,East,Standard Delivery,Phones and Tablet,Mobile phones,Infinix Smart HD X612,1383.09,19.62,2,2785.8,Delivered,3,,36,9
2017-11-18,4043,2017-12-01,346,Volta,West,Standard Delivery,Phones and Tablet,Mobile phones,iPhone 12,1005.95,15.14,1,1021.09,Delivered,1,,70,13
2018-09-19,4044,2018-09-24,114,Volta,North,Standard Delivery,Phones and Tablet,Tablets,Amazon Fire HD 8 Kids Tablet,451.24,16.72,4,1821.68,Delivered,3,,35,5
2019-07-22,4045,2019-07-28,1,Western,West,Express,Home and Office,Furniture,Ergonomic Office Chair,830.93,34.8,1,865.73,Returned,2,Not as expected,27,6
2018-11-19,4046,2018-12-08,546,Volta,Central,Shipped from Abroad,Fashion,Clothing,100% Cotton 4 Piece T-Shirts,775.91,7.64,3,2335.37,Delivered,2,,62,19
2017-01-20,4047,2017-02-04,650,Greater Accra,West,Shipped from Abroad,Fashion,Shoes,Nike Air Max,1285.74,46.13,5,6474.83,Delivered,2,,34,15
2015-05-03,4048,2015-05-23,187,Volta,East,Standard Delivery,Home and Office,Stationery,Parker Pen,199.57,7.02,5,1004.87,Returned,1,Arrived Late,47,20
2019-04-27,4049,2019-04-29,26,Western,West,Express,Phones and Tablet,Mobile phones,Samsung Galaxy A02,1376.57,21.28,1,1397.85,Returned,2,Not as expected,60,2
2018-05-09,4050,2018-05-20,566,Oti,Central,Shipped from Abroad,Fashion,Shoes,Nike Air Max,1161.12,41.58,2,2363.82,Delivered,1,,29,11
2015-08-07,4051,2015-08-17,540,Upper East,South,Express,Phones and Tablet,Tablets,iPad Air 4th Gen,1421.08,32.26,4,5716.58,Delivered,1,,53,10
2016-12-01,4052,2016-12-08,689,Volta,East,Express,Phones and Tablet,Mobile phones,Samsung Galaxy A02,500.72,48.16,1,548.88,Returned,2,Not as expected,20,7
2020-08-08,4053,2020-08-27,677,Volta,North,Express,Health and beauty,Makeup,Maybelline Foundation,71.91,15.32,5,374.87,Delivered,1,,45,19
2019-09-02,4054,2019-09-14,659,Western,South,Express,Electronics,Home Theatre,LG Soundbar,456.75,41.06,5,2324.81,Returned,1,Arrived Late,67,12
2018-06-23,4055,2018-07-01,243,Oti,South,Standard Delivery,Home and Office,Furniture,8 Cubes Plastic Wardrobe,1482.98,33.06,3,4482.0,Delivered,3,,61,8
2016-03-12,4056,2016-03-29,493,Upper East,West,Standard Delivery,Health and beauty,Makeup,Maybelline Foundation,1153.78,7.71,5,5776.61,Cancelled,1,Changed Mind,28,17
2015-12-26,4057,2015-12-30,957,Upper East,South,Shipped from Abroad,Home and Office,Stationery,Parker Pen,545.7,18.82,4,2201.62,Delivered,1,,22,4
2015-01-19,4058,2015-02-08,783,Volta,West,Standard Delivery,Home and Office,Stationery,Moleskine Notebook,296.94,42.47,4,1230.23,Delivered,2,,59,20
2015-06-10,4059,2015-06-16,920,Ashanti,South,Shipped from Abroad,Health and beauty,Makeup,MAC Lipstick,892.12,12.44,5,4473.04,Delivered,4,,50,6
2019-06-05,4060,2019-06-21,823,Greater Accra,West,Shipped from Abroad,Health and beauty,Personal Care,Avon Soft Musk Spray,580.46,28.35,2,1189.27,Delivered,2,,29,16
2016-02-21,4061,2016-02-24,94,Ashanti,South,Shipped from Abroad,Electronics,Digital Cameras,Nikon D3500,530.99,36.98,1,567.97,Delivered,3,,50,3
2017-10-20,4062,2017-10-28,30,Volta,Central,Express,Fashion,Shoes,Nike Air Max,1083.91,33.43,3,3285.16,Delivered,3,,48,8
2018-11-29,4063,2018-12-15,634,Greater Accra,Central,Shipped from Abroad,Home and Office,Stationery,Moleskine Notebook,1230.03,23.55,2,2483.61,Returned,1,Arrived Late,57,16
2020-10-19,4064,2020-10-27,282,Oti,East,Standard Delivery,Electronics,Smartwatches,Apple Watch Series 6,551.63,24.55,4,2231.07,Delivered,4,,21,8
2019-03-08,4065,2019-03-25,482,Greater Accra,West,Express,Home and Office,Furniture,8 Cubes Plastic Wardrobe,389.32,8.05,3,1176.01,Delivered,1,,39,17
2019-05-29,4066,2019-06-08,123,Ashanti,East,Express,Phones and Tablet,Tablets,Amazon Fire HD 8 Kids Tablet,413.8,45.09,1,458.89,Delivered,3,,68,10
2020-10-21,4067,2020-10-30,673,Western,East,Shipped from Abroad,Electronics,Digital Cameras,Sony Alpha a6000,407.8,40.33,1,448.13,Delivered,1,,27,9
2015-07-10,4068,2015-07-17,804,Weija,North,Express,Home and Office,Stationery,Parker Pen,1282.66,31.48,2,2596.8,Delivered,5,,68,7
2015-08-29,4069,2015-09-16,982,Greater Accra,South,Express,Phones and Tablet,Mobile phones,Infinix Smart HD X612,83.88,11.43,2,179.19,Delivered,1,,30,18
2018-08-21,4070,2018-09-07,374,Ashanti,Central,Shipped from Abroad,Home and Office,Furniture,8 Cubes Plastic Wardrobe,1369.4,36.73,1,1406.13,Delivered,2,,62,17
2019-07-12,4071,2019-07-23,12,Weija,Central,Express,Fashion,Shoes,Nike Air Max,325.97,11.28,2,663.22,Delivered,2,,28,11
2018-10-21,4072,2018-10-30,193,Western,South,Standard Delivery,Home and Office,Furniture,8 Cubes Plastic Wardrobe,1341.62,20.94,5,6729.04,Delivered,2,,54,9
2016-03-16,4073,2016-03-28,6,Upper East,East,Shipped from Abroad,Home and Office,Furniture,8 Cubes Plastic Wardrobe,758.77,12.68,4,3047.76,Delivered,4,,51,12
2016-12-18,4074,2017-01-06,205,Greater Accra,North,Express,Phones and Tablet,Tablets,Amazon Fire HD 8 Kids Tablet,1300.76,23.38,2,2624.9,Returned,2,Arrived Late,31,19
2020-09-23,4075,2020-09-26,633,Greater Accra,East,Express,Fashion,Accessories,Leather Wallet,1405.7,23.14,5,7051.64,Delivered,2,,60,3
2020-11-12,4076,2020-11-14,790,Ashanti,West,Standard Delivery,Fashion,Shoes,Adidas Ultraboost,448.81,36.65,3,1383.08,Delivered,4,,36,2
2019-09-30,4077,2019-10-11,418,Greater Accra,East,Express,Home and Office,Stationery,Parker Pen,1107.04,37.96,5,5573.16,Delivered,3,,41,11
2017-06-30,4078,2017-07-11,302,Volta,North,Express,Phones and Tablet,Mobile phones,Samsung Galaxy A02,1123.61,34.07,1,1157.68,Cancelled,2,Defective,27,11
2016-12-29,4079,2017-01-15,90,Greater Accra,Central,Express,Electronics,Digital Cameras,Nikon D3500,1464.91,49.21,2,2979.03,Delivered,3,,21,17
2020-07-29,4080,2020-08-13,546,Ashanti,South,Shipped from Abroad,Fashion,Clothing,Men's Denim Jacket,650.83,31.53,4,2634.85,Delivered,3,,62,15
2019-12-15,4081,2019-12-27,747,Ashanti,South,Standard Delivery,Fashion,Shoes,Adidas Ultraboost,1019.05,12.61,4,4088.81,Returned,1,Not as expected,54,12
2015-12-07,4082,2015-12-14,658,Greater Accra,Central,Shipped from Abroad,Phones and Tablet,Mobile phones,iPhone 12,535.64,10.65,5,2688.85,Delivered,1,,27,7
2016-04-25,4083,2016-05-15,708,Oti,West,Express,Phones and Tablet,Mobile phones,Infinix Smart HD X612,21.55,10.17,4,96.37,Delivered,4,,49,20
2016-08-23,4084,2016-09-10,562,Ashanti,West,Shipped from Abroad,Phones and Tablet,Tablets,iPad Air 4th Gen,1283.02,24.7,3,3873.76,Delivered,4,,70,18
2020-05-24,4085,2020-06-11,589,Oti,South,Express,Electronics,Home Theatre,Sony 5.1 Home Theatre,456.5,21.39,2,934.39,Delivered,4,,69,18
2020-04-08,4086,2020-04-16,519,Greater Accra,West,Express,Fashion,Clothing,Men's Denim Jacket,49.9,14.02,3,163.72,Delivered,2,,34,8
2017-08-29,4087,2017-09-13,422,Weija,East,Express,Health and beauty,Personal Care,Avon Soft Musk Spray,1132.77,22.25,4,4553.33,Delivered,1,,68,15
2020-01-30,4088,2020-02-15,176,Weija,North,Express,Phones and Tablet,Mobile phones,Infinix Smart HD X612,1281.48,18.69,2,2581.65,Delivered,3,,59,16
2016-02-24,4089,2016-03-08,605,Volta,North,Standard Delivery,Electronics,Smartwatches,Samsung Galaxy Watch 3,690.08,7.75,4,2768.07,Delivered,2,,43,13
2019-08-23,4090,2019-08-26,135,Weija,East,Standard Delivery,Home and Office,Furniture,8 Cubes Plastic Wardrobe,802.58,29.15,4,3239.47,Delivered,2,,41,3
2019-07-16,4091,2019-07-19,36,Weija,Central,Express,Phones and Tablet,Tablets,iPad Air 4th Gen,1371.33,45.32,4,5530.64,Delivered,3,,69,3
2017-09-27,4092,2017-10-14,715,Upper East,West,Shipped from Abroad,Health and beauty,Personal Care,Avon Soft Musk Spray,891.96,38.57,4,3606.41,Delivered,3,,51,17
2018-08-21,4093,2018-08-28,19,Upper East,Central,Express,Home and Office,Furniture,8 Cubes Plastic Wardrobe,635.25,10.1,3,1915.85,Delivered,3,,44,7
2017-10-14,4094,2017-11-02,182,Greater Accra,South,Shipped from Abroad,Phones and Tablet,Mobile phones,iPhone 12,588.71,36.58,5,2980.13,Delivered,1,,28,19
2018-09-10,4095,2018-09-17,882,Volta,East,Standard Delivery,Home and Office,Stationery,Moleskine Notebook,1153.58,28.95,2,2336.11,Delivered,3,,66,7
2017-07-29,4096,2017-08-16,765,Oti,East,Express,Health and beauty,Personal Care,Aichun Beauty Essential Oil,1194.36,25.36,4,4802.8,Delivered,2,,45,18
2017-01-23,4097,2017-01-31,151,Ashanti,West,Shipped from Abroad,Fashion,Shoes,Nike Air Max,1390.28,7.17,2,2787.73,Delivered,1,,30,8
2016-09-26,4098,2016-10-03,91,Upper East,South,Standard Delivery,Fashion,Clothing,100% Cotton 4 Piece T-Shirts,765.65,31.58,2,1562.88,Delivered,5,,25,7
2018-04-14,4099,2018-04-18,691,Ashanti,East,Express,Fashion,Clothing,100% Cotton 4 Piece T-Shirts,458.49,16.79,2,933.77,Returned,1,Not as expected,21,4
2020-11-01,4100,2020-11-20,731,Weija,North,Standard Delivery,Fashion,Shoes,Nike Air Max,230.79,11.93,4,935.09,Returned,2,Not as expected,50,19
2015-03-11,4101,2015-03-30,271,Oti,North,Express,Home and Office,Furniture,Ergonomic Office Chair,68.88,16.07,1,84.95,Delivered,3,,33,19
2017-06-15,4102,2017-07-05,540,Volta,East,Shipped from Abroad,Health and beauty,Personal Care,Avon Soft Musk Spray,313.82,7.31,5,1576.41,Delivered,3,,53,20
2020-02-25,4103,2020-03-13,961,Oti,East,Standard Delivery,Phones and Tablet,Mobile phones,Samsung Galaxy A02,202.24,35.84,3,642.56,Delivered,3,,20,17
2016-11-06,4104,2016-11-16,815,Upper East,East,Shipped from Abroad,Fashion,Shoes,Adidas Ultraboost,1202.89,25.79,4,4837.35,Delivered,4,,50,10
2017-05-20,4105,2017-06-03,608,Upper East,Central,Standard Delivery,Home and Office,Stationery,Moleskine Notebook,524.14,35.15,5,2655.85,Delivered,2,,49,14
2019-06-24,4106,2019-07-11,674,Ashanti,North,Standard Delivery,Electronics,Smartwatches,Samsung Galaxy Watch 3,472.14,7.79,1,479.93,Delivered,1,,58,17
2020-07-26,4107,2020-08-05,231,Volta,South,Standard Delivery,Fashion,Clothing,Men's Denim Jacket,802.88,9.62,5,4024.02,Returned,2,Arrived Late,43,10
2020-12-25,4108,2021-01-06,987,Weija,North,Express,Home and Office,Furniture,Ergonomic Office Chair,933.18,44.7,3,2844.24,Delivered,3,,20,12
2017-03-05,4109,2017-03-11,788,Western,Central,Shipped from Abroad,Health and beauty,Personal Care,Avon Soft Musk Spray,1399.26,17.56,3,4215.34,Delivered,1,,20,6
2016-10-17,4110,2016-11-06,109,Western,Central,Express,Phones and Tablet,Mobile phones,Samsung Galaxy A02,1173.39,38.35,4,4731.91,Delivered,1,,46,20
2016-05-28,4111,2016-06-02,578,Weija,South,Shipped from Abroad,Fashion,Clothing,100% Cotton 4 Piece T-Shirts,1318.88,42.9,1,1361.78,Delivered,3,,23,5
2019-11-12,4112,2019-11-25,215,Oti,Central,Standard Delivery,Fashion,Clothing,Men's Denim Jacket,559.87,48.04,3,1727.65,Returned,2,Not as expected,67,13
2019-07-29,4113,2019-08-07,669,Greater Accra,Central,Standard Delivery,Health and beauty,Personal Care,Avon Soft Musk Spray,60.02,12.12,1,72.14,Delivered,4,,34,9
2015-09-23,4114,2015-10-01,970,Ashanti,West,Shipped from Abroad,Health and beauty,Makeup,Maybelline Foundation,789.57,45.54,5,3993.39,Delivered,4,,27,8
2016-03-16,4115,2016-03-26,205,Oti,East,Express,Phones and Tablet,Tablets,iPad Air 4th Gen,1481.77,33.78,5,7442.63,Delivered,2,,31,10
2015-07-19,4116,2015-07-24,694,Upper East,East,Shipped from Abroad,Electronics,Home Theatre,Sony 5.1 Home Theatre,748.62,43.89,2,1541.13,Returned,1,Arrived Late,24,5
2017-03-30,4117,2017-04-01,570,Weija,West,Shipped from Abroad,Electronics,Smartwatches,Apple Watch Series 6,1139.5,12.78,1,1152.28,Delivered,1,,34,2
2020-04-29,4118,2020-05-08,965,Volta,North,Standard Delivery,Phones and Tablet,Mobile phones,Samsung Galaxy A02,561.27,30.49,5,2836.84,Delivered,5,,50,9
2020-03-04,4119,2020-03-22,86,Oti,East,Standard Delivery,Home and Office,Furniture,8 Cubes Plastic Wardrobe,1193.03,11.61,2,2397.67,Returned,2,Not as expected,18,18
2020-08-10,4120,2020-08-14,450,Volta,West,Standard Delivery,Health and beauty,Makeup,Maybelline Foundation,1178.85,34.08,1,1212.93,Delivered,4,,49,4
2018-02-05,4121,2018-02-12,10,Western,West,Express,Electronics,Home Theatre,Sony 5.1 Home Theatre,117.31,32.94,3,384.87,Delivered,2,,66,7
2016-04-14,4122,2016-04-23,371,Ashanti,East,Shipped from Abroad,Health and beauty,Makeup,Maybelline Foundation,1396.16,32.24,3,4220.72,Delivered,3,,46,9
2015-06-29,4123,2015-07-09,463,Upper East,East,Express,Fashion,Clothing,100% Cotton 4 Piece T-Shirts,1073.1,19.71,5,5385.21,Delivered,3,,55,10
2015-06-04,4124,2015-06-14,514,Oti,South,Shipped from Abroad,Health and beauty,Makeup,MAC Lipstick,1220.54,22.51,4,4904.67,Delivered,1,,36,10
2020-05-30,4125,2020-06-13,124,Western,Central,Standard Delivery,Home and Office,Furniture,Ergonomic Office Chair,1122.23,48.86,5,5660.01,Delivered,3,,68,14
2018-06-28,4126,2018-07-09,953,Oti,Central,Express,Fashion,Shoes,Adidas Ultraboost,1226.45,48.92,2,2501.82,Delivered,1,,49,11
2018-11-08,4127,2018-11-25,269,Oti,North,Standard Delivery,Fashion,Clothing,Men's Denim Jacket,837.76,31.97,5,4220.77,Cancelled,1,Changed Mind,18,17
2020-01-01,4128,2020-01-20,575,Ashanti,Central,Shipped from Abroad,Phones and Tablet,Tablets,Amazon Fire HD 8 Kids Tablet,1425.69,48.87,5,7177.32,Returned,2,Changed Mind,20,19
2020-01-17,4129,2020-02-06,903,Upper East,Central,Standard Delivery,Phones and Tablet,Tablets,Amazon Fire HD 8 Kids Tablet,550.57,34.12,2,1135.26,Delivered,1,,64,20
2016-12-05,4130,2016-12-12,550,Oti,East,Shipped from Abroad,Phones and Tablet,Mobile phones,iPhone 12,979.84,41.85,3,2981.37,Delivered,3,,58,7
2015-10-08,4131,2015-10-21,291,Greater Accra,East,Shipped from Abroad,Fashion,Clothing,100% Cotton 4 Piece T-Shirts,1488.01,33.84,5,7473.89,Returned,1,Changed Mind,28,13
2018-08-09,4132,2018-08-18,955,Ashanti,South,Express,Home and Office,Stationery,Moleskine Notebook,1102.71,28.33,5,5541.88,Returned,1,Defective,49,9
2015-10-26,4133,2015-11-08,519,Western,North,Shipped from Abroad,Phones and Tablet,Tablets,iPad Air 4th Gen,199.37,20.18,3,618.29,Returned,2,Changed Mind,34,13
2018-09-26,4134,2018-10-08,872,Weija,Central,Standard Delivery,Health and beauty,Personal Care,Avon Soft Musk Spray,667.3,43.73,4,2712.93,Delivered,2,,56,12
2015-09-09,4135,2015-09-14,74,Upper East,North,Express,Home and Office,Furniture,Ergonomic Office Chair,588.26,30.5,3,1795.28,Delivered,5,,67,5
2018-02-16,4136,2018-03-06,580,Western,West,Standard Delivery,Home and Office,Furniture,Ergonomic Office Chair,18.76,31.85,1,50.61,Delivered,3,,33,18
2015-06-26,4137,2015-07-14,982,Weija,South,Shipped from Abroad,Phones and Tablet,Mobile phones,Samsung Galaxy A02,360.59,19.48,4,1461.84,Delivered,1,,30,18
2018-04-11,4138,2018-04-20,398,Upper East,South,Express,Home and Office,Furniture,8 Cubes Plastic Wardrobe,1356.58,37.65,3,4107.39,Delivered,2,,50,9
2015-05-10,4139,2015-05-26,164,Ashanti,North,Standard Delivery,Fashion,Accessories,Polarized Sunglasses,619.57,43.51,5,3141.36,Delivered,3,,55,16
2016-08-13,4140,2016-08-30,237,Ashanti,South,Standard Delivery,Health and beauty,Personal Care,Aichun Beauty Essential Oil,988.88,33.14,3,2999.78,Delivered,5,,58,17
2016-07-07,4141,2016-07-09,696,Greater Accra,South,Standard Delivery,Fashion,Shoes,Nike Air Max,796.78,31.46,4,3218.58,Delivered,2,,21,2
2020-03-22,4142,2020-03-27,791,Ashanti,East,Standard Delivery,Fashion,Accessories,Leather Wallet,1207.03,32.03,2,2446.09,Delivered,4,,39,5
2016-02-01,4143,2016-02-17,384,Weija,South,Standard Delivery,Electronics,Digital Cameras,Sony Alpha a6000,160.6,17.44,3,499.24,Returned,2,Defective,68,16
2017-04-21,4144,2017-05-07,995,Greater Accra,South,Standard Delivery,Health and beauty,Makeup,MAC Lipstick,1482.96,34.13,2,3000.05,Returned,2,Changed Mind,58,16
2015-08-01,4145,2015-08-13,185,Oti,North,Express,Home and Office,Furniture,8 Cubes Plastic Wardrobe,285.28,16.76,2,587.32,Delivered,3,,29,12
2015-05-12,4146,2015-05-28,430,Upper East,West,Standard Delivery,Phones and Tablet,Mobile phones,Infinix Smart HD X612,1392.58,28.35,5,6991.25,Delivered,5,,53,16
2015-10-24,4147,2015-11-01,334,Volta,East,Shipped from Abroad,Health and beauty,Personal Care,Avon Soft Musk Spray,226.04,36.48,4,940.64,Delivered,3,,23,8
2020-09-14,4148,2020-10-02,210,Oti,South,Standard Delivery,Fashion,Clothing,Men's Denim Jacket,1340.41,39.87,5,6741.92,Delivered,2,,53,18
2018-01-10,4149,2018-01-15,2,Ashanti,West,Express,Health and beauty,Personal Care,Aichun Beauty Essential Oil,782.02,30.86,1,812.88,Returned,2,Arrived Late,27,5
2016-12-05,4150,2016-12-16,979,Oti,South,Express,Fashion,Shoes,Nike Air Max,1037.96,13.64,4,4165.48,Delivered,2,,64,11
2019-01-28,4151,2019-02-04,736,Greater Accra,North,Shipped from Abroad,Electronics,Digital Cameras,Nikon D3500,335.9,21.13,3,1028.83,Delivered,3,,33,7
2016-08-18,4152,2016-08-30,323,Volta,West,Standard Delivery,Home and Office,Stationery,Parker Pen,261.56,7.17,5,1314.97,Returned,2,Not as expected,63,12
2016-01-23,4153,2016-01-30,12,Weija,East,Standard Delivery,Electronics,Smartwatches,Samsung Galaxy Watch 3,725.71,10.92,5,3639.47,Returned,2,Defective,28,7
2016-04-11,4154,2016-04-29,840,Greater Accra,East,Standard Delivery,Home and Office,Furniture,Ergonomic Office Chair,1389.48,24.31,4,5582.23,Returned,1,Defective,41,18
2018-03-14,4155,2018-03-30,504,Weija,Central,Standard Delivery,Electronics,Digital Cameras,Canon EOS 600D 18MP CMOS DSLR,934.96,13.19,2,1883.11,Delivered,1,,43,16
2016-06-15,4156,2016-06-22,708,Greater Accra,North,Shipped from Abroad,Electronics,Smartwatches,Samsung Galaxy Watch 3,783.37,30.55,4,3164.03,Returned,1,Changed Mind,49,7
2019-05-10,4157,2019-05-27,835,Western,Central,Shipped from Abroad,Electronics,Digital Cameras,Canon EOS 600D 18MP CMOS DSLR,1451.14,35.89,4,5840.45,Returned,1,Arrived Late,19,17
2019-07-07,4158,2019-07-09,458,Upper East,East,Standard Delivery,Health and beauty,Makeup,Maybelline Foundation,512.57,16.75,5,2579.6,Cancelled,1,Defective,46,2
2018-04-26,4159,2018-05-05,112,Oti,East,Express,Health and beauty,Makeup,Maybelline Foundation,657.97,26.17,2,1342.11,Returned,1,Arrived Late,60,9
2016-05-18,4160,2016-05-27,671,Weija,West,Shipped from Abroad,Phones and Tablet,Tablets,Amazon Fire HD 8 Kids Tablet,1418.42,34.11,2,2870.95,Delivered,2,,23,9
2017-06-30,4161,2017-07-09,114,Volta,North,Standard Delivery,Phones and Tablet,Tablets,iPad Air 4th Gen,1352.29,41.58,2,2746.16,Returned,1,Arrived Late,35,9
2020-04-17,4162,2020-04-23,826,Oti,South,Express,Home and Office,Furniture,8 Cubes Plastic Wardrobe,428.54,45.07,2,902.15,Returned,2,Not as expected,31,6
2020-01-30,4163,2020-02-09,69,Upper East,East,Express,Electronics,Smartwatches,Apple Watch Series 6,1481.19,12.12,2,2974.5,Delivered,3,,70,10
2016-10-06,4164,2016-10-26,213,Oti,South,Shipped from Abroad,Fashion,Shoes,Adidas Ultraboost,211.55,11.39,3,646.04,Delivered,2,,23,20
2019-06-28,4165,2019-07-09,761,Oti,South,Shipped from Abroad,Home and Office,Stationery,Parker Pen,1179.01,37.18,2,2395.2,Delivered,4,,38,11
2017-01-29,4166,2017-02-05,829,Ashanti,West,Express,Electronics,Home Theatre,Sony 5.1 Home Theatre,250.97,6.89,5,1261.74,Delivered,4,,40,7
2015-02-07,4167,2015-02-12,934,Western,East,Standard Delivery,Health and beauty,Personal Care,Aichun Beauty Essential Oil,685.12,43.62,3,2098.98,Delivered,2,,44,5
2016-07-14,4168,2016-07-29,469,Volta,East,Express,Electronics,Home Theatre,LG Soundbar,1049.79,44.15,4,4243.31,Delivered,1,,50,15
2016-09-03,4169,2016-09-19,708,Western,East,Express,Phones and Tablet,Tablets,iPad Air 4th Gen,185.78,40.01,1,225.79,Returned,1,Defective,49,16
2020-01-05,4170,2020-01-12,207,Oti,East,Express,Home and Office,Stationery,Parker Pen,1096.01,35.92,1,1131.93,Delivered,3,,37,7
2018-12-14,4171,2019-01-01,142,Volta,East,Express,Fashion,Clothing,100% Cotton 4 Piece T-Shirts,1341.82,46.01,2,2729.65,Returned,2,Arrived Late,35,18
2019-09-05,4172,2019-09-15,341,Oti,South,Shipped from Abroad,Electronics,Home Theatre,Sony 5.1 Home Theatre,400.3,8.92,5,2010.42,Delivered,4,,48,10
2015-01-01,4173,2015-01-05,904,Oti,West,Standard Delivery,Electronics,Smartwatches,Samsung Galaxy Watch 3,1392.99,7.17,3,4186.14,Delivered,2,,41,4
2017-04-24,4174,2017-05-02,237,Ashanti,Central,Standard Delivery,Fashion,Accessories,Polarized Sunglasses,702.77,22.41,3,2130.72,Delivered,2,,58,8
2018-12-11,4175,2018-12-25,579,Upper East,East,Express,Phones and Tablet,Tablets,Amazon Fire HD 8 Kids Tablet,819.67,24.69,5,4123.04,Delivered,2,,23,14
2015-03-10,4176,2015-03-24,520,Volta,West,Shipped from Abroad,Health and beauty,Makeup,MAC Lipstick,954.01,22.58,1,976.59,Delivered,2,,56,14
2020-01-11,4177,2020-01-13,468,Greater Accra,West,Shipped from Abroad,Electronics,Digital Cameras,Canon EOS 600D 18MP CMOS DSLR,631.85,32.36,2,1296.06,Delivered,2,,54,2
2016-12-09,4178,2016-12-23,678,Western,West,Standard Delivery,Home and Office,Stationery,Parker Pen,539.96,25.78,4,2185.62,Delivered,3,,36,14
2019-05-11,4179,2019-05-14,820,Upper East,West,Express,Electronics,Smartwatches,Samsung Galaxy Watch 3,312.73,42.18,3,980.37,Delivered,4,,27,3
2015-08-07,4180,2015-08-24,275,Volta,North,Standard Delivery,Home and Office,Furniture,8 Cubes Plastic Wardrobe,113.95,29.75,4,485.55,Delivered,3,,19,17
2017-09-15,4181,2017-09-27,267,Volta,Central,Express,Home and Office,Stationery,Parker Pen,769.7,24.91,2,1564.31,Delivered,3,,36,12
2015-08-06,4182,2015-08-25,76,Oti,South,Shipped from Abroad,Fashion,Accessories,Polarized Sunglasses,248.78,11.22,3,757.56,Delivered,4,,29,19
2018-11-27,4183,2018-12-10,100,Upper East,South,Shipped from Abroad,Home and Office,Furniture,8 Cubes Plastic Wardrobe,663.22,24.34,4,2677.22,Delivered,2,,67,13
2020-07-07,4184,2020-07-19,569,Oti,East,Standard Delivery,Fashion,Accessories,Leather Wallet,390.67,28.52,5,1981.87,Returned,2,Arrived Late,31,12
2018-07-15,4185,2018-07-28,197,Ashanti,North,Standard Delivery,Fashion,Clothing,Men's Denim Jacket,1494.17,30.15,2,3018.49,Delivered,2,,50,13
2016-01-15,4186,2016-02-03,645,Upper East,East,Express,Phones and Tablet,Mobile phones,iPhone 12,371.45,23.26,5,1880.51,Delivered,5,,51,19
2018-07-30,4187,2018-08-13,997,Ashanti,North,Shipped from Abroad,Phones and Tablet,Mobile phones,iPhone 12,1149.14,12.01,5,5757.71,Returned,1,Changed Mind,52,14
2018-04-22,4188,2018-05-02,688,Upper East,East,Standard Delivery,Home and Office,Stationery,Moleskine Notebook,27.32,13.87,5,150.47,Delivered,3,,46,10
2016-09-15,4189,2016-09-29,693,Upper East,East,Standard Delivery,Health and beauty,Personal Care,Aichun Beauty Essential Oil,738.79,13.67,4,2968.83,Delivered,3,,29,14
2017-07-08,4190,2017-07-16,146,Greater Accra,West,Express,Fashion,Shoes,Nike Air Max,54.7,9.02,1,63.72,Delivered,1,,46,8
2016-04-09,4191,2016-04-21,772,Volta,South,Standard Delivery,Phones and Tablet,Mobile phones,iPhone 12,351.42,29.8,2,732.64,Delivered,5,,66,12
2020-04-03,4192,2020-04-05,926,Upper East,West,Shipped from Abroad,Health and beauty,Personal Care,Aichun Beauty Essential Oil,1096.93,33.03,3,3323.82,Returned,2,Changed Mind,32,2
2017-05-12,4193,2017-05-29,678,Oti,West,Standard Delivery,Electronics,Smartwatches,Apple Watch Series 6,1103.29,6.42,2,2213.0,Delivered,3,,36,17
2016-05-07,4194,2016-05-09,534,Weija,East,Shipped from Abroad,Phones and Tablet,Tablets,iPad Air 4th Gen,1433.98,8.46,5,7178.36,Delivered,3,,52,2
2017-09-02,4195,2017-09-13,622,Ashanti,East,Shipped from Abroad,Home and Office,Stationery,Parker Pen,267.26,46.94,4,1115.98,Delivered,3,,62,11
2015-07-08,4196,2015-07-13,983,Oti,East,Standard Delivery,Phones and Tablet,Tablets,iPad Air 4th Gen,18.12,14.47,1,32.59,Delivered,1,,46,5
2020-01-14,4197,2020-02-03,840,Western,West,Express,Electronics,Digital Cameras,Canon EOS 600D 18MP CMOS DSLR,447.79,25.2,3,1368.57,Delivered,4,,41,20
2020-01-31,4198,2020-02-09,199,Volta,South,Standard Delivery,Home and Office,Stationery,Moleskine Notebook,1186.8,9.16,4,4756.36,Delivered,2,,24,9
2017-09-24,4199,2017-10-03,125,Ashanti,South,Shipped from Abroad,Fashion,Shoes,Adidas Ultraboost,1023.98,37.7,2,2085.66,Delivered,2,,19,9
2019-03-03,4200,2019-03-05,692,Upper East,Central,Shipped from Abroad,Phones and Tablet,Tablets,Amazon Fire HD 8 Kids Tablet,567.79,11.41,3,1714.78,Delivered,4,,20,2
2020-09-08,4201,2020-09-18,918,Upper East,South,Shipped from Abroad,Health and beauty,Personal Care,Aichun Beauty Essential Oil,770.38,17.52,4,3099.04,Delivered,3,,25,10
2018-05-17,4202,2018-05-28,835,Volta,East,Standard Delivery,Home and Office,Stationery,Moleskine Notebook,411.92,16.01,3,1251.77,Returned,1,Changed Mind,19,11
2015-09-08,4203,2015-09-25,756,Ashanti,Central,Standard Delivery,Electronics,Digital Cameras,Canon EOS 600D 18MP CMOS DSLR,963.84,23.93,5,4843.13,Returned,1,Not as expected,45,17
2020-07-15,4204,2020-07-20,873,Greater Accra,West,Standard Delivery,Home and Office,Furniture,8 Cubes Plastic Wardrobe,1059.35,18.3,2,2137.0,Delivered,3,,33,5
2019-04-04,4205,2019-04-19,564,Ashanti,North,Shipped from Abroad,Health and beauty,Makeup,MAC Lipstick,1120.03,22.42,3,3382.51,Delivered,2,,18,15
2015-01-07,4206,2015-01-11,687,Oti,Central,Express,Electronics,Home Theatre,LG Soundbar,648.03,39.01,4,2631.13,Delivered,3,,36,4
2019-07-08,4207,2019-07-23,88,Weija,East,Shipped from Abroad,Home and Office,Furniture,8 Cubes Plastic Wardrobe,1076.22,7.9,5,5389.0,Returned,1,Arrived Late,33,15
2018-05-06,4208,2018-05-13,822,Western,South,Standard Delivery,Home and Office,Furniture,Ergonomic Office Chair,282.44,15.94,4,1145.7,Returned,1,Defective,70,7
2017-08-08,4209,2017-08-16,775,Greater Accra,South,Standard Delivery,Health and beauty,Personal Care,Avon Soft Musk Spray,1091.19,46.72,4,4411.48,Returned,2,Arrived Late,36,8
2019-02-27,4210,2019-03-02,296,Weija,West,Express,Phones and Tablet,Tablets,Amazon Fire HD 8 Kids Tablet,523.15,8.22,1,531.37,Delivered,1,,39,3
2015-05-05,4211,2015-05-08,716,Greater Accra,Central,Standard Delivery,Home and Office,Stationery,Parker Pen,530.0,39.66,3,1629.66,Returned,2,Changed Mind,63,3
2020-01-25,4212,2020-02-08,672,Upper East,West,Shipped from Abroad,Phones and Tablet,Mobile phones,Samsung Galaxy A02,57.08,13.75,4,242.07,Returned,2,Defective,63,14
2016-06-02,4213,2016-06-15,309,Ashanti,Central,Shipped from Abroad,Electronics,Digital Cameras,Nikon D3500,1498.7,6.07,3,4502.17,Delivered,1,,40,13
2017-01-18,4214,2017-01-26,724,Greater Accra,South,Express,Home and Office,Stationery,Parker Pen,560.97,25.58,2,1147.52,Returned,1,Not as expected,48,8
2019-02-11,4215,2019-02-19,161,Oti,West,Shipped from Abroad,Fashion,Shoes,Adidas Ultraboost,788.9,21.97,4,3177.57,Delivered,4,,55,8
2019-11-18,4216,2019-12-01,742,Weija,South,Express,Electronics,Smartwatches,Apple Watch Series 6,1156.7,37.22,1,1193.92,Returned,1,Defective,55,13
2020-12-22,4217,2020-12-25,97,Weija,South,Standard Delivery,Phones and Tablet,Mobile phones,iPhone 12,1021.05,27.97,3,3091.12,Delivered,1,,61,3
2015-08-09,4218,2015-08-19,536,Weija,West,Express,Home and Office,Furniture,Ergonomic Office Chair,60.73,24.56,3,206.75,Delivered,3,,19,10
2018-12-27,4219,2018-12-31,255,Volta,West,Standard Delivery,Health and beauty,Makeup,Maybelline Foundation,466.94,42.11,5,2376.81,Delivered,3,,24,4
2015-11-18,4220,2015-12-06,149,Ashanti,South,Shipped from Abroad,Electronics,Smartwatches,Apple Watch Series 6,282.61,43.09,1,325.7,Returned,1,Not as expected,46,18
2015-08-18,4221,2015-08-29,788,Oti,South,Express,Electronics,Digital Cameras,Nikon D3500,722.63,6.14,3,2174.03,Returned,1,Arrived Late,20,11
2019-03-11,4222,2019-03-13,475,Volta,East,Shipped from Abroad,Fashion,Clothing,100% Cotton 4 Piece T-Shirts,1020.76,38.85,1,1059.61,Returned,2,Not as expected,38,2
2017-06-18,4223,2017-06-21,879,Western,South,Express,Home and Office,Furniture,Ergonomic Office Chair,678.2,16.28,3,2050.88,Returned,2,Arrived Late,41,3
2015-11-05,4224,2015-11-20,295,Weija,West,Express,Fashion,Clothing,Men's Denim Jacket,1247.4,18.47,2,2513.27,Returned,2,Arrived Late,21,15
2020-01-07,4225,2020-01-21,474,Volta,North,Express,Phones and Tablet,Mobile phones,iPhone 12,737.72,44.21,3,2257.37,Delivered,1,,64,14
2017-09-20,4226,2017-09-26,363,Greater Accra,South,Standard Delivery,Home and Office,Stationery,Moleskine Notebook,452.63,16.58,3,1374.47,Delivered,3,,53,6
2018-11-12,4227,2018-11-23,517,Upper East,Central,Standard Delivery,Fashion,Shoes,Adidas Ultraboost,714.03,34.0,2,1462.06,Delivered,5,,69,11
2015-07-12,4228,2015-07-27,149,Upper East,East,Standard Delivery,Fashion,Shoes,Adidas Ultraboost,965.51,9.34,3,2905.87,Cancelled,2,Not as expected,46,15
2017-07-15,4229,2017-07-28,538,Volta,North,Shipped from Abroad,Electronics,Smartwatches,Apple Watch Series 6,1492.84,10.08,5,7474.28,Returned,2,Arrived Late,69,13
2019-08-05,4230,2019-08-22,330,Oti,West,Express,Health and beauty,Makeup,Maybelline Foundation,32.28,24.72,1,57.0,Delivered,4,,48,17
2015-10-24,4231,2015-10-29,660,Weija,South,Express,Health and beauty,Makeup,Maybelline Foundation,147.03,45.03,1,192.06,Returned,1,Changed Mind,21,5
2016-03-12,4232,2016-03-25,482,Greater Accra,South,Express,Health and beauty,Personal Care,Avon Soft Musk Spray,838.66,16.95,1,855.61,Delivered,1,,39,13
2019-06-23,4233,2019-07-12,550,Western,North,Express,Phones and Tablet,Mobile phones,Infinix Smart HD X612,423.23,45.83,3,1315.52,Delivered,4,,58,19
2019-02-16,4234,2019-03-01,621,Greater Accra,West,Standard Delivery,Home and Office,Furniture,8 Cubes Plastic Wardrobe,766.77,11.15,3,2311.46,Returned,1,Not as expected,32,13
2020-12-19,4235,2020-12-29,695,Western,North,Shipped from Abroad,Phones and Tablet,Mobile phones,Infinix Smart HD X612,262.83,44.62,3,833.11,Delivered,5,,61,10
2019-11-24,4236,2019-11-27,361,Ashanti,Central,Shipped from Abroad,Phones and Tablet,Tablets,iPad Air 4th Gen,430.58,27.9,4,1750.22,Delivered,3,,65,3
2019-09-03,4237,2019-09-06,954,Weija,West,Shipped from Abroad,Fashion,Accessories,Leather Wallet,1115.0,25.27,1,1140.27,Returned,1,Defective,66,3
2016-02-25,4238,2016-02-29,377,Weija,South,Standard Delivery,Health and beauty,Makeup,MAC Lipstick,687.05,49.66,5,3484.91,Delivered,5,,24,4
2020-05-06,4239,2020-05-20,682,Western,North,Express,Home and Office,Furniture,Ergonomic Office Chair,1028.93,32.47,4,4148.19,Delivered,3,,49,14
2015-12-11,4240,2015-12-25,44,Oti,West,Shipped from Abroad,Health and beauty,Personal Care,Aichun Beauty Essential Oil,852.78,39.82,1,892.6,Delivered,3,,56,14
2019-04-23,4241,2019-05-10,461,Greater Accra,Central,Express,Fashion,Shoes,Nike Air Max,960.45,35.82,3,2917.17,Delivered,4,,56,17
2020-10-19,4242,2020-11-08,938,Western,North,Shipped from Abroad,Home and Office,Furniture,Ergonomic Office Chair,1402.71,23.07,5,7036.62,Delivered,2,,24,20
2020-08-07,4243,2020-08-13,974,Ashanti,Central,Express,Health and beauty,Personal Care,Aichun Beauty Essential Oil,424.8,47.5,4,1746.7,Returned,2,Changed Mind,39,6
2019-07-28,4244,2019-08-08,999,Upper East,South,Shipped from Abroad,Health and beauty,Personal Care,Avon Soft Musk Spray,920.37,32.24,1,952.61,Returned,2,Changed Mind,68,11
2020-09-22,4245,2020-10-12,248,Weija,Central,Shipped from Abroad,Phones and Tablet,Mobile phones,iPhone 12,1463.39,47.39,4,5900.95,Delivered,3,,65,20
2020-03-27,4246,2020-04-11,600,Volta,East,Express,Fashion,Shoes,Nike Air Max,222.86,47.05,4,938.49,Returned,2,Not as expected,31,15
2019-01-04,4247,2019-01-16,876,Upper East,North,Shipped from Abroad,Phones and Tablet,Mobile phones,Samsung Galaxy A02,546.42,9.75,4,2195.43,Delivered,1,,34,12
2019-03-27,4248,2019-04-04,264,Western,Central,Shipped from Abroad,Health and beauty,Makeup,MAC Lipstick,356.69,5.69,1,362.38,Delivered,1,,43,8
2018-08-21,4249,2018-09-03,37,Western,North,Standard Delivery,Fashion,Shoes,Nike Air Max,1202.76,11.36,5,6025.16,Delivered,3,,70,13
2020-01-02,4250,2020-01-08,280,Ashanti,West,Express,Electronics,Home Theatre,Sony 5.1 Home Theatre,208.47,20.0,3,645.41,Delivered,3,,49,6
2017-11-09,4251,2017-11-15,687,Ashanti,North,Express,Health and beauty,Makeup,Maybelline Foundation,908.25,30.53,2,1847.03,Returned,2,Arrived Late,36,6
2017-08-09,4252,2017-08-23,194,Weija,East,Shipped from Abroad,Fashion,Clothing,100% Cotton 4 Piece T-Shirts,1248.03,47.57,2,2543.63,Cancelled,1,Defective,21,14
2020-06-25,4253,2020-06-30,649,Greater Accra,South,Shipped from Abroad,Phones and Tablet,Mobile phones,Infinix Smart HD X612,47.5,10.08,3,152.58,Delivered,1,,24,5
2017-12-02,4254,2017-12-12,447,Weija,West,Express,Home and Office,Furniture,Ergonomic Office Chair,489.19,23.05,4,1979.81,Delivered,3,,57,10
2018-08-21,4255,2018-08-25,365,Oti,South,Express,Phones and Tablet,Tablets,iPad Air 4th Gen,855.13,46.23,5,4321.88,Returned,2,Changed Mind,69,4
2015-11-26,4256,2015-12-16,660,Oti,Central,Shipped from Abroad,Home and Office,Furniture,8 Cubes Plastic Wardrobe,343.73,23.94,1,367.67,Cancelled,1,Arrived Late,21,20
2016-12-29,4257,2017-01-09,995,Upper East,South,Express,Electronics,Digital Cameras,Sony Alpha a6000,1093.24,19.38,1,1112.62,Returned,1,Defective,58,11
2020-10-11,4258,2020-10-16,594,Ashanti,East,Express,Electronics,Digital Cameras,Canon EOS 600D 18MP CMOS DSLR,727.2,38.78,3,2220.38,Delivered,1,,47,5
2016-02-23,4259,2016-03-14,604,Upper East,Central,Express,Fashion,Shoes,Nike Air Max,1212.62,30.38,2,2455.62,Delivered,5,,45,20
2020-11-12,4260,2020-11-23,366,Weija,South,Shipped from Abroad,Electronics,Home Theatre,LG Soundbar,467.8,45.13,1,512.93,Delivered,2,,20,11
2020-12-09,4261,2020-12-26,416,Volta,Central,Standard Delivery,Health and beauty,Makeup,MAC Lipstick,277.07,47.36,4,1155.64,Delivered,1,,26,17
2016-08-27,4262,2016-09-10,20,Volta,South,Express,Health and beauty,Personal Care,Aichun Beauty Essential Oil,159.66,6.23,1,165.89,Delivered,1,,38,14
2019-03-12,4263,2019-03-30,449,Western,East,Express,Home and Office,Stationery,Parker Pen,1132.01,47.88,1,1179.89,Returned,2,Changed Mind,39,18
2019-09-03,4264,2019-09-10,878,Western,Central,Express,Phones and Tablet,Tablets,Amazon Fire HD 8 Kids Tablet,908.17,26.86,4,3659.54,Delivered,3,,32,7
2017-08-14,4265,2017-08-16,855,Greater Accra,Central,Standard Delivery,Home and Office,Furniture,Ergonomic Office Chair,284.13,5.72,5,1426.37,Delivered,1,,42,2
2019-03-24,4266,2019-04-07,128,Upper East,Central,Standard Delivery,Home and Office,Furniture,Ergonomic Office Chair,1018.05,32.38,2,2068.48,Delivered,4,,66,14
2017-08-17,4267,2017-09-01,125,Ashanti,North,Standard Delivery,Home and Office,Furniture,8 Cubes Plastic Wardrobe,1077.71,20.98,1,1098.69,Returned,2,Not as expected,19,15
2016-04-19,4268,2016-05-07,662,Volta,North,Express,Fashion,Clothing,100% Cotton 4 Piece T-Shirts,659.07,23.74,3,2000.95,Delivered,4,,46,18
2016-01-17,4269,2016-01-29,378,Upper East,South,Shipped from Abroad,Electronics,Home Theatre,Sony 5.1 Home Theatre,1486.68,32.21,3,4492.25,Delivered,4,,44,12
2015-04-18,4270,2015-04-23,806,Oti,North,Shipped from Abroad,Home and Office,Stationery,Moleskine Notebook,105.55,20.99,4,443.19,Returned,2,Defective,18,5
2019-12-29,4271,2020-01-02,276,Volta,East,Shipped from Abroad,Phones and Tablet,Mobile phones,Infinix Smart HD X612,502.31,46.55,3,1553.48,Returned,2,Arrived Late,35,4
2016-10-03,4272,2016-10-14,624,Greater Accra,East,Shipped from Abroad,Health and beauty,Makeup,Maybelline Foundation,1095.83,38.85,2,2230.51,Returned,1,Not as expected,54,11
2019-04-08,4273,2019-04-23,995,Volta,West,Standard Delivery,Phones and Tablet,Tablets,iPad Air 4th Gen,1051.38,8.14,5,5265.04,Returned,1,Defective,58,15
2016-10-06,4274,2016-10-18,261,Greater Accra,East,Express,Phones and Tablet,Tablets,Amazon Fire HD 8 Kids Tablet,181.12,21.63,1,202.75,Returned,2,Changed Mind,51,12
2018-09-27,4275,2018-09-30,43,Upper East,North,Standard Delivery,Fashion,Accessories,Polarized Sunglasses,1353.62,8.39,1,1362.01,Returned,2,Not as expected,66,3
2020-09-07,4276,2020-09-27,449,Ashanti,North,Express,Health and beauty,Makeup,Maybelline Foundation,667.35,17.93,1,685.28,Delivered,1,,39,20
2015-05-21,4277,2015-05-28,414,Ashanti,Central,Express,Fashion,Accessories,Polarized Sunglasses,935.96,29.46,4,3773.3,Delivered,3,,19,7
2019-11-23,4278,2019-12-04,400,Oti,East,Express,Home and Office,Furniture,8 Cubes Plastic Wardrobe,569.29,5.09,3,1712.96,Delivered,3,,65,11
2020-12-27,4279,2021-01-13,258,Volta,Central,Standard Delivery,Phones and Tablet,Mobile phones,Infinix Smart HD X612,1423.91,25.9,2,2873.72,Cancelled,1,Not as expected,42,17
2018-03-08,4280,2018-03-19,850,Oti,South,Standard Delivery,Health and beauty,Makeup,MAC Lipstick,1224.68,28.16,3,3702.2,Delivered,2,,34,11
2020-02-18,4281,2020-03-04,989,Volta,West,Shipped from Abroad,Fashion,Clothing,100% Cotton 4 Piece T-Shirts,657.05,37.64,5,3322.89,Returned,1,Arrived Late,61,15
2017-06-29,4282,2017-07-14,839,Upper East,North,Express,Fashion,Clothing,Men's Denim Jacket,777.72,49.86,5,3938.46,Delivered,1,,70,15
2015-12-13,4283,2015-12-26,554,Western,Central,Standard Delivery,Phones and Tablet,Mobile phones,Infinix Smart HD X612,774.73,37.19,2,1586.65,Delivered,4,,62,13
2015-09-13,4284,2015-09-24,784,Volta,West,Express,Home and Office,Furniture,8 Cubes Plastic Wardrobe,858.07,29.05,4,3461.33,Delivered,1,,57,11
2018-04-30,4285,2018-05-19,593,Upper East,South,Shipped from Abroad,Health and beauty,Personal Care,Aichun Beauty Essential Oil,156.15,48.26,4,672.86,Returned,2,Arrived Late,28,19
2016-10-10,4286,2016-10-30,996,Western,East,Standard Delivery,Home and Office,Furniture,8 Cubes Plastic Wardrobe,13.48,37.97,5,105.37,Delivered,4,,30,20
2016-01-25,4287,2016-02-07,76,Oti,South,Standard Delivery,Phones and Tablet,Mobile phones,Samsung Galaxy A02,1108.99,44.59,4,4480.55,Delivered,5,,29,13
2015-11-08,4288,2015-11-20,684,Greater Accra,West,Shipped from Abroad,Phones and Tablet,Tablets,iPad Air 4th Gen,344.88,37.51,5,1761.91,Delivered,1,,40,12
2018-10-24,4289,2018-10-30,519,Weija,South,Express,Health and beauty,Personal Care,Avon Soft Musk Spray,551.52,48.19,2,1151.23,Returned,2,Arrived Late,34,6
2016-03-17,4290,2016-03-28,668,Western,West,Shipped from Abroad,Electronics,Digital Cameras,Sony Alpha a6000,620.54,38.78,2,1279.86,Delivered,3,,21,11
2018-05-28,4291,2018-06-03,673,Weija,West,Express,Home and Office,Furniture,Ergonomic Office Chair,720.2,49.96,2,1490.36,Delivered,3,,27,6
2020-07-09,4292,2020-07-27,532,Ashanti,South,Standard Delivery,Fashion,Shoes,Adidas Ultraboost,1493.45,29.76,5,7497.01,Delivered,3,,60,18
2016-07-01,4293,2016-07-17,598,Weija,South,Shipped from Abroad,Health and beauty,Personal Care,Avon Soft Musk Spray,561.14,22.74,4,2267.3,Delivered,3,,66,16
2016-08-18,4294,2016-09-07,519,Greater Accra,Central,Shipped from Abroad,Home and Office,Furniture,Ergonomic Office Chair,818.52,25.79,4,3299.87,Delivered,5,,34,20
2016-12-26,4295,2017-01-08,236,Ashanti,North,Shipped from Abroad,Phones and Tablet,Tablets,iPad Air 4th Gen,724.6,25.48,5,3648.48,Delivered,4,,32,13
2020-07-21,4296,2020-07-23,905,Oti,South,Shipped from Abroad,Electronics,Smartwatches,Apple Watch Series 6,962.85,7.41,2,1933.11,Returned,1,Not as expected,24,2
2016-05-01,4297,2016-05-04,834,Ashanti,East,Standard Delivery,Phones and Tablet,Tablets,iPad Air 4th Gen,434.83,35.68,2,905.34,Delivered,2,,30,3
2017-09-12,4298,2017-09-16,349,Oti,West,Shipped from Abroad,Electronics,Smartwatches,Samsung Galaxy Watch 3,743.18,37.5,5,3753.4,Delivered,1,,18,4
2020-02-27,4299,2020-03-16,257,Ashanti,North,Express,Electronics,Digital Cameras,Sony Alpha a6000,495.49,47.99,4,2029.95,Delivered,4,,23,18
2016-07-20,4300,2016-07-23,540,Upper East,South,Express,Health and beauty,Personal Care,Avon Soft Musk Spray,193.67,32.93,2,420.27,Delivered,1,,53,3
2015-10-21,4301,2015-10-24,462,Western,East,Express,Home and Office,Stationery,Moleskine Notebook,601.15,32.02,2,1234.32,Delivered,5,,58,3
2017-09-02,4302,2017-09-14,600,Weija,West,Express,Home and Office,Stationery,Parker Pen,627.93,7.96,1,635.89,Delivered,2,,31,12
2017-07-01,4303,2017-07-16,199,Weija,South,Express,Phones and Tablet,Tablets,Amazon Fire HD 8 Kids Tablet,27.32,26.15,3,108.11,Delivered,2,,24,15
2020-05-29,4304,2020-06-07,246,Oti,Central,Shipped from Abroad,Phones and Tablet,Tablets,Amazon Fire HD 8 Kids Tablet,1331.26,45.85,2,2708.37,Cancelled,2,Changed Mind,68,9
2016-09-30,4305,2016-10-18,488,Western,Central,Standard Delivery,Health and beauty,Personal Care,Aichun Beauty Essential Oil,1225.71,28.51,4,4931.35,Delivered,1,,43,18
2020-03-08,4306,2020-03-25,296,Volta,East,Express,Fashion,Accessories,Polarized Sunglasses,1201.24,44.49,2,2446.97,Cancelled,2,Changed Mind,39,17
2019-10-28,4307,2019-11-16,803,Weija,East,Express,Fashion,Clothing,Men's Denim Jacket,659.07,38.42,2,1356.56,Returned,1,Arrived Late,29,19
2016-11-30,4308,2016-12-17,656,Greater Accra,East,Shipped from Abroad,Home and Office,Furniture,Ergonomic Office Chair,1277.27,10.94,2,2565.48,Returned,1,Arrived Late,50,17
2017-03-26,4309,2017-04-01,73,Volta,North,Shipped from Abroad,Health and beauty,Makeup,MAC Lipstick,1310.77,15.6,2,2637.14,Delivered,5,,37,6
2020-03-23,4310,2020-04-04,155,Ashanti,South,Express,Electronics,Smartwatches,Apple Watch Series 6,376.75,44.34,2,797.84,Delivered,1,,36,12
2015-06-20,4311,2015-06-26,994,Weija,South,Express,Fashion,Accessories,Leather Wallet,570.38,12.72,1,583.1,Returned,1,Defective,30,6
2017-04-25,4312,2017-05-04,905,Ashanti,West,Standard Delivery,Fashion,Accessories,Leather Wallet,604.71,29.15,1,633.86,Delivered,3,,24,9
2016-05-01,4313,2016-05-18,27,Ashanti,Central,Standard Delivery,Home and Office,Furniture,8 Cubes Plastic Wardrobe,347.46,27.91,5,1765.21,Delivered,3,,46,17
2017-06-24,4314,2017-07-02,628,Greater Accra,North,Standard Delivery,Home and Office,Furniture,8 Cubes Plastic Wardrobe,429.04,21.56,1,450.6,Delivered,3,,34,8
2017-08-03,4315,2017-08-12,383,Weija,North,Shipped from Abroad,Fashion,Shoes,Nike Air Max,631.85,30.52,3,1926.07,Delivered,2,,70,9
2017-07-06,4316,2017-07-23,425,Oti,North,Standard Delivery,Electronics,Smartwatches,Apple Watch Series 6,816.87,12.85,4,3280.33,Delivered,3,,24,17
2015-11-03,4317,2015-11-15,616,Volta,Central,Express,Health and beauty,Makeup,MAC Lipstick,916.78,35.2,5,4619.1,Delivered,2,,59,12
2017-08-29,4318,2017-09-04,162,Western,South,Express,Electronics,Digital Cameras,Nikon D3500,118.95,7.46,5,602.21,Delivered,4,,64,6
2017-02-28,4319,2017-03-15,913,Western,West,Standard Delivery,Health and beauty,Makeup,Maybelline Foundation,1161.83,30.77,3,3516.26,Returned,2,Changed Mind,37,15
2019-06-17,4320,2019-07-02,554,Ashanti,North,Standard Delivery,Health and beauty,Personal Care,Aichun Beauty Essential Oil,1328.16,22.49,1,1350.65,Returned,1,Changed Mind,62,15
2020-11-18,4321,2020-11-25,494,Weija,East,Express,Health and beauty,Personal Care,Avon Soft Musk Spray,595.0,19.61,4,2399.61,Returned,2,Changed Mind,69,7
2018-02-26,4322,2018-03-07,416,Upper East,Central,Standard Delivery,Phones and Tablet,Mobile phones,Samsung Galaxy A02,411.92,35.32,5,2094.92,Returned,2,Not as expected,26,9
2017-06-17,4323,2017-07-02,920,Weija,West,Standard Delivery,Fashion,Clothing,Men's Denim Jacket,306.79,16.46,4,1243.62,Delivered,4,,50,15
2018-11-09,4324,2018-11-19,992,Oti,West,Express,Phones and Tablet,Tablets,iPad Air 4th Gen,279.49,8.14,5,1405.59,Delivered,2,,53,10
2017-06-16,4325,2017-06-18,343,Oti,North,Express,Home and Office,Furniture,Ergonomic Office Chair,1208.15,17.1,1,1225.25,Delivered,3,,38,2
2016-12-05,4326,2016-12-10,567,Upper East,South,Standard Delivery,Fashion,Shoes,Adidas Ultraboost,1303.9,8.91,2,2616.71,Delivered,2,,41,5
2017-09-27,4327,2017-10-07,739,Upper East,East,Shipped from Abroad,Fashion,Accessories,Leather Wallet,727.31,11.1,3,2193.03,Delivered,4,,55,10
2016-11-05,4328,2016-11-15,582,Upper East,Central,Standard Delivery,Fashion,Shoes,Nike Air Max,1465.46,12.65,3,4409.03,Cancelled,1,Defective,55,10
2015-03-28,4329,2015-04-11,658,Oti,Central,Shipped from Abroad,Health and beauty,Makeup,MAC Lipstick,1100.55,38.03,1,1138.58,Delivered,3,,27,14
2017-11-04,4330,2017-11-11,12,Ashanti,South,Shipped from Abroad,Phones and Tablet,Mobile phones,Samsung Galaxy A02,1427.51,37.38,1,1464.89,Cancelled,1,Arrived Late,28,7
2018-04-13,4331,2018-04-16,919,Oti,East,Standard Delivery,Home and Office,Furniture,Ergonomic Office Chair,1148.31,15.83,4,4609.07,Returned,2,Defective,59,3
2019-08-22,4332,2019-08-27,302,Weija,North,Express,Phones and Tablet,Mobile phones,iPhone 12,405.99,30.97,2,842.95,Returned,1,Arrived Late,27,5
2015-05-01,4333,2015-05-15,682,Upper East,Central,Shipped from Abroad,Phones and Tablet,Tablets,Amazon Fire HD 8 Kids Tablet,1111.44,20.41,1,1131.85,Delivered,3,,49,14
2016-10-29,4334,2016-11-17,495,Ashanti,West,Standard Delivery,Electronics,Home Theatre,LG Soundbar,782.27,35.67,3,2382.48,Returned,2,Defective,65,19
2017-04-10,4335,2017-04-20,64,Greater Accra,South,Express,Home and Office,Furniture,Ergonomic Office Chair,417.76,9.28,3,1262.56,Delivered,2,,65,10
2015-01-22,4336,2015-01-31,841,Oti,South,Express,Fashion,Accessories,Polarized Sunglasses,1195.37,44.74,5,6021.59,Delivered,5,,61,9
2015-04-28,4337,2015-05-04,77,Western,Central,Standard Delivery,Home and Office,Stationery,Moleskine Notebook,1271.18,38.28,2,2580.64,Delivered,3,,23,6
2015-12-21,4338,2016-01-03,29,Ashanti,West,Express,Fashion,Clothing,100% Cotton 4 Piece T-Shirts,1451.1,17.72,3,4371.02,Returned,2,Arrived Late,67,13
2016-07-06,4339,2016-07-24,467,Upper East,West,Standard Delivery,Home and Office,Furniture,8 Cubes Plastic Wardrobe,736.52,27.04,1,763.56,Returned,2,Defective,70,18
2019-07-09,4340,2019-07-19,515,Volta,East,Standard Delivery,Health and beauty,Personal Care,Aichun Beauty Essential Oil,1240.63,14.68,3,3736.57,Delivered,4,,66,10
2020-04-15,4341,2020-04-28,275,Upper East,East,Shipped from Abroad,Home and Office,Furniture,Ergonomic Office Chair,1373.99,26.12,2,2774.1,Delivered,2,,19,13
2015-10-11,4342,2015-10-18,635,Ashanti,North,Shipped from Abroad,Fashion,Accessories,Leather Wallet,534.93,39.99,1,574.92,Delivered,5,,63,7
2016-08-20,4343,2016-08-27,291,Western,Central,Shipped from Abroad,Fashion,Accessories,Leather Wallet,188.05,12.85,4,765.05,Delivered,3,,28,7
2017-03-16,4344,2017-03-23,234,Volta,East,Standard Delivery,Health and beauty,Makeup,Maybelline Foundation,558.5,28.14,4,2262.14,Returned,2,Not as expected,20,7
2018-12-02,4345,2018-12-19,374,Western,Central,Shipped from Abroad,Electronics,Digital Cameras,Sony Alpha a6000,784.31,49.55,2,1618.17,Delivered,2,,62,17
2017-05-06,4346,2017-05-09,252,Oti,Central,Standard Delivery,Health and beauty,Makeup,Maybelline Foundation,120.32,6.38,3,367.34,Returned,1,Arrived Late,67,3
2016-01-03,4347,2016-01-13,402,Upper East,East,Standard Delivery,Fashion,Clothing,Men's Denim Jacket,571.12,35.38,2,1177.62,Delivered,2,,29,10
2015-06-01,4348,2015-06-14,819,Oti,South,Shipped from Abroad,Electronics,Smartwatches,Samsung Galaxy Watch 3,721.33,15.22,4,2900.54,Cancelled,2,Defective,63,13
2018-04-24,4349,2018-05-13,366,Ashanti,North,Express,Health and beauty,Personal Care,Aichun Beauty Essential Oil,655.96,28.93,4,2652.77,Delivered,2,,20,19
2018-10-29,4350,2018-11-11,388,Oti,West,Shipped from Abroad,Health and beauty,Makeup,Maybelline Foundation,928.25,7.35,4,3720.35,Delivered,3,,18,13
2018-11-10,4351,2018-11-15,107,Volta,East,Express,Home and Office,Furniture,8 Cubes Plastic Wardrobe,681.41,37.5,4,2763.14,Delivered,2,,55,5
2015-08-21,4352,2015-08-24,542,Oti,Central,Express,Health and beauty,Makeup,MAC Lipstick,617.69,18.02,4,2488.78,Delivered,4,,39,3
2019-03-22,4353,2019-04-06,623,Upper East,East,Standard Delivery,Electronics,Smartwatches,Apple Watch Series 6,267.01,9.01,2,543.03,Delivered,3,,49,15
2017-03-25,4354,2017-04-04,298,Weija,Central,Express,Home and Office,Furniture,Ergonomic Office Chair,564.16,27.88,4,2284.52,Returned,1,Changed Mind,69,10
2017-09-16,4355,2017-09-26,548,Western,East,Express,Health and beauty,Personal Care,Aichun Beauty Essential Oil,597.86,10.38,1,608.24,Delivered,2,,19,10
2018-04-16,4356,2018-04-26,982,Greater Accra,East,Standard Delivery,Home and Office,Furniture,Ergonomic Office Chair,240.21,25.63,3,746.26,Delivered,2,,30,10
2015-05-25,4357,2015-05-29,759,Upper East,West,Shipped from Abroad,Home and Office,Stationery,Moleskine Notebook,1283.6,6.29,5,6424.29,Delivered,2,,30,4
2018-12-12,4358,2018-12-25,630,Greater Accra,South,Standard Delivery,Phones and Tablet,Mobile phones,Infinix Smart HD X612,125.11,37.21,5,662.76,Delivered,1,,39,13
2017-05-24,4359,2017-06-02,827,Ashanti,South,Express,Home and Office,Furniture,Ergonomic Office Chair,361.24,23.02,5,1829.22,Delivered,2,,41,9
2015-04-24,4360,2015-05-12,212,Ashanti,West,Standard Delivery,Electronics,Home Theatre,LG Soundbar,826.53,14.02,4,3320.14,Delivered,5,,49,18
2019-03-29,4361,2019-04-01,527,Ashanti,Central,Shipped from Abroad,Phones and Tablet,Tablets,Amazon Fire HD 8 Kids Tablet,1436.39,7.48,4,5753.04,Delivered,2,,43,3
2017-04-28,4362,2017-05-11,60,Weija,South,Express,Fashion,Shoes,Adidas Ultraboost,1203.62,41.05,5,6059.15,Returned,1,Not as expected,68,13
2020-08-01,4363,2020-08-17,106,Ashanti,East,Standard Delivery,Fashion,Accessories,Polarized Sunglasses,1350.34,35.92,3,4086.94,Returned,2,Arrived Late,27,16
2018-11-12,4364,2018-11-18,132,Oti,South,Standard Delivery,Phones and Tablet,Mobile phones,Samsung Galaxy A02,433.16,23.79,2,890.11,Delivered,1,,21,6
2019-09-23,4365,2019-10-12,390,Weija,Central,Express,Home and Office,Stationery,Parker Pen,313.01,12.46,2,638.48,Delivered,2,,42,19
2019-05-01,4366,2019-05-08,894,Upper East,West,Shipped from Abroad,Electronics,Home Theatre,LG Soundbar,459.76,24.07,1,483.83,Returned,2,Defective,21,7
2015-01-31,4367,2015-02-19,924,Weija,North,Standard Delivery,Health and beauty,Makeup,Maybelline Foundation,429.93,23.44,5,2173.09,Cancelled,1,Arrived Late,54,19
2016-12-07,4368,2016-12-12,617,Ashanti,South,Express,Phones and Tablet,Mobile phones,Infinix Smart HD X612,478.62,16.15,3,1452.01,Delivered,5,,53,5
2019-10-05,4369,2019-10-19,295,Greater Accra,Central,Shipped from Abroad,Health and beauty,Makeup,MAC Lipstick,195.38,30.93,1,226.31,Returned,1,Arrived Late,21,14
2020-01-01,4370,2020-01-12,853,Weija,North,Standard Delivery,Electronics,Home Theatre,Sony 5.1 Home Theatre,1224.75,29.91,1,1254.66,Delivered,5,,64,11
2015-02-18,4371,2015-02-20,469,Volta,Central,Shipped from Abroad,Home and Office,Stationery,Moleskine Notebook,1482.18,32.43,2,2996.79,Returned,2,Arrived Late,50,2
2015-08-11,4372,2015-08-20,339,Weija,Central,Express,Home and Office,Stationery,Parker Pen,59.02,12.4,1,71.42,Delivered,1,,53,9
2017-08-09,4373,2017-08-28,547,Oti,Central,Shipped from Abroad,Home and Office,Stationery,Moleskine Notebook,239.12,39.79,4,996.27,Delivered,1,,57,19
2016-09-15,4374,2016-09-28,658,Upper East,West,Standard Delivery,Home and Office,Furniture,Ergonomic Office Chair,454.46,47.12,3,1410.5,Returned,1,Not as expected,27,13
2018-05-04,4375,2018-05-16,2,Greater Accra,East,Shipped from Abroad,Health and beauty,Personal Care,Aichun Beauty Essential Oil,738.84,30.13,4,2985.49,Delivered,3,,27,12
2019-08-10,4376,2019-08-30,699,Ashanti,East,Standard Delivery,Electronics,Smartwatches,Samsung Galaxy Watch 3,1250.89,11.99,5,6266.44,Returned,1,Defective,64,20
2015-07-27,4377,2015-08-02,855,Greater Accra,South,Standard Delivery,Electronics,Smartwatches,Samsung Galaxy Watch 3,230.12,16.42,4,936.9,Delivered,5,,42,6
2015-07-18,4378,2015-07-24,625,Weija,East,Standard Delivery,Electronics,Home Theatre,Sony 5.1 Home Theatre,1105.97,8.89,5,5538.74,Delivered,4,,28,6
2016-03-25,4379,2016-04-06,610,Volta,Central,Express,Home and Office,Furniture,8 Cubes Plastic Wardrobe,446.69,32.6,3,1372.67,Delivered,1,,32,12
2018-04-07,4380,2018-04-20,748,Oti,Central,Express,Electronics,Home Theatre,Sony 5.1 Home Theatre,1409.25,19.82,2,2838.32,Returned,2,Arrived Late,26,13
2016-02-14,4381,2016-02-18,736,Volta,East,Standard Delivery,Fashion,Clothing,100% Cotton 4 Piece T-Shirts,278.16,15.67,2,571.99,Returned,2,Changed Mind,33,4
2017-12-07,4382,2017-12-13,439,Ashanti,West,Standard Delivery,Fashion,Accessories,Leather Wallet,163.08,25.83,1,188.91,Delivered,2,,67,6
2020-09-30,4383,2020-10-13,839,Greater Accra,West,Standard Delivery,Health and beauty,Personal Care,Avon Soft Musk Spray,204.05,47.09,3,659.24,Returned,2,Not as expected,70,13
2018-08-14,4384,2018-08-17,391,Upper East,Central,Shipped from Abroad,Health and beauty,Makeup,MAC Lipstick,1163.7,13.55,3,3504.65,Delivered,3,,27,3
2017-06-02,4385,2017-06-20,675,Western,North,Standard Delivery,Home and Office,Furniture,Ergonomic Office Chair,958.71,31.83,4,3866.67,Returned,1,Arrived Late,54,18
2019-06-26,4386,2019-07-08,211,Western,East,Standard Delivery,Health and beauty,Personal Care,Avon Soft Musk Spray,1248.0,23.28,3,3767.28,Delivered,3,,29,12
2020-03-29,4387,2020-04-02,207,Oti,North,Shipped from Abroad,Fashion,Accessories,Polarized Sunglasses,613.25,35.17,2,1261.67,Delivered,3,,37,4
2017-10-01,4388,2017-10-19,880,Weija,West,Standard Delivery,Health and beauty,Personal Care,Avon Soft Musk Spray,1400.14,14.25,3,4214.67,Cancelled,1,Arrived Late,70,18
2017-07-12,4389,2017-07-21,362,Weija,Central,Standard Delivery,Fashion,Shoes,Adidas Ultraboost,598.22,5.73,2,1202.17,Delivered,1,,41,9
2016-03-05,4390,2016-03-21,1000,Western,Central,Shipped from Abroad,Health and beauty,Personal Care,Aichun Beauty Essential Oil,579.85,39.78,3,1779.33,Returned,1,Arrived Late,65,16
2016-02-27,4391,2016-03-03,131,Volta,West,Express,Electronics,Digital Cameras,Nikon D3500,829.82,7.42,5,4156.52,Delivered,4,,62,5
2016-10-11,4392,2016-10-19,15,Oti,North,Express,Phones and Tablet,Mobile phones,Infinix Smart HD X612,1191.72,43.89,5,6002.49,Delivered,4,,38,8
2015-07-30,4393,2015-08-17,493,Greater Accra,North,Express,Home and Office,Stationery,Moleskine Notebook,827.48,12.57,4,3322.49,Delivered,1,,28,18
2018-09-09,4394,2018-09-24,826,Western,Central,Express,Electronics,Home Theatre,Sony 5.1 Home Theatre,74.67,44.3,5,417.65,Returned,2,Not as expected,31,15
2019-04-21,4395,2019-05-06,363,Ashanti,North,Standard Delivery,Home and Office,Furniture,Ergonomic Office Chair,89.44,32.26,3,300.58,Delivered,2,,53,15
2020-12-14,4396,2020-12-17,683,Weija,South,Shipped from Abroad,Fashion,Accessories,Polarized Sunglasses,1266.1,19.11,3,3817.41,Returned,1,Arrived Late,68,3
2018-05-03,4397,2018-05-10,208,Weija,Central,Express,Phones and Tablet,Mobile phones,Infinix Smart HD X612,1182.23,32.52,5,5943.67,Delivered,3,,35,7
2015-07-04,4398,2015-07-21,978,Weija,North,Standard Delivery,Electronics,Digital Cameras,Sony Alpha a6000,710.84,30.42,3,2162.94,Delivered,3,,29,17
2015-02-14,4399,2015-02-23,251,Western,North,Shipped from Abroad,Phones and Tablet,Tablets,iPad Air 4th Gen,592.84,7.24,1,600.08,Cancelled,1,Not as expected,50,9
2017-02-04,4400,2017-02-09,88,Oti,West,Shipped from Abroad,Phones and Tablet,Tablets,Amazon Fire HD 8 Kids Tablet,263.66,17.57,2,544.89,Delivered,3,,33,5
2019-01-01,4401,2019-01-07,381,Volta,East,Standard Delivery,Health and beauty,Personal Care,Aichun Beauty Essential Oil,516.25,6.95,5,2588.2,Delivered,3,,69,6
2015-05-06,4402,2015-05-17,411,Oti,South,Express,Health and beauty,Makeup,Maybelline Foundation,516.15,31.09,2,1063.39,Delivered,3,,31,11
2019-05-25,4403,2019-06-04,131,Volta,East,Standard Delivery,Phones and Tablet,Mobile phones,Infinix Smart HD X612,1206.53,5.29,3,3624.88,Returned,1,Defective,62,10
2016-05-24,4404,2016-06-05,257,Greater Accra,East,Shipped from Abroad,Electronics,Digital Cameras,Sony Alpha a6000,10.58,33.8,1,44.38,Delivered,2,,23,12
2020-10-15,4405,2020-10-21,909,Upper East,East,Standard Delivery,Electronics,Home Theatre,LG Soundbar,221.62,13.9,5,1122.0,Delivered,1,,60,6
2015-12-08,4406,2015-12-20,603,Upper East,West,Shipped from Abroad,Electronics,Smartwatches,Samsung Galaxy Watch 3,1154.81,21.07,3,3485.5,Delivered,2,,63,12
2017-10-08,4407,2017-10-17,556,Oti,North,Shipped from Abroad,Home and Office,Stationery,Moleskine Notebook,234.86,15.53,1,250.39,Returned,2,Arrived Late,41,9
2019-07-10,4408,2019-07-15,886,Weija,North,Express,Health and beauty,Personal Care,Avon Soft Musk Spray,1404.14,15.91,5,7036.61,Cancelled,2,Not as expected,55,5
2020-04-22,4409,2020-04-27,750,Volta,East,Standard Delivery,Fashion,Clothing,100% Cotton 4 Piece T-Shirts,764.71,23.54,5,3847.09,Delivered,1,,65,5
2019-02-16,4410,2019-03-02,321,Ashanti,West,Standard Delivery,Health and beauty,Makeup,MAC Lipstick,418.08,22.04,1,440.12,Delivered,3,,22,14
2015-04-16,4411,2015-05-01,931,Greater Accra,South,Express,Electronics,Home Theatre,Sony 5.1 Home Theatre,1452.82,8.8,2,2914.44,Delivered,2,,25,15
2020-11-16,4412,2020-12-03,617,Ashanti,West,Shipped from Abroad,Home and Office,Stationery,Moleskine Notebook,46.84,10.56,2,104.24,Delivered,3,,53,17
2019-02-01,4413,2019-02-13,273,Upper East,East,Standard Delivery,Fashion,Shoes,Nike Air Max,154.52,44.89,3,508.45,Delivered,1,,49,12
2017-04-30,4414,2017-05-08,534,Weija,North,Express,Electronics,Home Theatre,Sony 5.1 Home Theatre,1007.87,22.07,1,1029.94,Returned,2,Defective,52,8
2020-07-24,4415,2020-07-31,924,Weija,East,Standard Delivery,Fashion,Clothing,100% Cotton 4 Piece T-Shirts,892.96,14.2,2,1800.12,Returned,2,Not as expected,54,7
2015-11-15,4416,2015-11-26,827,Upper East,West,Shipped from Abroad,Electronics,Home Theatre,Sony 5.1 Home Theatre,1169.4,46.61,2,2385.41,Delivered,5,,41,11
2019-02-28,4417,2019-03-04,516,Oti,West,Standard Delivery,Home and Office,Furniture,8 Cubes Plastic Wardrobe,347.17,45.33,5,1781.18,Delivered,5,,20,4
2020-01-20,4418,2020-01-23,347,Weija,Central,Express,Electronics,Digital Cameras,Nikon D3500,636.72,31.82,4,2578.7,Delivered,1,,62,3
2018-01-01,4419,2018-01-06,524,Upper East,West,Express,Home and Office,Stationery,Moleskine Notebook,271.23,10.53,2,552.99,Cancelled,2,Arrived Late,70,5
2019-09-18,4420,2019-09-22,45,Greater Accra,Central,Express,Fashion,Shoes,Adidas Ultraboost,487.68,23.95,4,1974.67,Delivered,4,,46,4
2019-05-07,4421,2019-05-16,351,Greater Accra,North,Standard Delivery,Fashion,Shoes,Nike Air Max,320.34,47.71,4,1329.07,Returned,1,Not as expected,66,9
2017-07-26,4422,2017-08-06,776,Weija,West,Shipped from Abroad,Electronics,Smartwatches,Samsung Galaxy Watch 3,1381.92,49.62,1,1431.54,Delivered,1,,46,11
2018-06-10,4423,2018-06-26,905,Greater Accra,Central,Shipped from Abroad,Home and Office,Furniture,8 Cubes Plastic Wardrobe,788.65,23.09,4,3177.69,Cancelled,2,Not as expected,24,16
2017-12-22,4424,2017-12-31,464,Volta,West,Express,Fashion,Shoes,Adidas Ultraboost,508.95,14.63,1,523.58,Delivered,2,,66,9
2019-11-21,4425,2019-12-06,225,Upper East,West,Standard Delivery,Electronics,Smartwatches,Samsung Galaxy Watch 3,1472.57,11.53,4,5901.81,Delivered,4,,39,15
2019-08-21,4426,2019-09-10,53,Greater Accra,North,Standard Delivery,Fashion,Clothing,Men's Denim Jacket,1321.3,12.07,1,1333.37,Delivered,2,,21,20
2020-04-02,4427,2020-04-21,343,Western,East,Standard Delivery,Electronics,Home Theatre,LG Soundbar,538.3,12.37,2,1088.97,Delivered,5,,38,19
2017-06-03,4428,2017-06-22,551,Greater Accra,North,Shipped from Abroad,Phones and Tablet,Mobile phones,iPhone 12,179.74,43.65,4,762.61,Delivered,3,,29,19
2020-04-04,4429,2020-04-16,817,Volta,East,Standard Delivery,Home and Office,Furniture,Ergonomic Office Chair,1257.0,47.72,4,5075.72,Delivered,1,,40,12
2020-07-09,4430,2020-07-26,35,Volta,West,Standard Delivery,Phones and Tablet,Mobile phones,iPhone 12,1241.44,21.51,1,1262.95,Returned,1,Changed Mind,66,17
2017-08-21,4431,2017-09-02,643,Upper East,North,Standard Delivery,Fashion,Clothing,100% Cotton 4 Piece T-Shirts,1457.43,19.37,2,2934.23,Delivered,1,,32,12
2018-10-11,4432,2018-10-20,263,Western,East,Standard Delivery,Home and Office,Stationery,Parker Pen,388.96,9.98,3,1176.86,Returned,1,Defective,66,9
2015-06-22,4433,2015-07-05,837,Western,East,Standard Delivery,Phones and Tablet,Tablets,iPad Air 4th Gen,580.51,10.18,2,1171.2,Delivered,5,,26,13
2020-08-02,4434,2020-08-06,806,Western,North,Express,Electronics,Smartwatches,Samsung Galaxy Watch 3,1306.01,28.7,5,6558.75,Delivered,2,,18,4
2015-05-01,4435,2015-05-14,363,Upper East,South,Shipped from Abroad,Health and beauty,Makeup,Maybelline Foundation,597.09,41.21,3,1832.48,Delivered,1,,53,13
2015-05-27,4436,2015-06-15,305,Weija,West,Shipped from Abroad,Health and beauty,Makeup,Maybelline Foundation,244.43,13.64,4,991.36,Delivered,2,,46,19
2016-03-18,4437,2016-04-05,411,Western,West,Shipped from Abroad,Phones and Tablet,Mobile phones,Samsung Galaxy A02,372.23,34.56,2,779.02,Delivered,1,,31,18
2019-01-24,4438,2019-02-05,170,Volta,Central,Shipped from Abroad,Health and beauty,Makeup,MAC Lipstick,1343.25,7.5,2,2694.0,Delivered,5,,57,12
2017-03-05,4439,2017-03-12,161,Greater Accra,North,Express,Electronics,Home Theatre,Sony 5.1 Home Theatre,754.79,26.72,2,1536.3,Delivered,1,,55,7
2018-09-18,4440,2018-09-21,767,Oti,West,Standard Delivery,Phones and Tablet,Mobile phones,Infinix Smart HD X612,1354.28,15.09,2,2723.65,Delivered,2,,67,3
2015-06-23,4441,2015-07-13,350,Volta,South,Express,Electronics,Home Theatre,LG Soundbar,1274.21,14.31,2,2562.73,Returned,1,Not as expected,59,20
2019-11-14,4442,2019-11-16,868,Weija,Central,Shipped from Abroad,Fashion,Clothing,Men's Denim Jacket,998.66,10.07,1,1008.73,Delivered,3,,69,2
2015-12-24,4443,2016-01-10,854,Greater Accra,North,Shipped from Abroad,Fashion,Clothing,Men's Denim Jacket,153.21,24.96,1,178.17,Delivered,3,,27,17
2020-09-27,4444,2020-10-02,258,Upper East,West,Standard Delivery,Fashion,Accessories,Polarized Sunglasses,129.29,38.88,2,297.46,Delivered,3,,42,5
2018-06-24,4445,2018-07-12,727,Weija,West,Standard Delivery,Fashion,Accessories,Leather Wallet,190.62,42.89,1,233.51,Delivered,4,,44,18
2017-02-26,4446,2017-03-08,360,Volta,South,Shipped from Abroad,Phones and Tablet,Tablets,iPad Air 4th Gen,804.67,5.78,5,4029.13,Delivered,5,,31,10
2020-01-17,4447,2020-01-23,346,Oti,Central,Express,Electronics,Digital Cameras,Sony Alpha a6000,693.85,12.39,4,2787.79,Delivered,2,,70,6
2018-10-11,4448,2018-10-21,157,Oti,East,Standard Delivery,Phones and Tablet,Mobile phones,Samsung Galaxy A02,1137.56,17.93,2,2293.05,Delivered,3,,42,10
2018-09-03,4449,2018-09-19,812,Upper East,East,Shipped from Abroad,Health and beauty,Personal Care,Aichun Beauty Essential Oil,1462.92,9.53,1,1472.45,Delivered,1,,44,16
2016-04-22,4450,2016-05-06,429,Volta,East,Shipped from Abroad,Health and beauty,Makeup,MAC Lipstick,1086.39,45.42,2,2218.2,Returned,1,Not as expected,55,14
2018-04-25,4451,2018-05-14,680,Ashanti,South,Express,Fashion,Clothing,Men's Denim Jacket,1046.47,33.93,2,2126.87,Delivered,3,,69,19
2016-04-15,4452,2016-04-23,957,Oti,East,Shipped from Abroad,Electronics,Smartwatches,Apple Watch Series 6,366.88,45.53,4,1513.05,Cancelled,2,Not as expected,22,8
2015-02-26,4453,2015-03-16,558,Western,West,Standard Delivery,Health and beauty,Personal Care,Aichun Beauty Essential Oil,853.34,47.77,5,4314.47,Returned,2,Not as expected,18,18
2015-02-26,4454,2015-03-13,218,Oti,West,Express,Home and Office,Stationery,Moleskine Notebook,83.23,36.95,3,286.64,Cancelled,1,Not as expected,57,15
2016-09-27,4455,2016-10-15,300,Western,South,Shipped from Abroad,Electronics,Smartwatches,Apple Watch Series 6,676.66,14.51,2,1367.83,Delivered,5,,18,18
2016-04-14,4456,2016-04-23,281,Volta,East,Standard Delivery,Electronics,Smartwatches,Apple Watch Series 6,942.44,12.53,2,1897.41,Returned,2,Arrived Late,54,9
2015-09-17,4457,2015-10-05,612,Greater Accra,East,Express,Phones and Tablet,Tablets,Amazon Fire HD 8 Kids Tablet,1357.09,26.3,3,4097.57,Delivered,2,,35,18
2019-12-10,4458,2019-12-15,793,Weija,Central,Shipped from Abroad,Health and beauty,Makeup,MAC Lipstick,1423.82,7.08,5,7126.18,Delivered,3,,24,5
2018-04-25,4459,2018-05-12,897,Weija,North,Shipped from Abroad,Fashion,Shoes,Nike Air Max,531.63,19.24,5,2677.39,Returned,2,Defective,39,17
2015-07-05,4460,2015-07-17,220,Oti,East,Express,Phones and Tablet,Tablets,Amazon Fire HD 8 Kids Tablet,616.73,22.59,2,1256.05,Cancelled,2,Arrived Late,34,12
2019-06-03,4461,2019-06-17,377,Greater Accra,South,Standard Delivery,Fashion,Accessories,Polarized Sunglasses,689.18,22.33,4,2779.05,Delivered,2,,24,14
2017-07-26,4462,2017-08-09,99,Volta,North,Express,Fashion,Shoes,Nike Air Max,395.69,39.56,4,1622.32,Delivered,3,,19,14
2019-04-20,4463,2019-05-07,247,Volta,North,Standard Delivery,Electronics,Digital Cameras,Nikon D3500,1297.17,21.73,3,3913.24,Delivered,4,,70,17
2018-10-22,4464,2018-10-27,728,Weija,West,Express,Health and beauty,Personal Care,Avon Soft Musk Spray,626.5,49.24,5,3181.74,Delivered,3,,29,5
2017-12-22,4465,2018-01-10,201,Ashanti,East,Standard Delivery,Phones and Tablet,Mobile phones,Infinix Smart HD X612,608.34,36.08,1,644.42,Delivered,2,,50,19
2020-06-18,4466,2020-06-28,424,Western,West,Shipped from Abroad,Electronics,Home Theatre,LG Soundbar,13.62,36.37,4,90.85,Delivered,4,,31,10
2020-03-10,4467,2020-03-18,904,Greater Accra,South,Standard Delivery,Home and Office,Stationery,Moleskine Notebook,1020.31,32.04,2,2072.66,Delivered,1,,41,8
2015-10-24,4468,2015-11-10,729,Greater Accra,North,Express,Home and Office,Stationery,Moleskine Notebook,841.68,6.29,4,3373.01,Delivered,2,,61,17
2017-09-05,4469,2017-09-14,494,Oti,Central,Standard Delivery,Health and beauty,Makeup,Maybelline Foundation,774.47,30.54,2,1579.48,Returned,1,Defective,69,9
2016-12-24,4470,2017-01-06,447,Oti,East,Standard Delivery,Electronics,Digital Cameras,Nikon D3500,433.27,24.14,1,457.41,Delivered,1,,57,13
2017-07-22,4471,2017-08-06,663,Ashanti,West,Shipped from Abroad,Phones and Tablet,Mobile phones,Samsung Galaxy A02,284.43,38.46,4,1176.18,Delivered,4,,43,15
2018-04-05,4472,2018-04-10,107,Ashanti,Central,Standard Delivery,Electronics,Home Theatre,Sony 5.1 Home Theatre,918.13,45.12,4,3717.64,Returned,1,Arrived Late,55,5
2019-01-30,4473,2019-02-02,470,Greater Accra,South,Shipped from Abroad,Electronics,Digital Cameras,Canon EOS 600D 18MP CMOS DSLR,693.24,22.55,1,715.79,Returned,2,Changed Mind,24,3
2020-09-02,4474,2020-09-09,238,Ashanti,Central,Express,Phones and Tablet,Mobile phones,iPhone 12,157.74,20.34,1,178.08,Returned,2,Changed Mind,44,7
2019-11-22,4475,2019-12-09,567,Upper East,North,Express,Fashion,Shoes,Adidas Ultraboost,636.94,38.73,1,675.67,Delivered,1,,41,17
2017-04-19,4476,2017-04-26,74,Greater Accra,West,Shipped from Abroad,Home and Office,Furniture,Ergonomic Office Chair,406.49,27.71,3,1247.18,Returned,2,Arrived Late,67,7
2015-12-25,4477,2016-01-03,795,Greater Accra,North,Express,Home and Office,Furniture,Ergonomic Office Chair,693.14,23.14,1,716.28,Returned,1,Changed Mind,62,9
2018-10-14,4478,2018-10-29,849,Upper East,South,Shipped from Abroad,Electronics,Digital Cameras,Canon EOS 600D 18MP CMOS DSLR,652.05,14.96,2,1319.06,Delivered,4,,23,15
2019-05-22,4479,2019-05-28,374,Greater Accra,Central,Shipped from Abroad,Home and Office,Stationery,Moleskine Notebook,1367.06,6.64,4,5474.88,Delivered,3,,62,6
2018-12-27,4480,2019-01-14,135,Volta,North,Express,Health and beauty,Makeup,Maybelline Foundation,1169.57,39.52,1,1209.09,Returned,1,Changed Mind,41,18
2018-09-12,4481,2018-09-16,279,Weija,North,Standard Delivery,Home and Office,Furniture,Ergonomic Office Chair,1185.48,20.39,1,1205.87,Delivered,2,,56,4
2018-12-14,4482,2018-12-23,756,Greater Accra,Central,Express,Electronics,Home Theatre,LG Soundbar,742.3,40.03,4,3009.23,Cancelled,1,Changed Mind,45,9
2020-05-17,4483,2020-05-21,665,Oti,East,Express,Phones and Tablet,Mobile phones,iPhone 12,1308.54,6.84,3,3932.46,Returned,2,Not as expected,19,4
2020-10-18,4484,2020-11-02,873,Upper East,Central,Standard Delivery,Phones and Tablet,Mobile phones,Samsung Galaxy A02,319.64,29.84,2,669.12,Cancelled,2,Not as expected,33,15
2018-05-30,4485,2018-06-19,227,Ashanti,Central,Standard Delivery,Fashion,Shoes,Adidas Ultraboost,372.45,35.89,2,780.79,Returned,1,Defective,60,20
2019-05-18,4486,2019-05-24,336,Weija,North,Shipped from Abroad,Health and beauty,Makeup,Maybelline Foundation,126.07,34.38,3,412.59,Delivered,4,,21,6
2019-02-01,4487,2019-02-12,444,Western,South,Express,Health and beauty,Personal Care,Aichun Beauty Essential Oil,668.27,29.21,3,2034.02,Delivered,1,,65,11
2015-12-09,4488,2015-12-27,371,Volta,North,Shipped from Abroad,Home and Office,Stationery,Moleskine Notebook,1172.22,11.59,5,5872.69,Returned,1,Arrived Late,46,18
2020-10-10,4489,2020-10-23,136,Weija,East,Standard Delivery,Electronics,Smartwatches,Samsung Galaxy Watch 3,331.69,21.3,5,1679.75,Delivered,1,,22,13
2015-02-22,4490,2015-03-02,394,Volta,North,Standard Delivery,Home and Office,Stationery,Parker Pen,766.32,13.36,2,1546.0,Delivered,4,,52,8
2020-02-17,4491,2020-03-05,496,Western,East,Express,Electronics,Home Theatre,Sony 5.1 Home Theatre,377.81,11.86,1,389.67,Delivered,5,,44,17
2017-07-28,4492,2017-08-15,418,Western,West,Standard Delivery,Home and Office,Stationery,Parker Pen,143.56,41.12,2,328.24,Delivered,3,,41,18
2015-01-09,4493,2015-01-29,640,Weija,North,Express,Electronics,Digital Cameras,Canon EOS 600D 18MP CMOS DSLR,114.35,15.78,5,587.53,Delivered,2,,54,20
2020-05-10,4494,2020-05-20,661,Western,South,Express,Health and beauty,Personal Care,Aichun Beauty Essential Oil,445.51,40.01,1,485.52,Delivered,3,,47,10
2016-11-08,4495,2016-11-27,716,Oti,South,Express,Electronics,Smartwatches,Samsung Galaxy Watch 3,429.38,20.45,2,879.21,Delivered,1,,63,19
2020-12-19,4496,2020-12-31,155,Oti,West,Standard Delivery,Health and beauty,Personal Care,Aichun Beauty Essential Oil,978.39,14.37,3,2949.54,Returned,2,Not as expected,36,12
2020-04-06,4497,2020-04-18,216,Oti,Central,Express,Phones and Tablet,Tablets,Amazon Fire HD 8 Kids Tablet,721.97,17.01,1,738.98,Delivered,4,,66,12
2018-06-26,4498,2018-07-05,733,Greater Accra,Central,Shipped from Abroad,Fashion,Shoes,Nike Air Max,1076.48,46.23,5,5428.63,Delivered,4,,48,9
2018-12-12,4499,2018-12-29,472,Upper East,North,Standard Delivery,Phones and Tablet,Tablets,iPad Air 4th Gen,392.61,10.72,2,795.94,Returned,2,Changed Mind,58,17
2016-12-15,4500,2016-12-23,776,Volta,East,Shipped from Abroad,Fashion,Clothing,100% Cotton 4 Piece T-Shirts,222.29,16.0,1,238.29,Delivered,3,,46,8
2016-04-26,4501,2016-05-10,372,Western,Central,Express,Home and Office,Stationery,Moleskine Notebook,717.8,33.3,3,2186.7,Returned,1,Not as expected,25,14
2017-03-13,4502,2017-03-25,113,Oti,Central,Shipped from Abroad,Fashion,Accessories,Polarized Sunglasses,483.33,43.55,4,1976.87,Delivered,2,,23,12
2016-06-11,4503,2016-06-23,877,Oti,Central,Standard Delivery,Phones and Tablet,Mobile phones,iPhone 12,1411.97,43.13,1,1455.1,Delivered,1,,51,12
2015-06-05,4504,2015-06-10,767,Upper East,East,Standard Delivery,Phones and Tablet,Tablets,Amazon Fire HD 8 Kids Tablet,625.55,7.9,3,1884.55,Returned,1,Not as expected,67,5
2016-12-15,4505,2016-12-28,512,Greater Accra,West,Shipped from Abroad,Health and beauty,Personal Care,Aichun Beauty Essential Oil,444.19,27.78,4,1804.54,Delivered,2,,23,13
2015-11-01,4506,2015-11-21,662,Weija,North,Shipped from Abroad,Fashion,Accessories,Leather Wallet,341.03,6.38,4,1370.5,Delivered,5,,46,20
2018-03-23,4507,2018-04-04,753,Ashanti,West,Express,Home and Office,Furniture,8 Cubes Plastic Wardrobe,422.02,11.82,5,2121.92,Delivered,4,,33,12
2017-08-08,4508,2017-08-27,393,Volta,North,Express,Health and beauty,Personal Care,Aichun Beauty Essential Oil,1058.19,47.32,4,4280.08,Returned,2,Changed Mind,30,19
2017-08-02,4509,2017-08-20,387,Greater Accra,South,Shipped from Abroad,Electronics,Smartwatches,Apple Watch Series 6,553.13,15.87,4,2228.39,Delivered,1,,28,18
2016-01-05,4510,2016-01-25,941,Western,South,Express,Fashion,Shoes,Adidas Ultraboost,1237.02,35.34,2,2509.38,Delivered,3,,65,20
2017-01-19,4511,2017-01-26,548,Volta,South,Express,Health and beauty,Personal Care,Aichun Beauty Essential Oil,584.54,17.94,1,602.48,Delivered,3,,19,7
2018-05-08,4512,2018-05-19,918,Volta,West,Standard Delivery,Electronics,Home Theatre,LG Soundbar,1484.4,42.96,2,3011.76,Cancelled,2,Not as expected,25,11
2019-01-05,4513,2019-01-20,836,Oti,North,Shipped from Abroad,Fashion,Shoes,Adidas Ultraboost,354.83,19.8,3,1084.29,Cancelled,1,Defective,26,15
2017-09-26,4514,2017-09-30,640,Western,North,Standard Delivery,Fashion,Shoes,Nike Air Max,534.56,11.08,4,2149.32,Delivered,4,,54,4
2018-07-03,4515,2018-07-05,83,Oti,West,Standard Delivery,Phones and Tablet,Mobile phones,iPhone 12,1069.52,38.45,5,5386.05,Delivered,3,,27,2
2017-09-28,4516,2017-10-03,243,Volta,West,Express,Health and beauty,Personal Care,Aichun Beauty Essential Oil,604.22,38.3,2,1246.74,Returned,1,Changed Mind,61,5
2015-07-24,4517,2015-07-28,330,Upper East,South,Express,Electronics,Smartwatches,Samsung Galaxy Watch 3,577.46,10.12,3,1742.5,Delivered,2,,48,4
2018-12-29,4518,2019-01-06,162,Weija,East,Shipped from Abroad,Fashion,Clothing,Men's Denim Jacket,876.15,27.33,3,2655.78,Cancelled,1,Not as expected,64,8
2020-02-20,4519,2020-02-27,722,Ashanti,East,Shipped from Abroad,Phones and Tablet,Tablets,Amazon Fire HD 8 Kids Tablet,215.28,9.42,3,655.26,Returned,1,Not as expected,38,7
2016-02-11,4520,2016-02-17,779,Oti,East,Express,Home and Office,Furniture,8 Cubes Plastic Wardrobe,458.12,40.13,1,498.25,Delivered,4,,33,6
2020-04-03,4521,2020-04-14,826,Weija,North,Shipped from Abroad,Home and Office,Furniture,8 Cubes Plastic Wardrobe,1396.53,20.19,5,7002.84,Delivered,4,,31,11
2018-12-03,4522,2018-12-13,698,Ashanti,East,Shipped from Abroad,Electronics,Smartwatches,Apple Watch Series 6,1264.63,6.84,4,5065.36,Returned,1,Arrived Late,18,10
2016-06-22,4523,2016-07-07,879,Weija,South,Express,Electronics,Home Theatre,Sony 5.1 Home Theatre,863.93,9.66,3,2601.45,Delivered,3,,41,15
2019-07-27,4524,2019-08-07,750,Ashanti,East,Express,Phones and Tablet,Mobile phones,Infinix Smart HD X612,389.46,37.77,3,1206.15,Returned,2,Defective,65,11
2019-03-21,4525,2019-03-28,981,Weija,East,Shipped from Abroad,Health and beauty,Personal Care,Avon Soft Musk Spray,27.16,6.53,5,142.33,Delivered,3,,38,7
2019-02-23,4526,2019-03-05,866,Volta,North,Standard Delivery,Phones and Tablet,Mobile phones,Samsung Galaxy A02,694.37,19.15,4,2796.63,Delivered,3,,50,10
2015-04-13,4527,2015-04-18,706,Oti,South,Standard Delivery,Health and beauty,Makeup,Maybelline Foundation,79.47,23.88,5,421.23,Delivered,2,,57,5
2015-11-20,4528,2015-11-30,622,Greater Accra,West,Express,Fashion,Shoes,Nike Air Max,119.29,38.75,1,158.04,Delivered,1,,62,10
2016-09-27,4529,2016-10-14,732,Oti,South,Standard Delivery,Phones and Tablet,Tablets,Amazon Fire HD 8 Kids Tablet,121.4,21.58,2,264.38,Delivered,1,,69,17
2019-11-06,4530,2019-11-09,705,Upper East,South,Standard Delivery,Phones and Tablet,Tablets,Amazon Fire HD 8 Kids Tablet,534.31,32.96,3,1635.89,Delivered,5,,39,3
2018-01-06,4531,2018-01-16,889,Greater Accra,Central,Shipped from Abroad,Home and Office,Furniture,Ergonomic Office Chair,101.55,22.71,2,225.81,Cancelled,2,Changed Mind,35,10
2020-06-17,4532,2020-06-20,822,Ashanti,East,Shipped from Abroad,Home and Office,Furniture,Ergonomic Office Chair,675.06,46.83,2,1396.95,Cancelled,1,Arrived Late,70,3
2018-10-16,4533,2018-11-05,26,Greater Accra,South,Shipped from Abroad,Home and Office,Stationery,Parker Pen,166.59,10.9,4,677.26,Delivered,1,,60,20
2019-04-07,4534,2019-04-15,712,Volta,Central,Express,Home and Office,Furniture,8 Cubes Plastic Wardrobe,1148.24,37.59,4,4630.55,Cancelled,1,Changed Mind,33,8
2015-04-27,4535,2015-05-01,383,Upper East,Central,Standard Delivery,Phones and Tablet,Mobile phones,Samsung Galaxy A02,171.83,14.95,3,530.44,Delivered,2,,70,4
2020-10-29,4536,2020-11-06,580,Western,West,Express,Home and Office,Furniture,Ergonomic Office Chair,550.02,30.7,5,2780.8,Delivered,4,,33,8
2016-08-30,4537,2016-09-18,701,Volta,East,Shipped from Abroad,Fashion,Shoes,Nike Air Max,244.03,32.53,1,276.56,Delivered,3,,65,19
2016-01-11,4538,2016-01-27,139,Oti,Central,Shipped from Abroad,Home and Office,Stationery,Moleskine Notebook,393.87,48.03,1,441.9,Returned,2,Defective,50,16
2020-03-17,4539,2020-04-05,396,Upper East,South,Standard Delivery,Fashion,Accessories,Polarized Sunglasses,166.11,11.86,4,676.3,Delivered,4,,49,19
2016-07-17,4540,2016-07-27,973,Ashanti,East,Standard Delivery,Home and Office,Furniture,8 Cubes Plastic Wardrobe,340.66,29.48,4,1392.12,Delivered,4,,65,10
2020-04-02,4541,2020-04-20,647,Oti,Central,Standard Delivery,Home and Office,Furniture,8 Cubes Plastic Wardrobe,107.94,11.8,2,227.68,Returned,1,Not as expected,19,18
2015-04-14,4542,2015-04-22,265,Weija,North,Shipped from Abroad,Phones and Tablet,Mobile phones,Samsung Galaxy A02,677.84,37.71,4,2749.07,Delivered,5,,54,8
2020-08-08,4543,2020-08-21,594,Weija,West,Shipped from Abroad,Health and beauty,Personal Care,Aichun Beauty Essential Oil,228.46,22.42,5,1164.72,Returned,2,Arrived Late,47,13
2018-02-06,4544,2018-02-12,534,Volta,East,Express,Phones and Tablet,Mobile phones,Infinix Smart HD X612,871.57,16.74,1,888.31,Returned,2,Changed Mind,52,6
2019-09-08,4545,2019-09-15,161,Western,East,Express,Health and beauty,Personal Care,Aichun Beauty Essential Oil,402.41,21.68,3,1228.91,Delivered,3,,55,7
2018-05-16,4546,2018-05-24,673,Greater Accra,West,Shipped from Abroad,Electronics,Digital Cameras,Sony Alpha a6000,1281.88,32.98,1,1314.86,Cancelled,1,Defective,27,8
2017-12-06,4547,2017-12-19,12,Greater Accra,West,Shipped from Abroad,Fashion,Accessories,Polarized Sunglasses,323.32,31.53,4,1324.81,Delivered,3,,28,13
2018-08-31,4548,2018-09-16,937,Ashanti,West,Shipped from Abroad,Home and Office,Furniture,Ergonomic Office Chair,668.84,27.67,3,2034.19,Delivered,1,,60,16
2020-02-29,4549,2020-03-15,585,Upper East,East,Express,Phones and Tablet,Mobile phones,Samsung Galaxy A02,1339.74,35.04,3,4054.26,Delivered,3,,36,15
2016-08-24,4550,2016-09-11,970,Weija,South,Shipped from Abroad,Health and beauty,Makeup,Maybelline Foundation,803.93,16.88,4,3232.6,Returned,2,Defective,27,18
2015-01-03,4551,2015-01-21,870,Upper East,West,Express,Fashion,Shoes,Adidas Ultraboost,1020.95,47.91,4,4131.71,Delivered,3,,49,18
2018-12-11,4552,2018-12-30,113,Ashanti,South,Standard Delivery,Fashion,Clothing,Men's Denim Jacket,135.88,15.07,4,558.59,Returned,2,Defective,23,19
2015-08-11,4553,2015-08-29,398,Ashanti,West,Express,Health and beauty,Makeup,MAC Lipstick,1146.34,46.54,2,2339.22,Delivered,1,,50,18
2019-02-07,4554,2019-02-11,712,Greater Accra,North,Standard Delivery,Electronics,Home Theatre,LG Soundbar,807.62,18.15,5,4056.25,Returned,1,Defective,33,4
2019-12-04,4555,2019-12-11,531,Greater Accra,North,Standard Delivery,Phones and Tablet,Mobile phones,Infinix Smart HD X612,1454.17,32.07,2,2940.41,Delivered,3,,31,7
2018-03-02,4556,2018-03-22,754,Weija,West,Shipped from Abroad,Electronics,Digital Cameras,Nikon D3500,649.84,27.82,1,677.66,Returned,1,Defective,22,20
2015-08-08,4557,2015-08-19,669,Ashanti,Central,Shipped from Abroad,Home and Office,Furniture,8 Cubes Plastic Wardrobe,1066.37,25.7,5,5357.55,Returned,2,Arrived Late,34,11
2018-01-08,4558,2018-01-26,465,Greater Accra,Central,Express,Fashion,Shoes,Nike Air Max,1140.76,10.14,5,5713.94,Delivered,5,,26,18
2015-10-28,4559,2015-11-02,720,Ashanti,South,Shipped from Abroad,Health and beauty,Makeup,Maybelline Foundation,47.45,26.73,5,263.98,Delivered,4,,18,5
2016-03-06,4560,2016-03-21,237,Greater Accra,East,Shipped from Abroad,Home and Office,Stationery,Moleskine Notebook,1322.99,44.26,1,1367.25,Delivered,4,,58,15
2015-12-21,4561,2015-12-31,785,Upper East,North,Express,Home and Office,Stationery,Moleskine Notebook,538.02,17.02,5,2707.12,Delivered,3,,43,10
2015-01-18,4562,2015-01-25,285,Upper East,West,Shipped from Abroad,Electronics,Smartwatches,Apple Watch Series 6,503.19,44.06,2,1050.44,Delivered,3,,48,7
2015-03-11,4563,2015-03-24,734,Ashanti,West,Standard Delivery,Home and Office,Stationery,Parker Pen,1016.86,39.1,1,1055.96,Delivered,5,,41,13
2020-01-20,4564,2020-01-24,420,Upper East,North,Express,Health and beauty,Personal Care,Avon Soft Musk Spray,1081.38,42.23,5,5449.13,Delivered,5,,37,4
2020-08-24,4565,2020-09-08,422,Upper East,North,Express,Phones and Tablet,Mobile phones,Infinix Smart HD X612,699.16,40.35,3,2137.83,Delivered,2,,68,15
2015-06-07,4566,2015-06-26,644,Western,Central,Shipped from Abroad,Health and beauty,Makeup,MAC Lipstick,1341.89,11.77,1,1353.66,Delivered,2,,23,19
2018-02-03,4567,2018-02-11,75,Upper East,West,Standard Delivery,Home and Office,Furniture,8 Cubes Plastic Wardrobe,650.11,41.16,4,2641.6,Returned,2,Changed Mind,26,8
2016-05-28,4568,2016-06-08,279,Ashanti,South,Shipped from Abroad,Home and Office,Stationery,Moleskine Notebook,195.44,8.81,4,790.57,Delivered,5,,56,11
2019-11-21,4569,2019-12-03,260,Upper East,South,Shipped from Abroad,Electronics,Smartwatches,Apple Watch Series 6,761.72,43.88,4,3090.76,Delivered,2,,49,12
2016-01-13,4570,2016-01-28,461,Ashanti,East,Standard Delivery,Phones and Tablet,Mobile phones,iPhone 12,116.37,23.42,3,372.53,Delivered,2,,56,15
2019-02-21,4571,2019-03-05,738,Western,East,Express,Fashion,Accessories,Leather Wallet,1245.27,32.83,4,5013.91,Delivered,2,,63,12
2018-08-08,4572,2018-08-24,119,Oti,Central,Express,Home and Office,Furniture,8 Cubes Plastic Wardrobe,961.99,6.24,1,968.23,Delivered,1,,21,16
2016-01-24,4573,2016-02-03,981,Ashanti,East,Express,Electronics,Smartwatches,Apple Watch Series 6,854.13,21.21,4,3437.73,Delivered,3,,38,10
2017-10-21,4574,2017-11-08,531,Weija,Central,Express,Phones and Tablet,Mobile phones,Infinix Smart HD X612,1247.4,21.2,3,3763.4,Delivered,5,,31,18
2015-05-18,4575,2015-05-27,9,Oti,South,Standard Delivery,Electronics,Digital Cameras,Sony Alpha a6000,1047.49,32.78,5,5270.23,Delivered,2,,70,9
2015-06-10,4576,2015-06-30,700,Greater Accra,East,Shipped from Abroad,Electronics,Smartwatches,Apple Watch Series 6,893.85,33.14,3,2714.69,Returned,2,Not as expected,59,20
2017-01-04,4577,2017-01-10,609,Volta,Central,Standard Delivery,Electronics,Smartwatches,Apple Watch Series 6,1068.42,33.33,2,2170.17,Delivered,3,,51,6
2020-04-06,4578,2020-04-11,389,Weija,Central,Standard Delivery,Electronics,Smartwatches,Apple Watch Series 6,1435.21,29.42,4,5770.26,Returned,2,Defective,26,5
2019-01-24,4579,2019-02-09,600,Greater Accra,Central,Express,Phones and Tablet,Mobile phones,Samsung Galaxy A02,1139.58,16.8,3,3435.54,Delivered,2,,31,16
2019-04-29,4580,2019-05-19,907,Oti,South,Express,Fashion,Shoes,Nike Air Max,356.88,13.59,1,370.47,Returned,1,Changed Mind,30,20
2016-07-25,4581,2016-08-06,742,Weija,South,Shipped from Abroad,Phones and Tablet,Mobile phones,Infinix Smart HD X612,228.05,6.32,2,462.42,Returned,1,Not as expected,55,12
2016-07-05,4582,2016-07-22,76,Oti,Central,Express,Electronics,Digital Cameras,Canon EOS 600D 18MP CMOS DSLR,218.02,37.81,4,909.89,Delivered,2,,29,17
2018-04-08,4583,2018-04-27,394,Volta,West,Shipped from Abroad,Phones and Tablet,Tablets,Amazon Fire HD 8 Kids Tablet,1483.54,12.22,3,4462.84,Delivered,4,,52,19
2020-04-11,4584,2020-04-21,77,Ashanti,West,Shipped from Abroad,Home and Office,Stationery,Moleskine Notebook,1037.08,9.83,3,3121.07,Delivered,1,,23,10
2019-09-28,4585,2019-10-17,562,Ashanti,South,Express,Phones and Tablet,Mobile phones,Infinix Smart HD X612,448.89,49.57,4,1845.13,Returned,2,Defective,70,19
2017-04-24,4586,2017-05-04,413,Volta,North,Standard Delivery,Health and beauty,Makeup,MAC Lipstick,119.4,13.22,4,490.82,Delivered,4,,38,10
2017-03-15,4587,2017-03-31,536,Greater Accra,West,Shipped from Abroad,Health and beauty,Makeup,MAC Lipstick,139.75,28.1,2,307.6,Delivered,4,,19,16
2020-07-25,4588,2020-08-08,813,Western,South,Express,Electronics,Digital Cameras,Canon EOS 600D 18MP CMOS DSLR,628.49,16.89,1,645.38,Delivered,1,,61,14
2019-10-03,4589,2019-10-21,17,Weija,Central,Express,Phones and Tablet,Tablets,Amazon Fire HD 8 Kids Tablet,724.38,31.57,4,2929.09,Returned,1,Changed Mind,51,18
2016-09-06,4590,2016-09-25,778,Weija,West,Shipped from Abroad,Phones and Tablet,Tablets,iPad Air 4th Gen,1369.3,48.99,1,1418.29,Returned,1,Arrived Late,25,19
2018-05-27,4591,2018-06-06,33,Upper East,Central,Standard Delivery,Phones and Tablet,Mobile phones,iPhone 12,496.36,26.37,4,2011.81,Delivered,3,,21,10
2018-05-23,4592,2018-06-02,422,Greater Accra,West,Shipped from Abroad,Home and Office,Furniture,Ergonomic Office Chair,1237.51,17.2,2,2492.22,Returned,1,Arrived Late,68,10
2019-02-16,4593,2019-02-20,2,Weija,East,Express,Fashion,Shoes,Nike Air Max,127.65,32.01,5,670.26,Delivered,4,,27,4
2020-07-21,4594,2020-07-24,892,Weija,North,Express,Phones and Tablet,Tablets,Amazon Fire HD 8 Kids Tablet,1218.8,17.26,3,3673.66,Delivered,5,,47,3
2020-08-11,4595,2020-08-29,385,Oti,Central,Standard Delivery,Home and Office,Stationery,Parker Pen,1301.73,49.57,5,6558.22,Returned,1,Arrived Late,42,18
2015-11-14,4596,2015-12-04,676,Greater Accra,South,Express,Phones and Tablet,Tablets,iPad Air 4th Gen,912.57,28.69,4,3678.97,Delivered,5,,45,20
2020-04-23,4597,2020-04-28,723,Western,Central,Standard Delivery,Electronics,Home Theatre,LG Soundbar,116.34,24.93,1,141.27,Delivered,3,,28,5
2016-02-11,4598,2016-03-02,130,Greater Accra,South,Shipped from Abroad,Phones and Tablet,Tablets,Amazon Fire HD 8 Kids Tablet,14.04,37.09,3,79.21,Delivered,3,,53,20
2020-09-19,4599,2020-10-05,349,Greater Accra,East,Express,Phones and Tablet,Mobile phones,Infinix Smart HD X612,217.01,43.06,2,477.08,Returned,2,Defective,18,16
2018-04-04,4600,2018-04-11,403,Greater Accra,Central,Standard Delivery,Home and Office,Stationery,Parker Pen,750.19,18.54,4,3019.3,Returned,2,Defective,52,7
2015-12-12,4601,2015-12-31,975,Western,West,Standard Delivery,Fashion,Accessories,Leather Wallet,574.74,27.59,2,1177.07,Returned,1,Not as expected,24,19
2017-11-27,4602,2017-12-04,945,Greater Accra,East,Express,Home and Office,Stationery,Parker Pen,23.56,22.76,5,140.56,Delivered,3,,46,7
2016-12-28,4603,2017-01-09,750,Volta,West,Shipped from Abroad,Fashion,Clothing,100% Cotton 4 Piece T-Shirts,498.76,39.29,5,2533.09,Cancelled,1,Defective,65,12
2019-11-10,4604,2019-11-28,19,Oti,Central,Shipped from Abroad,Phones and Tablet,Tablets,Amazon Fire HD 8 Kids Tablet,1149.0,5.4,3,3452.4,Delivered,1,,44,18
2015-01-06,4605,2015-01-13,398,Ashanti,North,Standard Delivery,Health and beauty,Personal Care,Aichun Beauty Essential Oil,685.71,34.68,2,1406.1,Delivered,1,,50,7
2019-10-13,4606,2019-10-29,118,Western,North,Standard Delivery,Phones and Tablet,Mobile phones,Samsung Galaxy A02,118.1,5.61,5,596.11,Returned,1,Not as expected,62,16
2016-05-12,4607,2016-05-31,641,Upper East,South,Shipped from Abroad,Fashion,Shoes,Nike Air Max,230.48,37.07,5,1189.47,Delivered,4,,41,19
2018-04-05,4608,2018-04-12,963,Ashanti,Central,Express,Phones and Tablet,Mobile phones,iPhone 12,1023.61,35.04,2,2082.26,Delivered,1,,28,7
2016-07-06,4609,2016-07-19,812,Weija,South,Express,Health and beauty,Makeup,Maybelline Foundation,442.14,9.38,1,451.52,Returned,1,Changed Mind,44,13
2016-02-26,4610,2016-03-09,892,Ashanti,West,Express,Home and Office,Furniture,8 Cubes Plastic Wardrobe,764.95,45.39,1,810.34,Delivered,1,,47,12
2015-01-26,4611,2015-02-05,638,Western,Central,Express,Health and beauty,Personal Care,Aichun Beauty Essential Oil,921.31,23.21,4,3708.45,Returned,1,Arrived Late,37,10
2015-08-15,4612,2015-08-21,340,Oti,East,Express,Fashion,Accessories,Leather Wallet,115.31,20.99,5,597.54,Delivered,3,,44,6
2019-05-24,4613,2019-06-05,78,Ashanti,Central,Express,Phones and Tablet,Mobile phones,Infinix Smart HD X612,270.9,38.68,5,1393.18,Delivered,1,,35,12
2017-12-30,4614,2018-01-12,322,Oti,South,Express,Home and Office,Furniture,Ergonomic Office Chair,860.49,13.3,4,3455.26,Delivered,3,,69,13
2016-04-19,4615,2016-05-03,650,Oti,South,Shipped from Abroad,Phones and Tablet,Mobile phones,Infinix Smart HD X612,290.63,27.36,4,1189.88,Returned,1,Changed Mind,34,14
2017-03-17,4616,2017-04-01,356,Weija,West,Standard Delivery,Fashion,Shoes,Adidas Ultraboost,427.72,22.36,5,2160.96,Delivered,3,,53,15
2020-05-13,4617,2020-05-27,910,Weija,South,Standard Delivery,Home and Office,Stationery,Parker Pen,1202.46,31.09,5,6043.39,Delivered,4,,22,14
2020-04-22,4618,2020-05-12,332,Ashanti,South,Standard Delivery,Fashion,Accessories,Polarized Sunglasses,235.65,45.59,2,516.89,Delivered,2,,36,20
2018-01-05,4619,2018-01-25,921,Volta,East,Standard Delivery,Fashion,Clothing,Men's Denim Jacket,1023.13,20.19,1,1043.32,Delivered,2,,68,20
2017-11-20,4620,2017-11-29,218,Greater Accra,West,Standard Delivery,Phones and Tablet,Tablets,Amazon Fire HD 8 Kids Tablet,689.47,40.27,4,2798.15,Delivered,2,,57,9
2019-02-02,4621,2019-02-08,429,Oti,East,Standard Delivery,Electronics,Digital Cameras,Canon EOS 600D 18MP CMOS DSLR,415.76,9.18,4,1672.22,Delivered,5,,55,6
2017-08-11,4622,2017-08-24,447,Ashanti,East,Standard Delivery,Home and Office,Furniture,Ergonomic Office Chair,554.43,49.63,1,604.06,Returned,1,Arrived Late,57,13
2015-01-20,4623,2015-01-26,121,Greater Accra,North,Standard Delivery,Health and beauty,Makeup,Maybelline Foundation,897.49,38.35,4,3628.31,Returned,1,Changed Mind,49,6
2020-06-04,4624,2020-06-14,935,Upper East,North,Standard Delivery,Electronics,Home Theatre,Sony 5.1 Home Theatre,1055.19,32.96,1,1088.15,Delivered,3,,47,10
2017-03-24,4625,2017-04-04,574,Upper East,East,Shipped from Abroad,Electronics,Home Theatre,LG Soundbar,661.58,26.42,1,688.0,Cancelled,1,Defective,62,11
2017-12-19,4626,2018-01-04,951,Ashanti,Central,Standard Delivery,Health and beauty,Personal Care,Aichun Beauty Essential Oil,944.74,47.41,2,1936.89,Delivered,4,,48,16
2016-02-28,4627,2016-03-13,396,Volta,South,Shipped from Abroad,Fashion,Shoes,Adidas Ultraboost,777.52,35.36,5,3922.96,Returned,2,Not as expected,49,14
2020-06-20,4628,2020-06-22,691,Oti,South,Standard Delivery,Phones and Tablet,Tablets,Amazon Fire HD 8 Kids Tablet,1219.22,12.12,4,4889.0,Delivered,2,,21,2
2019-11-13,4629,2019-12-03,694,Western,West,Shipped from Abroad,Fashion,Shoes,Adidas Ultraboost,396.91,47.27,5,2031.82,Delivered,3,,24,20
2016-10-08,4630,2016-10-22,194,Upper East,North,Shipped from Abroad,Phones and Tablet,Mobile phones,Samsung Galaxy A02,394.95,16.35,3,1201.2,Delivered,4,,21,14
2016-07-19,4631,2016-08-01,65,Volta,East,Express,Electronics,Home Theatre,LG Soundbar,1336.27,9.28,1,1345.55,Delivered,1,,58,13
2015-03-27,4632,2015-03-31,458,Weija,North,Standard Delivery,Electronics,Digital Cameras,Sony Alpha a6000,300.71,47.51,2,648.93,Returned,1,Arrived Late,46,4
2017-01-30,4633,2017-02-15,131,Weija,Central,Express,Home and Office,Furniture,Ergonomic Office Chair,328.66,30.01,5,1673.31,Delivered,1,,62,16
2016-02-11,4634,2016-03-02,124,Western,North,Standard Delivery,Health and beauty,Makeup,MAC Lipstick,859.86,16.59,4,3456.03,Delivered,2,,68,20
2020-08-14,4635,2020-08-29,832,Ashanti,East,Express,Health and beauty,Personal Care,Aichun Beauty Essential Oil,1428.45,33.99,3,4319.34,Delivered,5,,51,15
2016-10-21,4636,2016-11-08,14,Weija,North,Shipped from Abroad,Health and beauty,Makeup,Maybelline Foundation,102.35,9.59,3,316.64,Delivered,1,,22,18
2017-07-29,4637,2017-08-14,702,Ashanti,South,Shipped from Abroad,Electronics,Digital Cameras,Canon EOS 600D 18MP CMOS DSLR,1312.76,49.9,4,5300.94,Delivered,2,,69,16
2020-07-27,4638,2020-07-30,980,Ashanti,East,Express,Phones and Tablet,Mobile phones,Infinix Smart HD X612,1230.04,37.18,5,6187.38,Returned,2,Defective,45,3
2019-10-12,4639,2019-10-15,595,Volta,South,Shipped from Abroad,Fashion,Clothing,Men's Denim Jacket,429.8,46.62,2,906.22,Delivered,4,,28,3
2020-12-30,4640,2021-01-14,14,Greater Accra,North,Shipped from Abroad,Fashion,Accessories,Polarized Sunglasses,574.56,45.8,4,2344.04,Returned,1,Arrived Late,22,15
2020-06-10,4641,2020-06-24,133,Volta,North,Shipped from Abroad,Fashion,Accessories,Polarized Sunglasses,466.69,21.77,3,1421.84,Delivered,3,,46,14
2020-12-12,4642,2020-12-19,217,Volta,Central,Shipped from Abroad,Electronics,Digital Cameras,Nikon D3500,624.27,30.79,3,1903.6,Delivered,2,,34,7
2018-11-25,4643,2018-12-01,110,Ashanti,Central,Shipped from Abroad,Fashion,Shoes,Nike Air Max,393.93,36.59,2,824.45,Returned,1,Not as expected,45,6
2020-04-12,4644,2020-04-20,188,Greater Accra,Central,Shipped from Abroad,Electronics,Smartwatches,Samsung Galaxy Watch 3,1358.17,6.72,3,4081.23,Delivered,4,,50,8
2019-05-05,4645,2019-05-10,419,Oti,North,Standard Delivery,Home and Office,Furniture,Ergonomic Office Chair,333.13,47.18,1,380.31,Returned,1,Defective,44,5
2015-12-03,4646,2015-12-14,229,Weija,North,Shipped from Abroad,Electronics,Digital Cameras,Canon EOS 600D 18MP CMOS DSLR,753.48,48.54,5,3815.94,Returned,2,Defective,51,11
2018-02-13,4647,2018-02-25,744,Oti,West,Shipped from Abroad,Health and beauty,Personal Care,Aichun Beauty Essential Oil,704.03,22.71,1,726.74,Delivered,4,,49,12
2020-01-24,4648,2020-02-04,435,Greater Accra,South,Standard Delivery,Health and beauty,Personal Care,Aichun Beauty Essential Oil,503.75,18.76,4,2033.76,Delivered,3,,59,11
2016-09-11,4649,2016-09-27,376,Western,North,Shipped from Abroad,Home and Office,Furniture,8 Cubes Plastic Wardrobe,1207.7,10.04,5,6048.54,Delivered,2,,52,16
2016-12-03,4650,2016-12-09,404,Upper East,Central,Standard Delivery,Phones and Tablet,Mobile phones,Infinix Smart HD X612,74.78,32.9,1,107.68,Delivered,1,,34,6
2017-12-21,4651,2018-01-07,263,Weija,West,Shipped from Abroad,Home and Office,Furniture,Ergonomic Office Chair,1087.56,47.63,1,1135.19,Delivered,3,,66,17
2019-11-29,4652,2019-12-14,793,Volta,South,Standard Delivery,Home and Office,Stationery,Parker Pen,70.19,6.53,1,76.72,Delivered,3,,24,15
2016-04-20,4653,2016-05-09,418,Weija,Central,Standard Delivery,Home and Office,Furniture,Ergonomic Office Chair,1325.95,49.41,4,5353.21,Delivered,3,,41,19
2019-08-18,4654,2019-08-28,804,Weija,Central,Standard Delivery,Fashion,Shoes,Nike Air Max,1129.38,14.2,4,4531.72,Returned,2,Defective,68,10
2017-12-07,4655,2017-12-23,355,Volta,West,Standard Delivery,Electronics,Home Theatre,LG Soundbar,581.26,19.84,3,1763.62,Returned,2,Not as expected,63,16
2020-03-19,4656,2020-03-25,796,Weija,East,Standard Delivery,Home and Office,Furniture,8 Cubes Plastic Wardrobe,1196.78,15.0,1,1211.78,Returned,2,Defective,35,6
2017-01-04,4657,2017-01-15,280,Oti,East,Shipped from Abroad,Electronics,Digital Cameras,Nikon D3500,1391.57,18.05,1,1409.62,Delivered,1,,49,11
2020-04-02,4658,2020-04-21,948,Volta,South,Shipped from Abroad,Home and Office,Furniture,8 Cubes Plastic Wardrobe,708.38,26.27,4,2859.79,Returned,2,Not as expected,33,19
2017-07-26,4659,2017-07-28,961,Upper East,North,Shipped from Abroad,Phones and Tablet,Tablets,iPad Air 4th Gen,837.47,35.1,5,4222.45,Delivered,5,,20,2
2016-11-17,4660,2016-12-04,553,Ashanti,South,Express,Home and Office,Furniture,8 Cubes Plastic Wardrobe,1161.29,9.74,2,2332.32,Delivered,3,,59,17
2017-02-11,4661,2017-02-15,364,Weija,North,Shipped from Abroad,Home and Office,Stationery,Parker Pen,992.62,11.41,4,3981.89,Returned,1,Not as expected,54,4
2020-04-01,4662,2020-04-10,399,Upper East,South,Standard Delivery,Phones and Tablet,Mobile phones,Samsung Galaxy A02,1474.25,32.27,1,1506.52,Delivered,3,,40,9
2017-12-18,4663,2017-12-24,893,Oti,North,Standard Delivery,Home and Office,Stationery,Moleskine Notebook,461.62,32.74,3,1417.6,Delivered,5,,50,6
2020-03-15,4664,2020-03-23,589,Upper East,South,Standard Delivery,Fashion,Accessories,Leather Wallet,524.12,22.97,4,2119.45,Delivered,1,,69,8
2016-06-30,4665,2016-07-16,463,Weija,North,Standard Delivery,Electronics,Home Theatre,Sony 5.1 Home Theatre,1149.02,37.38,5,5782.48,Delivered,4,,55,16
2017-06-03,4666,2017-06-15,504,Weija,Central,Standard Delivery,Fashion,Accessories,Polarized Sunglasses,559.32,22.34,4,2259.62,Returned,2,Not as expected,43,12
2020-09-18,4667,2020-10-04,828,Volta,North,Express,Electronics,Smartwatches,Apple Watch Series 6,15.19,13.55,1,28.74,Delivered,3,,62,16
2017-03-17,4668,2017-03-22,131,Greater Accra,South,Standard Delivery,Fashion,Shoes,Nike Air Max,1118.74,35.83,3,3392.05,Returned,1,Arrived Late,62,5
2017-02-27,4669,2017-03-08,796,Oti,South,Express,Electronics,Smartwatches,Samsung Galaxy Watch 3,429.84,41.69,5,2190.89,Delivered,2,,35,9
2020-01-07,4670,2020-01-10,472,Volta,South,Shipped from Abroad,Phones and Tablet,Mobile phones,Infinix Smart HD X612,1136.67,9.18,2,2282.52,Delivered,2,,58,3
2019-04-09,4671,2019-04-14,114,Weija,South,Express,Health and beauty,Makeup,Maybelline Foundation,111.89,45.58,3,381.25,Delivered,5,,35,5
2020-06-24,4672,2020-06-27,174,Greater Accra,East,Standard Delivery,Phones and Tablet,Tablets,Amazon Fire HD 8 Kids Tablet,1325.77,29.05,4,5332.13,Delivered,4,,66,3
2017-08-10,4673,2017-08-14,85,Weija,East,Express,Health and beauty,Makeup,Maybelline Foundation,1247.66,42.69,4,5033.33,Delivered,3,,29,4
2019-02-13,4674,2019-02-21,484,Weija,South,Standard Delivery,Fashion,Shoes,Adidas Ultraboost,1473.22,32.87,4,5925.75,Delivered,5,,36,8
2020-06-06,4675,2020-06-15,324,Western,South,Shipped from Abroad,Fashion,Shoes,Adidas Ultraboost,192.47,34.01,4,803.89,Delivered,2,,34,9
2018-02-08,4676,2018-02-25,573,Western,North,Express,Electronics,Home Theatre,LG Soundbar,1379.53,14.96,3,4153.55,Returned,2,Changed Mind,44,17
2015-07-02,4677,2015-07-21,958,Western,Central,Express,Fashion,Clothing,100% Cotton 4 Piece T-Shirts,216.01,24.13,5,1104.18,Delivered,1,,45,19
2015-02-02,4678,2015-02-04,870,Oti,North,Shipped from Abroad,Phones and Tablet,Tablets,iPad Air 4th Gen,18.75,46.51,5,140.26,Delivered,4,,49,2
2020-03-03,4679,2020-03-13,535,Greater Accra,North,Express,Health and beauty,Personal Care,Aichun Beauty Essential Oil,730.14,47.85,1,777.99,Returned,2,Defective,26,10
2016-07-19,4680,2016-08-01,67,Greater Accra,South,Standard Delivery,Phones and Tablet,Tablets,Amazon Fire HD 8 Kids Tablet,1026.16,10.2,3,3088.68,Delivered,3,,30,13
2015-02-25,4681,2015-02-27,775,Ashanti,East,Standard Delivery,Phones and Tablet,Tablets,Amazon Fire HD 8 Kids Tablet,1092.81,9.49,2,2195.11,Delivered,5,,36,2
2016-07-06,4682,2016-07-09,601,Ashanti,Central,Express,Fashion,Clothing,Men's Denim Jacket,346.08,24.75,5,1755.15,Delivered,3,,44,3
2017-12-17,4683,2018-01-01,251,Volta,Central,Shipped from Abroad,Health and beauty,Makeup,Maybelline Foundation,239.08,13.51,1,252.59,Returned,2,Arrived Late,50,15
2017-12-17,4684,2017-12-22,371,Ashanti,West,Standard Delivery,Phones and Tablet,Tablets,Amazon Fire HD 8 Kids Tablet,126.25,24.71,3,403.46,Returned,2,Changed Mind,46,5
2015-10-28,4685,2015-11-14,16,Western,Central,Standard Delivery,Health and beauty,Personal Care,Aichun Beauty Essential Oil,1166.78,36.46,3,3536.8,Delivered,3,,70,17
2016-10-02,4686,2016-10-08,671,Weija,North,Shipped from Abroad,Health and beauty,Makeup,MAC Lipstick,416.92,14.83,4,1682.51,Delivered,2,,23,6
2017-12-08,4687,2017-12-26,281,Western,East,Shipped from Abroad,Phones and Tablet,Tablets,iPad Air 4th Gen,920.62,27.18,2,1868.42,Delivered,4,,54,18
2018-07-07,4688,2018-07-19,769,Upper East,South,Express,Phones and Tablet,Mobile phones,iPhone 12,1041.24,19.33,2,2101.81,Delivered,1,,41,12
2020-09-06,4689,2020-09-19,977,Ashanti,North,Standard Delivery,Fashion,Accessories,Leather Wallet,337.85,39.92,3,1053.47,Delivered,2,,47,13
2015-04-20,4690,2015-04-28,709,Oti,North,Standard Delivery,Electronics,Digital Cameras,Nikon D3500,1104.34,24.76,1,1129.1,Cancelled,2,Changed Mind,24,8
2016-05-20,4691,2016-05-30,226,Ashanti,East,Shipped from Abroad,Health and beauty,Personal Care,Avon Soft Musk Spray,106.08,21.64,5,552.04,Delivered,3,,23,10
2019-03-20,4692,2019-04-03,74,Greater Accra,Central,Standard Delivery,Fashion,Shoes,Adidas Ultraboost,973.29,26.44,2,1973.02,Delivered,1,,67,14
2015-03-21,4693,2015-03-26,712,Oti,South,Shipped from Abroad,Health and beauty,Personal Care,Avon Soft Musk Spray,436.78,23.31,3,1333.65,Delivered,4,,33,5
2019-02-27,4694,2019-03-12,181,Western,East,Express,Fashion,Accessories,Leather Wallet,267.72,40.43,3,843.59,Returned,1,Not as expected,63,13
2018-02-21,4695,2018-03-07,740,Ashanti,Central,Standard Delivery,Electronics,Smartwatches,Apple Watch Series 6,43.91,41.47,5,261.02,Delivered,4,,25,14
2020-05-31,4696,2020-06-06,434,Greater Accra,North,Standard Delivery,Electronics,Smartwatches,Apple Watch Series 6,380.61,15.12,3,1156.95,Delivered,3,,65,6
2017-04-01,4697,2017-04-19,303,Western,West,Shipped from Abroad,Phones and Tablet,Tablets,iPad Air 4th Gen,1465.04,10.36,5,7335.56,Returned,1,Not as expected,35,18
2017-10-16,4698,2017-10-27,420,Greater Accra,East,Shipped from Abroad,Home and Office,Stationery,Parker Pen,500.82,37.85,3,1540.31,Returned,1,Defective,37,11
2017-12-28,4699,2018-01-10,766,Weija,Central,Express,Home and Office,Furniture,Ergonomic Office Chair,782.52,28.49,1,811.01,Delivered,3,,23,13
2019-08-28,4700,2019-09-08,246,Oti,West,Shipped from Abroad,Phones and Tablet,Tablets,iPad Air 4th Gen,1295.68,34.65,2,2626.01,Returned,1,Defective,68,11
2015-02-20,4701,2015-03-12,365,Greater Accra,East,Shipped from Abroad,Health and beauty,Personal Care,Avon Soft Musk Spray,852.27,48.17,3,2604.98,Delivered,2,,69,20
2016-12-18,4702,2017-01-05,662,Greater Accra,Central,Shipped from Abroad,Phones and Tablet,Mobile phones,Infinix Smart HD X612,676.26,18.52,2,1371.04,Delivered,3,,46,18
2015-06-18,4703,2015-07-06,711,Upper East,Central,Shipped from Abroad,Fashion,Shoes,Nike Air Max,1268.57,23.53,4,5097.81,Delivered,2,,28,18
2020-12-01,4704,2020-12-13,718,Greater Accra,Central,Shipped from Abroad,Electronics,Digital Cameras,Nikon D3500,690.92,25.9,4,2789.58,Delivered,4,,20,12
2017-12-25,4705,2018-01-04,876,Western,East,Shipped from Abroad,Health and beauty,Makeup,Maybelline Foundation,1411.09,11.89,3,4245.16,Delivered,3,,34,10
2016-01-21,4706,2016-02-08,385,Ashanti,Central,Standard Delivery,Home and Office,Furniture,Ergonomic Office Chair,745.64,31.1,3,2268.02,Delivered,1,,42,18
2018-06-14,4707,2018-06-21,478,Upper East,Central,Express,Fashion,Accessories,Leather Wallet,1283.63,18.69,4,5153.21,Returned,2,Changed Mind,47,7
2016-08-18,4708,2016-09-03,515,Ashanti,West,Express,Home and Office,Stationery,Moleskine Notebook,983.59,37.3,4,3971.66,Cancelled,1,Changed Mind,66,16
2020-07-02,4709,2020-07-16,100,Western,North,Standard Delivery,Phones and Tablet,Mobile phones,Samsung Galaxy A02,1094.38,7.59,3,3290.73,Returned,2,Arrived Late,67,14
2020-11-25,4710,2020-12-10,270,Greater Accra,Central,Shipped from Abroad,Phones and Tablet,Mobile phones,Infinix Smart HD X612,1373.6,11.78,5,6879.78,Delivered,4,,69,15
2015-05-12,4711,2015-05-21,45,Upper East,North,Shipped from Abroad,Phones and Tablet,Tablets,Amazon Fire HD 8 Kids Tablet,918.48,43.13,5,4635.53,Delivered,1,,46,9
2020-04-22,4712,2020-05-05,308,Western,Central,Express,Health and beauty,Personal Care,Avon Soft Musk Spray,227.25,27.73,2,482.23,Delivered,4,,49,13
2018-12-21,4713,2018-12-25,438,Volta,East,Shipped from Abroad,Electronics,Digital Cameras,Nikon D3500,1305.59,48.28,1,1353.87,Delivered,3,,22,4
2018-06-15,4714,2018-06-24,663,Volta,South,Shipped from Abroad,Health and beauty,Makeup,Maybelline Foundation,394.55,10.88,1,405.43,Delivered,3,,43,9
2020-08-27,4715,2020-08-29,966,Greater Accra,West,Shipped from Abroad,Home and Office,Stationery,Parker Pen,1460.67,21.72,1,1482.39,Returned,1,Not as expected,62,2
2020-06-27,4716,2020-07-01,490,Upper East,East,Express,Fashion,Shoes,Nike Air Max,341.47,28.67,4,1394.55,Returned,2,Defective,51,4
2019-12-04,4717,2019-12-13,923,Upper East,East,Express,Phones and Tablet,Tablets,Amazon Fire HD 8 Kids Tablet,738.59,26.62,2,1503.8,Cancelled,1,Not as expected,63,9
2017-07-05,4718,2017-07-22,977,Upper East,Central,Express,Home and Office,Furniture,Ergonomic Office Chair,921.16,40.7,5,4646.5,Delivered,1,,47,17
2020-06-07,4719,2020-06-24,883,Volta,Central,Standard Delivery,Fashion,Shoes,Nike Air Max,754.57,43.27,3,2306.98,Delivered,1,,33,17
2019-05-07,4720,2019-05-26,32,Western,North,Shipped from Abroad,Home and Office,Furniture,Ergonomic Office Chair,276.48,26.71,5,1409.11,Delivered,5,,50,19
2018-01-04,4721,2018-01-08,781,Ashanti,West,Standard Delivery,Electronics,Smartwatches,Apple Watch Series 6,1369.81,41.8,4,5521.04,Returned,2,Defective,59,4
2019-01-29,4722,2019-02-03,560,Upper East,Central,Standard Delivery,Health and beauty,Personal Care,Aichun Beauty Essential Oil,668.87,39.87,3,2046.48,Delivered,4,,21,5
2018-02-15,4723,2018-03-03,339,Oti,West,Shipped from Abroad,Electronics,Home Theatre,LG Soundbar,1024.88,26.2,1,1051.08,Delivered,3,,53,16
2019-12-04,4724,2019-12-07,409,Weija,East,Shipped from Abroad,Home and Office,Stationery,Parker Pen,344.66,23.55,2,712.87,Delivered,4,,52,3
2020-04-25,4725,2020-05-09,126,Volta,East,Shipped from Abroad,Phones and Tablet,Tablets,iPad Air 4th Gen,1209.15,13.89,5,6059.64,Returned,1,Changed Mind,55,14
2017-01-10,4726,2017-01-30,213,Weija,West,Express,Phones and Tablet,Tablets,Amazon Fire HD 8 Kids Tablet,959.98,39.86,1,999.84,Delivered,2,,23,20
2016-02-25,4727,2016-03-04,423,Volta,Central,Express,Fashion,Clothing,Men's Denim Jacket,744.83,7.25,3,2241.74,Delivered,2,,59,8
2018-09-20,4728,2018-10-08,405,Weija,North,Standard Delivery,Phones and Tablet,Mobile phones,Infinix Smart HD X612,297.98,34.92,1,332.9,Returned,1,Changed Mind,42,18
2016-04-18,4729,2016-04-20,109,Volta,North,Standard Delivery,Phones and Tablet,Mobile phones,iPhone 12,698.93,36.82,3,2133.61,Delivered,3,,46,2
2020-10-30,4730,2020-11-02,968,Weija,Central,Standard Delivery,Home and Office,Furniture,Ergonomic Office Chair,863.3,22.21,5,4338.71,Cancelled,1,Changed Mind,42,3
2020-05-16,4731,2020-05-29,148,Upper East,East,Standard Delivery,Health and beauty,Personal Care,Aichun Beauty Essential Oil,1176.92,12.74,5,5897.34,Delivered,2,,34,13
2020-10-19,4732,2020-10-21,618,Western,East,Shipped from Abroad,Fashion,Shoes,Adidas Ultraboost,806.59,8.06,5,4041.01,Returned,1,Defective,20,2
2020-03-03,4733,2020-03-21,157,Volta,Central,Express,Phones and Tablet,Tablets,iPad Air 4th Gen,523.4,17.93,4,2111.53,Returned,1,Defective,42,18
2019-08-27,4734,2019-08-31,554,Oti,East,Shipped from Abroad,Electronics,Digital Cameras,Sony Alpha a6000,764.63,42.9,4,3101.42,Delivered,3,,62,4
2016-11-23,4735,2016-11-25,376,Greater Accra,North,Standard Delivery,Phones and Tablet,Mobile phones,Samsung Galaxy A02,1499.62,34.98,2,3034.22,Delivered,4,,52,2
2016-08-18,4736,2016-08-29,141,Oti,East,Shipped from Abroad,Health and beauty,Makeup,Maybelline Foundation,1250.03,26.87,5,6277.02,Returned,1,Arrived Late,19,11
2020-09-29,4737,2020-10-05,502,Oti,Central,Standard Delivery,Home and Office,Furniture,8 Cubes Plastic Wardrobe,715.97,25.16,1,741.13,Returned,2,Arrived Late,60,6
2019-01-10,4738,2019-01-30,177,Weija,Central,Standard Delivery,Health and beauty,Makeup,MAC Lipstick,227.38,5.11,3,687.25,Delivered,1,,41,20
2015-11-08,4739,2015-11-15,595,Weija,Central,Express,Electronics,Smartwatches,Apple Watch Series 6,687.16,26.65,1,713.81,Returned,2,Defective,28,7
2019-06-15,4740,2019-07-02,896,Ashanti,West,Shipped from Abroad,Electronics,Home Theatre,LG Soundbar,1035.15,15.55,4,4156.15,Delivered,3,,64,17
2017-03-20,4741,2017-03-28,320,Volta,East,Standard Delivery,Fashion,Accessories,Polarized Sunglasses,381.7,9.49,2,772.89,Delivered,1,,59,8
2016-06-30,4742,2016-07-02,787,Weija,North,Standard Delivery,Health and beauty,Makeup,MAC Lipstick,1339.65,43.12,4,5401.72,Delivered,3,,56,2
2019-04-13,4743,2019-04-29,634,Upper East,South,Standard Delivery,Health and beauty,Makeup,Maybelline Foundation,140.7,5.87,3,427.97,Delivered,4,,57,16
2015-08-30,4744,2015-09-14,27,Greater Accra,South,Shipped from Abroad,Fashion,Shoes,Adidas Ultraboost,516.95,30.34,2,1064.24,Delivered,3,,46,15
2019-11-24,4745,2019-11-27,429,Greater Accra,East,Shipped from Abroad,Fashion,Shoes,Adidas Ultraboost,54.2,29.64,2,138.04,Delivered,2,,55,3
2019-06-02,4746,2019-06-11,396,Oti,Central,Standard Delivery,Home and Office,Furniture,Ergonomic Office Chair,1234.24,30.84,5,6202.04,Delivered,5,,49,9
2019-11-20,4747,2019-11-23,142,Weija,South,Standard Delivery,Fashion,Clothing,Men's Denim Jacket,1089.38,22.72,1,1112.1,Delivered,5,,35,3
2015-03-26,4748,2015-04-01,752,Upper East,East,Standard Delivery,Home and Office,Stationery,Parker Pen,1493.12,43.63,2,3029.87,Delivered,3,,50,6
2019-04-01,4749,2019-04-13,642,Ashanti,West,Express,Phones and Tablet,Tablets,iPad Air 4th Gen,1214.36,8.18,5,6079.98,Returned,2,Defective,23,12
2016-12-07,4750,2016-12-15,894,Ashanti,West,Express,Health and beauty,Personal Care,Aichun Beauty Essential Oil,11.8,32.55,4,79.75,Returned,2,Defective,21,8
2018-09-05,4751,2018-09-22,427,Upper East,East,Shipped from Abroad,Fashion,Accessories,Leather Wallet,841.41,45.58,2,1728.4,Delivered,3,,68,17
2015-02-17,4752,2015-02-25,470,Upper East,South,Shipped from Abroad,Home and Office,Stationery,Parker Pen,1119.21,31.92,4,4508.76,Cancelled,1,Defective,24,8
2015-11-10,4753,2015-11-27,225,Upper East,South,Shipped from Abroad,Health and beauty,Personal Care,Avon Soft Musk Spray,1404.25,25.17,1,1429.42,Returned,2,Not as expected,39,17
2018-01-06,4754,2018-01-12,186,Upper East,West,Standard Delivery,Fashion,Accessories,Leather Wallet,989.97,25.79,5,4975.64,Delivered,3,,29,6
2019-11-05,4755,2019-11-12,571,Upper East,West,Express,Electronics,Digital Cameras,Sony Alpha a6000,364.89,23.88,5,1848.33,Returned,2,Not as expected,22,7
2018-08-07,4756,2018-08-26,963,Western,West,Express,Fashion,Accessories,Polarized Sunglasses,298.73,43.17,2,640.63,Returned,1,Changed Mind,28,19
2020-05-05,4757,2020-05-23,414,Upper East,East,Express,Electronics,Home Theatre,LG Soundbar,639.07,34.21,2,1312.35,Delivered,4,,19,18
2020-04-24,4758,2020-05-10,109,Western,East,Shipped from Abroad,Phones and Tablet,Tablets,Amazon Fire HD 8 Kids Tablet,1445.89,5.63,4,5789.19,Delivered,5,,46,16
2017-12-28,4759,2018-01-14,116,Oti,North,Shipped from Abroad,Home and Office,Stationery,Moleskine Notebook,662.86,21.56,1,684.42,Delivered,2,,56,17
2018-03-25,4760,2018-04-11,227,Greater Accra,Central,Shipped from Abroad,Electronics,Digital Cameras,Canon EOS 600D 18MP CMOS DSLR,1395.36,28.0,2,2818.72,Delivered,3,,60,17
2015-05-15,4761,2015-05-24,207,Western,Central,Express,Health and beauty,Personal Care,Aichun Beauty Essential Oil,616.19,39.51,4,2504.27,Delivered,1,,37,9
2015-02-24,4762,2015-02-26,519,Ashanti,South,Standard Delivery,Health and beauty,Makeup,MAC Lipstick,1052.6,44.76,3,3202.56,Returned,1,Changed Mind,34,2
2020-06-27,4763,2020-07-04,499,Oti,West,Shipped from Abroad,Electronics,Home Theatre,Sony 5.1 Home Theatre,231.95,5.78,2,469.68,Delivered,3,,22,7
2017-04-22,4764,2017-05-10,97,Ashanti,Central,Shipped from Abroad,Electronics,Home Theatre,LG Soundbar,154.13,26.53,4,643.05,Delivered,3,,61,18
2018-03-13,4765,2018-03-20,420,Upper East,East,Shipped from Abroad,Electronics,Digital Cameras,Sony Alpha a6000,446.49,33.35,2,926.33,Returned,1,Not as expected,37,7
2020-06-13,4766,2020-06-16,331,Ashanti,North,Shipped from Abroad,Phones and Tablet,Tablets,iPad Air 4th Gen,1462.12,15.41,4,5863.89,Delivered,1,,30,3
2019-10-19,4767,2019-11-03,359,Western,East,Standard Delivery,Home and Office,Stationery,Parker Pen,1313.79,36.73,4,5291.89,Delivered,1,,30,15
2020-10-03,4768,2020-10-23,868,Oti,East,Express,Home and Office,Furniture,8 Cubes Plastic Wardrobe,289.02,34.78,5,1479.88,Delivered,2,,69,20
2017-04-30,4769,2017-05-11,602,Oti,Central,Shipped from Abroad,Home and Office,Stationery,Moleskine Notebook,1387.07,22.94,4,5571.22,Delivered,2,,25,11
2018-07-01,4770,2018-07-17,695,Western,West,Standard Delivery,Fashion,Shoes,Nike Air Max,1108.08,31.62,1,1139.7,Delivered,2,,61,16
2016-04-17,4771,2016-05-02,745,Ashanti,Central,Express,Phones and Tablet,Mobile phones,Infinix Smart HD X612,389.55,43.35,1,432.9,Delivered,3,,58,15
2017-06-11,4772,2017-06-20,3,Oti,North,Shipped from Abroad,Health and beauty,Personal Care,Aichun Beauty Essential Oil,265.13,17.34,2,547.6,Returned,2,Not as expected,24,9
2016-02-20,4773,2016-03-06,386,Oti,South,Express,Home and Office,Stationery,Parker Pen,882.76,11.78,5,4425.58,Delivered,1,,40,15
2020-04-02,4774,2020-04-14,71,Weija,Central,Express,Health and beauty,Makeup,Maybelline Foundation,919.98,17.39,3,2777.33,Returned,2,Defective,69,12
2017-06-28,4775,2017-07-09,230,Greater Accra,Central,Standard Delivery,Home and Office,Furniture,Ergonomic Office Chair,815.42,5.72,1,821.14,Delivered,3,,59,11
2018-12-22,4776,2018-12-24,167,Weija,East,Standard Delivery,Health and beauty,Personal Care,Aichun Beauty Essential Oil,642.97,43.77,5,3258.62,Delivered,4,,51,2
2019-07-29,4777,2019-08-13,218,Volta,East,Shipped from Abroad,Home and Office,Furniture,Ergonomic Office Chair,774.54,48.74,3,2372.36,Delivered,3,,57,15
2016-11-27,4778,2016-12-14,539,Volta,North,Express,Phones and Tablet,Tablets,Amazon Fire HD 8 Kids Tablet,339.36,41.38,4,1398.82,Returned,2,Defective,60,17
2020-02-11,4779,2020-02-27,658,Weija,West,Standard Delivery,Home and Office,Stationery,Parker Pen,1263.58,7.64,1,1271.22,Delivered,4,,27,16
2019-10-31,4780,2019-11-12,75,Ashanti,Central,Express,Electronics,Home Theatre,Sony 5.1 Home Theatre,1307.21,32.9,5,6568.95,Returned,1,Not as expected,26,12
2020-11-17,4781,2020-12-06,871,Ashanti,East,Express,Home and Office,Furniture,8 Cubes Plastic Wardrobe,1163.64,9.83,2,2337.11,Delivered,3,,47,19
2015-05-02,4782,2015-05-04,402,Weija,East,Shipped from Abroad,Health and beauty,Personal Care,Aichun Beauty Essential Oil,770.61,46.3,4,3128.74,Delivered,5,,29,2
2016-02-05,4783,2016-02-16,323,Oti,South,Shipped from Abroad,Phones and Tablet,Tablets,iPad Air 4th Gen,137.1,33.67,1,170.77,Returned,1,Defective,63,11
2017-06-28,4784,2017-07-04,14,Volta,North,Shipped from Abroad,Phones and Tablet,Mobile phones,Samsung Galaxy A02,1148.8,49.09,4,4644.29,Returned,2,Arrived Late,22,6
2018-07-26,4785,2018-08-13,300,Weija,West,Shipped from Abroad,Health and beauty,Makeup,MAC Lipstick,517.23,35.76,2,1070.22,Delivered,3,,18,18
2017-08-28,4786,2017-09-11,677,Western,South,Standard Delivery,Home and Office,Stationery,Moleskine Notebook,661.23,38.58,4,2683.5,Delivered,5,,45,14
2020-07-02,4787,2020-07-21,139,Western,East,Express,Health and beauty,Makeup,MAC Lipstick,751.29,27.02,3,2280.89,Returned,1,Arrived Late,50,19
2016-07-07,4788,2016-07-14,372,Ashanti,South,Standard Delivery,Health and beauty,Personal Care,Avon Soft Musk Spray,932.03,17.34,5,4677.49,Delivered,2,,25,7
2017-11-04,4789,2017-11-18,989,Upper East,South,Express,Phones and Tablet,Mobile phones,Infinix Smart HD X612,1231.8,13.57,2,2477.17,Returned,1,Changed Mind,61,14
2016-08-04,4790,2016-08-21,83,Upper East,North,Express,Electronics,Smartwatches,Apple Watch Series 6,1244.73,11.03,2,2500.49,Delivered,5,,27,17
2015-06-13,4791,2015-06-21,436,Upper East,East,Standard Delivery,Health and beauty,Personal Care,Avon Soft Musk Spray,695.88,13.26,3,2100.9,Returned,2,Changed Mind,66,8
2018-12-04,4792,2018-12-20,701,Oti,East,Express,Fashion,Clothing,Men's Denim Jacket,982.05,45.11,3,2991.26,Returned,1,Changed Mind,65,16
2018-07-27,4793,2018-08-14,743,Oti,South,Standard Delivery,Phones and Tablet,Mobile phones,iPhone 12,1248.03,28.0,3,3772.09,Returned,1,Defective,29,18
2020-06-16,4794,2020-06-27,957,Weija,East,Express,Electronics,Smartwatches,Apple Watch Series 6,59.46,49.83,3,228.21,Delivered,3,,22,11
2015-07-30,4795,2015-08-17,797,Oti,East,Express,Health and beauty,Makeup,Maybelline Foundation,749.83,42.64,3,2292.13,Delivered,3,,22,18
2017-03-04,4796,2017-03-16,696,Volta,North,Shipped from Abroad,Health and beauty,Makeup,Maybelline Foundation,1399.02,14.96,1,1413.98,Returned,2,Arrived Late,21,12
2020-04-15,4797,2020-04-26,681,Western,South,Standard Delivery,Fashion,Clothing,Men's Denim Jacket,38.55,13.44,5,206.19,Delivered,4,,42,11
2016-03-16,4798,2016-03-20,162,Western,East,Express,Health and beauty,Personal Care,Avon Soft Musk Spray,355.96,48.11,2,760.03,Delivered,4,,64,4
2019-02-25,4799,2019-03-02,96,Weija,East,Shipped from Abroad,Phones and Tablet,Mobile phones,Samsung Galaxy A02,128.22,26.92,4,539.8,Cancelled,1,Changed Mind,40,5
2020-04-28,4800,2020-05-11,572,Volta,East,Shipped from Abroad,Electronics,Smartwatches,Apple Watch Series 6,40.95,33.42,5,238.17,Delivered,3,,34,13
2015-01-23,4801,2015-02-09,678,Western,South,Shipped from Abroad,Fashion,Shoes,Adidas Ultraboost,1313.78,48.23,4,5303.35,Delivered,3,,36,17
2019-06-06,4802,2019-06-24,912,Oti,South,Express,Fashion,Clothing,Men's Denim Jacket,983.39,48.12,3,2998.29,Delivered,1,,37,18
2016-05-04,4803,2016-05-16,795,Ashanti,South,Shipped from Abroad,Health and beauty,Makeup,MAC Lipstick,280.74,23.22,5,1426.92,Delivered,1,,62,12
2018-11-08,4804,2018-11-11,814,Oti,West,Standard Delivery,Fashion,Clothing,100% Cotton 4 Piece T-Shirts,1329.2,36.45,5,6682.45,Returned,2,Changed Mind,27,3
2020-06-27,4805,2020-07-06,132,Upper East,West,Shipped from Abroad,Electronics,Digital Cameras,Sony Alpha a6000,829.48,34.74,2,1693.7,Returned,1,Arrived Late,21,9
2018-12-17,4806,2019-01-02,390,Volta,Central,Shipped from Abroad,Electronics,Digital Cameras,Sony Alpha a6000,154.32,12.84,5,784.44,Cancelled,1,Changed Mind,42,16
2019-04-03,4807,2019-04-23,443,Ashanti,South,Standard Delivery,Phones and Tablet,Mobile phones,Infinix Smart HD X612,290.93,9.11,1,300.04,Delivered,3,,19,20
2018-07-15,4808,2018-07-22,298,Weija,North,Shipped from Abroad,Electronics,Smartwatches,Apple Watch Series 6,342.6,32.24,1,374.84,Delivered,5,,69,7
2017-03-19,4809,2017-04-06,237,Western,North,Express,Health and beauty,Personal Care,Avon Soft Musk Spray,259.89,22.43,5,1321.88,Delivered,4,,58,18
2019-02-27,4810,2019-03-03,754,Ashanti,South,Express,Health and beauty,Personal Care,Avon Soft Musk Spray,592.51,16.98,1,609.49,Delivered,2,,22,4
2020-04-16,4811,2020-04-24,218,Volta,South,Standard Delivery,Health and beauty,Personal Care,Avon Soft Musk Spray,239.24,24.87,2,503.35,Delivered,2,,57,8
2018-10-25,4812,2018-11-14,454,Volta,West,Standard Delivery,Electronics,Home Theatre,Sony 5.1 Home Theatre,841.25,36.73,3,2560.48,Cancelled,1,Defective,20,20
2015-10-28,4813,2015-11-17,128,Oti,West,Standard Delivery,Fashion,Clothing,100% Cotton 4 Piece T-Shirts,223.24,39.79,5,1155.99,Returned,1,Changed Mind,66,20
2017-11-26,4814,2017-12-14,204,Upper East,North,Shipped from Abroad,Health and beauty,Makeup,MAC Lipstick,798.25,15.08,4,3208.08,Delivered,1,,35,18
2017-12-01,4815,2017-12-17,52,Western,Central,Standard Delivery,Home and Office,Stationery,Moleskine Notebook,983.26,42.03,1,1025.29,Returned,2,Defective,22,16
2018-09-30,4816,2018-10-17,57,Western,North,Express,Electronics,Home Theatre,Sony 5.1 Home Theatre,821.75,21.26,5,4130.01,Returned,2,Changed Mind,21,17
2015-04-25,4817,2015-04-29,333,Oti,East,Shipped from Abroad,Home and Office,Stationery,Moleskine Notebook,766.62,29.18,5,3862.28,Delivered,2,,18,4
2017-10-26,4818,2017-11-12,878,Greater Accra,East,Standard Delivery,Health and beauty,Personal Care,Avon Soft Musk Spray,937.56,12.38,3,2825.06,Delivered,3,,32,17
2015-05-09,4819,2015-05-24,726,Upper East,West,Express,Home and Office,Furniture,8 Cubes Plastic Wardrobe,1101.01,37.08,4,4441.12,Delivered,3,,27,15
2020-03-07,4820,2020-03-10,836,Ashanti,West,Standard Delivery,Phones and Tablet,Mobile phones,iPhone 12,146.39,9.73,3,448.9,Delivered,3,,26,3
2016-04-29,4821,2016-05-19,928,Greater Accra,South,Standard Delivery,Phones and Tablet,Tablets,iPad Air 4th Gen,955.9,10.22,5,4789.72,Delivered,2,,58,20
2018-01-05,4822,2018-01-09,325,Ashanti,East,Standard Delivery,Fashion,Accessories,Leather Wallet,852.05,43.05,3,2599.2,Delivered,1,,22,4
2016-08-08,4823,2016-08-13,293,Western,West,Standard Delivery,Electronics,Smartwatches,Apple Watch Series 6,481.95,15.46,2,979.36,Delivered,4,,49,5
2017-10-30,4824,2017-11-18,470,Greater Accra,Central,Shipped from Abroad,Fashion,Accessories,Polarized Sunglasses,919.76,13.55,3,2772.83,Delivered,3,,24,19
2017-08-27,4825,2017-09-06,790,Oti,Central,Express,Home and Office,Stationery,Moleskine Notebook,140.34,13.38,1,153.72,Cancelled,2,Defective,36,10
2015-02-08,4826,2015-02-17,144,Ashanti,East,Standard Delivery,Home and Office,Furniture,Ergonomic Office Chair,829.37,41.6,4,3359.08,Delivered,4,,65,9
2018-01-26,4827,2018-02-08,238,Greater Accra,South,Shipped from Abroad,Fashion,Clothing,100% Cotton 4 Piece T-Shirts,361.1,10.55,5,1816.05,Delivered,3,,44,13
2019-08-01,4828,2019-08-05,759,Western,Central,Shipped from Abroad,Electronics,Smartwatches,Apple Watch Series 6,107.57,16.44,3,339.15,Delivered,3,,30,4
2015-07-19,4829,2015-07-27,498,Western,North,Standard Delivery,Electronics,Digital Cameras,Canon EOS 600D 18MP CMOS DSLR,1123.77,21.35,4,4516.43,Delivered,3,,70,8
2017-10-01,4830,2017-10-14,921,Oti,Central,Standard Delivery,Health and beauty,Makeup,MAC Lipstick,399.57,44.79,1,444.36,Returned,1,Arrived Late,68,13
2016-07-13,4831,2016-07-28,418,Oti,East,Shipped from Abroad,Home and Office,Stationery,Moleskine Notebook,1063.89,13.23,3,3204.9,Returned,2,Arrived Late,41,15
2019-07-09,4832,2019-07-20,829,Oti,West,Express,Health and beauty,Makeup,MAC Lipstick,672.54,25.49,2,1370.57,Delivered,4,,40,11
2016-06-04,4833,2016-06-07,694,Ashanti,West,Shipped from Abroad,Phones and Tablet,Tablets,iPad Air 4th Gen,418.05,41.14,4,1713.34,Delivered,2,,24,3
2017-02-12,4834,2017-03-02,273,Greater Accra,North,Shipped from Abroad,Phones and Tablet,Tablets,iPad Air 4th Gen,56.93,34.55,5,319.2,Delivered,5,,49,18
2016-01-24,4835,2016-01-26,352,Ashanti,Central,Standard Delivery,Home and Office,Furniture,Ergonomic Office Chair,1381.77,28.29,5,6937.14,Delivered,2,,40,2
2017-10-26,4836,2017-10-29,272,Upper East,Central,Shipped from Abroad,Phones and Tablet,Mobile phones,Samsung Galaxy A02,838.03,49.86,2,1725.92,Cancelled,2,Changed Mind,19,3
2017-06-01,4837,2017-06-03,402,Greater Accra,South,Express,Home and Office,Stationery,Parker Pen,1267.84,25.56,4,5096.92,Delivered,4,,29,2
2018-04-29,4838,2018-05-10,619,Ashanti,West,Standard Delivery,Home and Office,Stationery,Parker Pen,432.89,45.8,1,478.69,Returned,1,Changed Mind,22,11
2019-06-09,4839,2019-06-12,977,Western,North,Standard Delivery,Phones and Tablet,Mobile phones,Samsung Galaxy A02,949.42,29.54,1,978.96,Delivered,3,,47,3
2015-06-01,4840,2015-06-20,383,Volta,East,Shipped from Abroad,Fashion,Shoes,Nike Air Max,31.71,8.26,4,135.1,Delivered,3,,70,19
2018-11-21,4841,2018-11-28,267,Western,Central,Express,Phones and Tablet,Tablets,Amazon Fire HD 8 Kids Tablet,1448.1,10.3,3,4354.6,Delivered,1,,36,7
2019-12-16,4842,2019-12-28,967,Upper East,East,Express,Health and beauty,Makeup,Maybelline Foundation,391.26,6.21,3,1179.99,Delivered,1,,38,12
2020-10-10,4843,2020-10-25,743,Ashanti,North,Shipped from Abroad,Home and Office,Stationery,Parker Pen,927.75,49.08,4,3760.08,Delivered,5,,29,15
2020-06-05,4844,2020-06-07,149,Oti,East,Express,Home and Office,Stationery,Moleskine Notebook,992.11,34.72,4,4003.16,Delivered,5,,46,2
2020-11-15,4845,2020-11-22,300,Ashanti,South,Shipped from Abroad,Phones and Tablet,Tablets,Amazon Fire HD 8 Kids Tablet,770.47,12.43,2,1553.37,Delivered,5,,18,7
2017-01-07,4846,2017-01-13,30,Oti,South,Shipped from Abroad,Home and Office,Stationery,Parker Pen,364.48,14.06,4,1471.98,Delivered,1,,48,6
2017-09-20,4847,2017-09-29,324,Volta,West,Shipped from Abroad,Health and beauty,Makeup,MAC Lipstick,1429.2,42.9,4,5759.7,Delivered,4,,34,9
2020-07-06,4848,2020-07-20,719,Upper East,Central,Shipped from Abroad,Fashion,Shoes,Nike Air Max,294.23,43.83,3,926.52,Delivered,3,,46,14
2019-05-29,4849,2019-06-17,977,Oti,East,Express,Fashion,Shoes,Adidas Ultraboost,289.61,32.78,4,1191.22,Returned,1,Defective,47,19
2019-08-14,4850,2019-08-27,313,Greater Accra,West,Express,Electronics,Home Theatre,Sony 5.1 Home Theatre,992.63,48.02,5,5011.17,Delivered,4,,61,13
2016-05-16,4851,2016-06-05,894,Western,South,Shipped from Abroad,Health and beauty,Personal Care,Aichun Beauty Essential Oil,1313.13,29.78,4,5282.3,Delivered,4,,21,20
2016-12-21,4852,2016-12-31,884,Western,South,Standard Delivery,Health and beauty,Personal Care,Aichun Beauty Essential Oil,1049.74,47.61,1,1097.35,Delivered,4,,66,10
2018-02-09,4853,2018-02-22,989,Oti,East,Shipped from Abroad,Electronics,Home Theatre,Sony 5.1 Home Theatre,843.69,9.28,2,1696.66,Returned,2,Changed Mind,61,13
2020-10-30,4854,2020-11-15,260,Western,West,Shipped from Abroad,Fashion,Accessories,Polarized Sunglasses,1221.27,11.93,4,4897.01,Delivered,4,,49,16
2017-01-01,4855,2017-01-10,207,Western,West,Shipped from Abroad,Fashion,Shoes,Adidas Ultraboost,308.91,5.84,3,932.57,Returned,1,Defective,37,9
2015-12-13,4856,2015-12-16,384,Volta,South,Express,Electronics,Digital Cameras,Sony Alpha a6000,1166.46,8.95,1,1175.41,Delivered,3,,68,3
2019-11-12,4857,2019-11-20,794,Ashanti,West,Express,Phones and Tablet,Mobile phones,iPhone 12,1248.75,12.35,2,2509.85,Returned,2,Not as expected,31,8
2020-05-29,4858,2020-06-18,278,Oti,West,Standard Delivery,Electronics,Home Theatre,LG Soundbar,778.45,25.98,2,1582.88,Returned,2,Arrived Late,64,20
2019-06-12,4859,2019-06-17,586,Weija,North,Express,Fashion,Shoes,Adidas Ultraboost,1292.86,11.3,1,1304.16,Delivered,1,,45,5
2017-03-09,4860,2017-03-24,888,Weija,North,Shipped from Abroad,Fashion,Shoes,Adidas Ultraboost,1385.51,42.58,2,2813.6,Delivered,3,,36,15
2015-08-16,4861,2015-08-30,361,Western,Central,Shipped from Abroad,Fashion,Accessories,Leather Wallet,901.08,26.0,4,3630.32,Returned,1,Defective,65,14
2019-09-21,4862,2019-10-02,236,Volta,East,Express,Fashion,Accessories,Leather Wallet,1341.01,44.43,4,5408.47,Delivered,5,,32,11
2018-12-23,4863,2019-01-10,639,Upper East,Central,Express,Home and Office,Furniture,Ergonomic Office Chair,713.45,36.98,1,750.43,Delivered,1,,22,18
2019-02-17,4864,2019-02-20,739,Ashanti,Central,Express,Health and beauty,Makeup,MAC Lipstick,1479.25,49.77,5,7446.02,Returned,2,Changed Mind,55,3
2015-02-16,4865,2015-03-01,949,Weija,Central,Standard Delivery,Health and beauty,Makeup,Maybelline Foundation,253.36,15.85,3,775.93,Delivered,2,,33,13
2017-04-10,4866,2017-04-21,85,Upper East,West,Standard Delivery,Fashion,Shoes,Nike Air Max,1444.32,49.39,3,4382.35,Returned,2,Arrived Late,29,11
2019-11-17,4867,2019-11-21,961,Oti,East,Shipped from Abroad,Phones and Tablet,Mobile phones,iPhone 12,1349.11,10.14,5,6755.69,Delivered,3,,20,4
2018-05-04,4868,2018-05-16,386,Upper East,South,Express,Health and beauty,Makeup,Maybelline Foundation,1204.46,7.67,4,4825.51,Delivered,4,,40,12
2020-08-03,4869,2020-08-05,187,Greater Accra,South,Standard Delivery,Home and Office,Furniture,Ergonomic Office Chair,867.1,14.5,5,4350.0,Delivered,2,,47,2
2018-08-31,4870,2018-09-03,705,Oti,East,Shipped from Abroad,Health and beauty,Personal Care,Aichun Beauty Essential Oil,780.96,17.43,3,2360.31,Delivered,2,,39,3
2017-08-26,4871,2017-09-07,593,Greater Accra,Central,Express,Health and beauty,Makeup,MAC Lipstick,1237.79,34.6,4,4985.76,Delivered,3,,28,12
2017-11-23,4872,2017-12-04,840,Oti,North,Express,Electronics,Digital Cameras,Nikon D3500,334.71,5.26,2,674.68,Delivered,4,,41,11
2015-02-01,4873,2015-02-06,267,Volta,South,Standard Delivery,Health and beauty,Personal Care,Aichun Beauty Essential Oil,928.04,23.79,5,4663.99,Delivered,5,,36,5
2017-02-12,4874,2017-02-15,68,Volta,South,Express,Phones and Tablet,Mobile phones,iPhone 12,379.35,28.98,3,1167.03,Delivered,1,,23,3
2015-08-17,4875,2015-09-03,645,Volta,North,Express,Home and Office,Stationery,Parker Pen,579.18,10.27,3,1747.81,Returned,2,Defective,51,17
2019-02-04,4876,2019-02-16,571,Weija,East,Express,Phones and Tablet,Mobile phones,Infinix Smart HD X612,169.03,20.3,3,527.39,Returned,1,Defective,22,12
2018-03-04,4877,2018-03-15,430,Oti,North,Standard Delivery,Fashion,Shoes,Nike Air Max,814.29,39.26,4,3296.42,Delivered,5,,53,11
2016-05-02,4878,2016-05-13,24,Ashanti,North,Express,Home and Office,Furniture,Ergonomic Office Chair,351.28,40.3,2,742.86,Delivered,4,,51,11
2019-12-02,4879,2019-12-09,245,Oti,West,Express,Home and Office,Stationery,Parker Pen,800.05,6.81,4,3207.01,Delivered,5,,22,7
2016-02-21,4880,2016-03-02,999,Ashanti,Central,Shipped from Abroad,Home and Office,Stationery,Parker Pen,691.69,32.53,4,2799.29,Delivered,3,,68,10
2015-06-01,4881,2015-06-18,394,Western,Central,Express,Fashion,Clothing,Men's Denim Jacket,1294.15,14.78,3,3897.23,Delivered,1,,52,17
2018-05-24,4882,2018-06-09,640,Weija,Central,Shipped from Abroad,Home and Office,Stationery,Parker Pen,791.19,5.32,1,796.51,Delivered,5,,54,16
2017-10-11,4883,2017-10-30,11,Upper East,East,Shipped from Abroad,Electronics,Home Theatre,Sony 5.1 Home Theatre,902.98,7.32,1,910.3,Delivered,2,,37,19
2016-10-25,4884,2016-11-12,795,Volta,East,Express,Phones and Tablet,Mobile phones,iPhone 12,1114.49,33.1,2,2262.08,Delivered,4,,62,18
2015-03-01,4885,2015-03-07,163,Greater Accra,South,Shipped from Abroad,Electronics,Smartwatches,Samsung Galaxy Watch 3,603.04,38.23,4,2450.39,Cancelled,2,Changed Mind,44,6
2015-05-27,4886,2015-06-03,483,Western,West,Standard Delivery,Home and Office,Furniture,8 Cubes Plastic Wardrobe,1130.36,11.95,5,5663.75,Returned,2,Changed Mind,29,7
2018-12-17,4887,2018-12-20,231,Greater Accra,East,Standard Delivery,Fashion,Clothing,100% Cotton 4 Piece T-Shirts,1021.39,49.01,5,5155.96,Delivered,1,,43,3
2016-12-08,4888,2016-12-10,193,Oti,Central,Express,Phones and Tablet,Mobile phones,Samsung Galaxy A02,183.98,41.53,1,225.51,Delivered,3,,54,2
2016-01-13,4889,2016-01-23,678,Western,South,Express,Phones and Tablet,Tablets,Amazon Fire HD 8 Kids Tablet,123.9,42.67,2,290.47,Delivered,5,,36,10
2019-04-21,4890,2019-04-23,982,Greater Accra,North,Shipped from Abroad,Home and Office,Furniture,Ergonomic Office Chair,1274.6,20.47,5,6393.47,Delivered,4,,30,2
2020-06-02,4891,2020-06-16,593,Oti,West,Standard Delivery,Electronics,Digital Cameras,Nikon D3500,87.62,36.39,3,299.25,Returned,2,Defective,28,14
2020-02-26,4892,2020-03-06,374,Volta,West,Express,Home and Office,Stationery,Moleskine Notebook,1149.15,15.04,2,2313.34,Delivered,2,,62,9
2015-05-23,4893,2015-06-01,388,Greater Accra,West,Express,Home and Office,Furniture,Ergonomic Office Chair,1103.42,41.83,4,4455.51,Delivered,4,,18,9
2019-06-29,4894,2019-07-13,737,Western,East,Shipped from Abroad,Phones and Tablet,Mobile phones,iPhone 12,216.88,41.92,5,1126.32,Delivered,3,,33,14
2017-10-08,4895,2017-10-12,653,Western,West,Express,Phones and Tablet,Mobile phones,iPhone 12,1012.49,25.3,4,4075.26,Delivered,4,,28,4
2020-03-27,4896,2020-04-07,930,Ashanti,East,Standard Delivery,Health and beauty,Makeup,MAC Lipstick,834.37,43.87,5,4215.72,Returned,1,Defective,25,11
2019-04-27,4897,2019-04-29,226,Ashanti,East,Express,Phones and Tablet,Tablets,Amazon Fire HD 8 Kids Tablet,1012.35,12.78,3,3049.83,Returned,2,Changed Mind,23,2
2015-03-25,4898,2015-03-27,872,Greater Accra,North,Shipped from Abroad,Fashion,Shoes,Nike Air Max,1165.93,39.23,1,1205.16,Returned,2,Arrived Late,56,2
2016-02-15,4899,2016-03-01,130,Western,West,Standard Delivery,Phones and Tablet,Mobile phones,Infinix Smart HD X612,1160.96,40.2,4,4684.04,Delivered,5,,53,15
2020-10-09,4900,2020-10-23,6,Greater Accra,East,Shipped from Abroad,Home and Office,Stationery,Moleskine Notebook,1405.58,5.49,1,1411.07,Delivered,4,,51,14
2015-11-01,4901,2015-11-04,324,Weija,East,Shipped from Abroad,Electronics,Digital Cameras,Canon EOS 600D 18MP CMOS DSLR,547.58,25.9,4,2216.22,Delivered,4,,34,3
2017-05-23,4902,2017-06-05,270,Oti,North,Standard Delivery,Home and Office,Stationery,Parker Pen,896.56,44.92,1,941.48,Returned,1,Defective,69,13
2017-03-06,4903,2017-03-19,894,Western,South,Standard Delivery,Health and beauty,Personal Care,Avon Soft Musk Spray,134.88,17.13,5,691.53,Delivered,5,,21,13
2018-04-06,4904,2018-04-25,555,Ashanti,South,Standard Delivery,Electronics,Home Theatre,Sony 5.1 Home Theatre,423.23,33.39,1,456.62,Cancelled,1,Defective,47,19
2019-03-20,4905,2019-03-27,274,Western,Central,Standard Delivery,Electronics,Home Theatre,Sony 5.1 Home Theatre,1389.91,28.06,4,5587.7,Delivered,2,,27,7
2020-07-31,4906,2020-08-10,129,Western,East,Express,Electronics,Home Theatre,Sony 5.1 Home Theatre,925.61,31.16,4,3733.6,Delivered,4,,55,10
2018-12-09,4907,2018-12-17,87,Weija,North,Standard Delivery,Electronics,Digital Cameras,Canon EOS 600D 18MP CMOS DSLR,553.67,10.58,2,1117.92,Returned,1,Arrived Late,37,8
2016-03-22,4908,2016-04-11,294,Upper East,East,Shipped from Abroad,Fashion,Shoes,Nike Air Max,738.95,26.55,5,3721.3,Delivered,1,,46,20
2015-11-08,4909,2015-11-26,352,Oti,North,Express,Health and beauty,Makeup,MAC Lipstick,1332.73,36.86,2,2702.32,Delivered,2,,40,18
2017-08-20,4910,2017-08-27,455,Upper East,West,Standard Delivery,Phones and Tablet,Mobile phones,Infinix Smart HD X612,243.44,14.32,1,257.76,Returned,1,Not as expected,37,7
2019-12-31,4911,2020-01-14,69,Volta,West,Standard Delivery,Phones and Tablet,Mobile phones,iPhone 12,830.82,29.48,5,4183.58,Delivered,1,,70,14
2017-04-23,4912,2017-05-10,696,Greater Accra,East,Standard Delivery,Health and beauty,Makeup,Maybelline Foundation,682.05,12.52,2,1376.62,Delivered,3,,21,17
2015-08-25,4913,2015-09-08,150,Weija,West,Standard Delivery,Fashion,Shoes,Nike Air Max,304.54,21.33,1,325.87,Delivered,2,,54,14
2019-11-08,4914,2019-11-13,216,Upper East,South,Express,Health and beauty,Makeup,MAC Lipstick,789.94,19.55,3,2389.37,Delivered,5,,66,5
2018-04-22,4915,2018-05-12,437,Weija,South,Express,Home and Office,Stationery,Moleskine Notebook,130.17,23.08,1,153.25,Delivered,4,,51,20
2016-08-29,4916,2016-09-13,254,Upper East,East,Express,Health and beauty,Makeup,MAC Lipstick,1324.58,47.18,2,2696.34,Cancelled,2,Changed Mind,22,15
2018-11-22,4917,2018-11-30,786,Ashanti,East,Standard Delivery,Fashion,Accessories,Polarized Sunglasses,1017.24,18.78,3,3070.5,Returned,2,Not as expected,26,8
2018-06-23,4918,2018-06-26,926,Volta,East,Standard Delivery,Home and Office,Stationery,Parker Pen,35.88,47.49,3,155.13,Cancelled,1,Changed Mind,32,3
2016-03-06,4919,2016-03-12,484,Weija,East,Shipped from Abroad,Fashion,Clothing,100% Cotton 4 Piece T-Shirts,671.64,24.49,2,1367.77,Delivered,1,,36,6
2020-06-24,4920,2020-07-10,906,Volta,Central,Standard Delivery,Health and beauty,Personal Care,Avon Soft Musk Spray,790.96,21.83,5,3976.63,Returned,2,Changed Mind,53,16
2016-08-07,4921,2016-08-19,72,Ashanti,East,Shipped from Abroad,Home and Office,Furniture,Ergonomic Office Chair,1307.01,31.0,3,3952.03,Delivered,3,,49,12
2019-09-29,4922,2019-10-07,562,Volta,South,Standard Delivery,Electronics,Digital Cameras,Sony Alpha a6000,441.87,16.55,2,900.29,Returned,2,Defective,70,8
2017-06-07,4923,2017-06-27,817,Oti,North,Standard Delivery,Electronics,Digital Cameras,Sony Alpha a6000,1316.19,43.97,2,2676.35,Delivered,3,,40,20
2015-01-10,4924,2015-01-22,758,Ashanti,Central,Shipped from Abroad,Home and Office,Stationery,Moleskine Notebook,188.29,6.24,3,571.11,Delivered,3,,59,12
2020-03-20,4925,2020-04-05,364,Upper East,West,Express,Electronics,Digital Cameras,Canon EOS 600D 18MP CMOS DSLR,472.24,21.71,5,2382.91,Delivered,4,,54,16
2018-12-03,4926,2018-12-07,649,Ashanti,South,Standard Delivery,Health and beauty,Makeup,Maybelline Foundation,356.51,18.47,5,1801.02,Delivered,4,,24,4
2019-10-26,4927,2019-11-12,405,Western,East,Standard Delivery,Fashion,Shoes,Nike Air Max,1389.24,7.88,3,4175.6,Delivered,2,,42,17
2017-12-19,4928,2017-12-27,192,Greater Accra,West,Standard Delivery,Home and Office,Furniture,8 Cubes Plastic Wardrobe,977.8,12.87,5,4901.87,Delivered,2,,33,8
2018-07-13,4929,2018-07-27,102,Greater Accra,North,Shipped from Abroad,Home and Office,Stationery,Parker Pen,881.24,27.4,2,1789.88,Delivered,3,,49,14
2020-02-27,4930,2020-03-16,20,Weija,Central,Standard Delivery,Electronics,Digital Cameras,Canon EOS 600D 18MP CMOS DSLR,422.09,42.76,5,2153.21,Returned,1,Changed Mind,38,18
2016-09-18,4931,2016-09-25,410,Oti,Central,Standard Delivery,Home and Office,Stationery,Moleskine Notebook,1404.75,41.81,1,1446.56,Delivered,1,,24,7
2019-09-30,4932,2019-10-15,555,Ashanti,South,Express,Fashion,Shoes,Adidas Ultraboost,1026.09,47.65,2,2099.83,Delivered,2,,47,15
2019-04-08,4933,2019-04-22,591,Ashanti,West,Shipped from Abroad,Phones and Tablet,Tablets,iPad Air 4th Gen,101.38,16.43,2,219.19,Delivered,2,,24,14
2019-06-30,4934,2019-07-16,780,Western,South,Shipped from Abroad,Fashion,Accessories,Leather Wallet,576.26,48.67,4,2353.71,Returned,1,Changed Mind,24,16
2018-06-06,4935,2018-06-22,975,Western,Central,Shipped from Abroad,Home and Office,Furniture,Ergonomic Office Chair,107.56,40.7,2,255.82,Delivered,2,,24,16
2019-05-12,4936,2019-06-01,119,Volta,Central,Express,Home and Office,Stationery,Parker Pen,745.99,23.73,2,1515.71,Delivered,1,,21,20
2017-07-21,4937,2017-07-27,511,Volta,East,Express,Home and Office,Stationery,Parker Pen,634.17,47.04,1,681.21,Delivered,2,,46,6
2017-09-08,4938,2017-09-22,515,Ashanti,North,Standard Delivery,Health and beauty,Makeup,MAC Lipstick,1187.08,21.08,1,1208.16,Returned,2,Defective,66,14
2019-12-03,4939,2019-12-18,187,Volta,West,Express,Fashion,Shoes,Nike Air Max,36.55,43.78,1,80.33,Delivered,5,,47,15
2019-05-06,4940,2019-05-14,862,Greater Accra,North,Express,Health and beauty,Personal Care,Aichun Beauty Essential Oil,656.81,19.25,2,1332.87,Delivered,3,,32,8
2016-09-11,4941,2016-09-23,759,Greater Accra,South,Express,Fashion,Shoes,Adidas Ultraboost,679.42,45.34,2,1404.18,Returned,1,Defective,30,12
2019-06-13,4942,2019-06-20,320,Volta,North,Shipped from Abroad,Fashion,Shoes,Nike Air Max,78.16,39.95,4,352.59,Delivered,4,,59,7
2017-04-25,4943,2017-05-12,22,Volta,Central,Standard Delivery,Fashion,Accessories,Polarized Sunglasses,1298.21,47.35,3,3941.98,Delivered,3,,25,17
2019-08-30,4944,2019-09-12,1,Ashanti,Central,Express,Home and Office,Stationery,Moleskine Notebook,927.48,31.2,4,3741.12,Delivered,4,,27,13
2018-02-03,4945,2018-02-06,297,Weija,East,Express,Fashion,Accessories,Polarized Sunglasses,894.54,18.76,4,3596.92,Returned,1,Not as expected,47,3
2017-08-11,4946,2017-08-25,391,Volta,South,Shipped from Abroad,Fashion,Accessories,Polarized Sunglasses,1133.72,28.07,4,4562.95,Delivered,3,,27,14
2017-03-19,4947,2017-04-06,845,Greater Accra,East,Standard Delivery,Health and beauty,Makeup,MAC Lipstick,760.84,7.73,4,3051.09,Delivered,2,,23,18
2020-11-07,4948,2020-11-13,926,Greater Accra,West,Shipped from Abroad,Fashion,Clothing,Men's Denim Jacket,1467.3,23.45,3,4425.35,Cancelled,1,Defective,32,6
2017-04-25,4949,2017-05-05,20,Volta,East,Shipped from Abroad,Electronics,Home Theatre,Sony 5.1 Home Theatre,1347.37,6.82,3,4048.93,Delivered,1,,38,10
2019-05-08,4950,2019-05-25,391,Western,West,Standard Delivery,Fashion,Clothing,100% Cotton 4 Piece T-Shirts,1204.58,15.52,1,1220.1,Returned,1,Arrived Late,27,17
2017-12-05,4951,2017-12-07,985,Weija,North,Express,Phones and Tablet,Mobile phones,Infinix Smart HD X612,391.38,11.44,4,1576.96,Cancelled,2,Changed Mind,27,2
2016-10-21,4952,2016-10-29,435,Oti,East,Shipped from Abroad,Phones and Tablet,Tablets,Amazon Fire HD 8 Kids Tablet,1215.42,41.37,2,2472.21,Returned,1,Changed Mind,59,8
2020-03-06,4953,2020-03-19,483,Ashanti,Central,Express,Phones and Tablet,Tablets,iPad Air 4th Gen,807.24,23.29,4,3252.25,Delivered,2,,29,13
2020-03-08,4954,2020-03-28,590,Ashanti,North,Express,Home and Office,Furniture,Ergonomic Office Chair,1404.36,36.55,2,2845.27,Returned,2,Defective,37,20
2020-01-04,4955,2020-01-14,869,Weija,West,Shipped from Abroad,Phones and Tablet,Tablets,iPad Air 4th Gen,250.45,28.74,2,529.64,Cancelled,1,Defective,57,10
2015-10-13,4956,2015-10-24,126,Ashanti,North,Express,Electronics,Home Theatre,Sony 5.1 Home Theatre,526.89,39.96,2,1093.74,Returned,2,Arrived Late,55,11
2015-08-16,4957,2015-08-19,800,Volta,North,Standard Delivery,Health and beauty,Personal Care,Avon Soft Musk Spray,592.6,32.79,3,1810.59,Returned,2,Defective,30,3
2020-01-08,4958,2020-01-17,935,Ashanti,West,Standard Delivery,Electronics,Digital Cameras,Canon EOS 600D 18MP CMOS DSLR,1210.88,10.45,2,2432.21,Delivered,1,,47,9
2017-07-05,4959,2017-07-21,260,Upper East,East,Standard Delivery,Electronics,Smartwatches,Samsung Galaxy Watch 3,250.82,10.65,1,261.47,Returned,1,Arrived Late,49,16
2017-12-06,4960,2017-12-22,360,Volta,North,Express,Health and beauty,Personal Care,Avon Soft Musk Spray,1247.83,46.58,4,5037.9,Delivered,3,,31,16
2017-12-09,4961,2017-12-20,934,Weija,Central,Express,Health and beauty,Personal Care,Aichun Beauty Essential Oil,1391.32,28.77,4,5594.05,Delivered,5,,44,11
2019-06-19,4962,2019-06-30,904,Volta,South,Express,Health and beauty,Personal Care,Aichun Beauty Essential Oil,63.71,21.74,1,85.45,Returned,1,Changed Mind,41,11
2020-04-01,4963,2020-04-16,640,Oti,East,Shipped from Abroad,Fashion,Accessories,Polarized Sunglasses,784.31,33.15,2,1601.77,Cancelled,2,Not as expected,54,15
2015-07-27,4964,2015-08-15,237,Western,West,Standard Delivery,Home and Office,Stationery,Parker Pen,426.45,25.29,4,1731.09,Delivered,2,,58,19
2016-02-27,4965,2016-03-07,283,Oti,South,Standard Delivery,Health and beauty,Personal Care,Avon Soft Musk Spray,521.12,13.73,5,2619.33,Returned,2,Arrived Late,61,9
2020-04-13,4966,2020-04-22,244,Upper East,Central,Standard Delivery,Fashion,Clothing,100% Cotton 4 Piece T-Shirts,1360.01,24.36,5,6824.41,Delivered,3,,30,9
2015-08-31,4967,2015-09-02,55,Western,North,Standard Delivery,Health and beauty,Makeup,Maybelline Foundation,1016.14,12.9,4,4077.46,Returned,2,Not as expected,62,2
2020-01-08,4968,2020-01-12,900,Upper East,North,Shipped from Abroad,Health and beauty,Makeup,MAC Lipstick,334.69,9.57,4,1348.33,Delivered,2,,46,4
2020-04-03,4969,2020-04-11,428,Ashanti,South,Shipped from Abroad,Health and beauty,Personal Care,Aichun Beauty Essential Oil,754.39,25.66,5,3797.61,Delivered,5,,26,8
2015-03-18,4970,2015-03-27,992,Upper East,North,Express,Home and Office,Stationery,Moleskine Notebook,270.13,48.05,2,588.31,Delivered,3,,53,9
2018-06-08,4971,2018-06-27,541,Greater Accra,West,Standard Delivery,Fashion,Shoes,Adidas Ultraboost,1053.45,24.8,1,1078.25,Delivered,5,,29,19
2016-09-20,4972,2016-10-05,351,Volta,East,Standard Delivery,Electronics,Smartwatches,Samsung Galaxy Watch 3,921.93,46.12,5,4655.77,Delivered,1,,66,15
2018-10-03,4973,2018-10-16,638,Greater Accra,South,Express,Home and Office,Stationery,Parker Pen,623.58,8.35,3,1879.09,Delivered,1,,37,13
2018-08-11,4974,2018-08-16,166,Volta,South,Express,Fashion,Accessories,Leather Wallet,1259.35,32.7,2,2551.4,Returned,2,Not as expected,36,5
2018-04-02,4975,2018-04-07,39,Western,South,Standard Delivery,Phones and Tablet,Mobile phones,iPhone 12,757.92,45.0,2,1560.84,Delivered,2,,62,5
2019-10-31,4976,2019-11-06,993,Ashanti,South,Express,Fashion,Accessories,Leather Wallet,887.49,45.74,4,3595.7,Delivered,1,,64,6
2019-10-21,4977,2019-10-28,676,Oti,South,Express,Home and Office,Stationery,Parker Pen,938.95,29.39,2,1907.29,Returned,1,Not as expected,45,7
2017-04-17,4978,2017-04-26,983,Greater Accra,North,Shipped from Abroad,Fashion,Shoes,Adidas Ultraboost,1146.96,6.08,4,4593.92,Cancelled,1,Not as expected,46,9
2018-12-19,4979,2018-12-26,641,Western,North,Shipped from Abroad,Home and Office,Stationery,Parker Pen,1429.93,44.65,2,2904.51,Delivered,3,,41,7
2015-11-28,4980,2015-12-04,606,Oti,South,Express,Home and Office,Stationery,Moleskine Notebook,1141.36,11.86,4,4577.3,Returned,2,Arrived Late,39,6
2017-09-25,4981,2017-09-28,151,Weija,West,Express,Home and Office,Stationery,Moleskine Notebook,245.43,11.93,1,257.36,Delivered,3,,30,3
2019-02-28,4982,2019-03-12,965,Upper East,Central,Standard Delivery,Health and beauty,Makeup,Maybelline Foundation,705.82,5.13,4,2828.41,Delivered,4,,50,12
2018-09-15,4983,2018-09-17,721,Oti,South,Express,Electronics,Digital Cameras,Nikon D3500,1276.66,42.7,2,2596.02,Delivered,1,,57,2
2015-11-18,4984,2015-11-21,756,Ashanti,East,Standard Delivery,Fashion,Shoes,Nike Air Max,1428.4,45.82,2,2902.62,Delivered,4,,45,3
2017-12-16,4985,2017-12-19,113,Greater Accra,North,Express,Electronics,Smartwatches,Apple Watch Series 6,696.45,11.66,4,2797.46,Delivered,5,,23,3
2018-07-27,4986,2018-08-02,567,Upper East,North,Shipped from Abroad,Phones and Tablet,Tablets,iPad Air 4th Gen,225.8,41.39,2,492.99,Delivered,5,,41,6
2017-11-15,4987,2017-12-01,733,Oti,Central,Express,Fashion,Accessories,Leather Wallet,136.28,36.61,1,172.89,Delivered,2,,48,16
2019-11-10,4988,2019-11-16,5,Ashanti,South,Standard Delivery,Electronics,Digital Cameras,Nikon D3500,1003.16,35.56,3,3045.04,Delivered,4,,42,6
2018-10-26,4989,2018-10-28,958,Weija,Central,Standard Delivery,Phones and Tablet,Mobile phones,Infinix Smart HD X612,618.1,38.28,4,2510.68,Delivered,2,,45,2
2019-01-02,4990,2019-01-06,747,Western,West,Standard Delivery,Health and beauty,Makeup,MAC Lipstick,1028.17,16.98,4,4129.66,Delivered,1,,54,4
2020-05-30,4991,2020-06-18,378,Upper East,North,Express,Fashion,Accessories,Polarized Sunglasses,271.88,41.16,2,584.92,Returned,2,Arrived Late,44,19
2019-07-06,4992,2019-07-17,828,Oti,East,Standard Delivery,Electronics,Smartwatches,Samsung Galaxy Watch 3,992.43,38.42,1,1030.85,Delivered,4,,62,11
2016-06-06,4993,2016-06-18,553,Oti,West,Shipped from Abroad,Electronics,Digital Cameras,Canon EOS 600D 18MP CMOS DSLR,710.44,24.87,1,735.31,Returned,2,Not as expected,59,12
2015-02-18,4994,2015-03-02,444,Western,Central,Shipped from Abroad,Fashion,Shoes,Nike Air Max,831.86,32.26,5,4191.56,Returned,1,Changed Mind,65,12
2018-06-30,4995,2018-07-02,516,Ashanti,North,Shipped from Abroad,Home and Office,Stationery,Moleskine Notebook,1466.61,36.47,5,7369.52,Delivered,1,,20,2
2018-06-06,4996,2018-06-26,825,Greater Accra,East,Shipped from Abroad,Fashion,Clothing,100% Cotton 4 Piece T-Shirts,470.66,35.35,5,2388.65,Returned,1,Arrived Late,30,20
2018-12-08,4997,2018-12-15,919,Oti,North,Shipped from Abroad,Home and Office,Stationery,Moleskine Notebook,67.59,38.13,4,308.49,Delivered,4,,59,7
2019-01-23,4998,2019-01-28,772,Ashanti,South,Shipped from Abroad,Home and Office,Furniture,8 Cubes Plastic Wardrobe,942.08,37.06,3,2863.3,Delivered,3,,66,5
2020-12-06,4999,2020-12-08,819,Western,South,Shipped from Abroad,Fashion,Accessories,Leather Wallet,758.6,22.07,5,3815.07,Returned,1,Arrived Late,63,2
2017-07-02,5000,2017-07-11,727,Ashanti,West,Standard Delivery,Fashion,Clothing,100% Cotton 4 Piece T-Shirts,214.23,20.25,2,448.71,Delivered,3,,44,9
